Row ID,Order ID,Order Date,Ship Date,Ship Mode,Customer ID,Customer Name,Segment,Country,City,State,Postal Code,Region,Product ID,Category,Sub-Category,Product Name,Sales,Quantity,Discount,Profit
1,US-2021-100001,05/06/2021,05/11/2021,Standard Class,CU-10075,Customer 146,Corporate,United States,Massachusetts,Massachusetts,93407,East,TEC-MAC-8033,Technology,Machines,Machines model 193,2864.06,2,0.0,149.06
2,US-2021-100002,05/15/2021,05/19/2021,First Class,CU-10051,Customer 542,Corporate,United States,Nevada,Nevada,80053,West,OFF-STO-7838,Office Supplies,Storage,Storage model 59,749.55,8,0.1,242.39
3,US-2023-100003,12/22/2023,12/27/2023,Standard Class,CU-10595,Customer 549,Corporate,United States,Washington,Washington,52812,West,FUR-BOO-3971,Furniture,Bookcases,Bookcases model 68,7615.91,9,0.1,2355.95
4,US-2023-100004,07/09/2023,07/14/2023,Standard Class,CU-10249,Customer 666,Home Office,United States,Michigan,Michigan,27991,Central,TEC-MAC-8243,Technology,Machines,Machines model 3,746.46,1,0.0,231.94
5,US-2022-100005,02/09/2022,02/15/2022,Standard Class,CU-10367,Customer 63,Home Office,United States,Alabama,Alabama,78849,South,OFF-ART-6170,Office Supplies,Art,Art model 190,144.8,6,0.15,38.41
6,US-2023-100006,05/31/2023,06/01/2023,Standard Class,CU-10349,Customer 734,Consumer,United States,Michigan,Michigan,36423,Central,OFF-STO-4908,Office Supplies,Storage,Storage model 198,256.95,4,0.0,10.81
7,US-2022-100007,08/21/2022,08/24/2022,Standard Class,CU-10651,Customer 720,Corporate,United States,New Jersey,New Jersey,55093,East,OFF-ART-9441,Office Supplies,Art,Art model 46,31.18,4,0.2,5.4
8,US-2021-100008,12/15/2021,12/18/2021,Second Class,CU-10504,Customer 365,Corporate,United States,Oregon,Oregon,33928,West,OFF-STO-7877,Office Supplies,Storage,Storage model 290,109.09,7,0.4,8.72
9,US-2023-100009,12/12/2023,12/14/2023,Standard Class,CU-10077,Customer 370,Consumer,United States,Nevada,Nevada,87094,West,OFF-ART-1175,Office Supplies,Art,Art model 227,71.09,1,0.0,15.33
10,US-2021-100010,07/24/2021,07/29/2021,Standard Class,CU-10519,Customer 542,Corporate,United States,Oregon,Oregon,19306,West,OFF-STO-2576,Office Supplies,Storage,Storage model 176,63.33,1,0.1,16.8
11,US-2022-100011,10/15/2022,10/18/2022,Standard Class,CU-10472,Customer 536,Consumer,United States,Florida,Florida,54163,South,OFF-LAB-4970,Office Supplies,Labels,Labels model 281,812.11,6,0.2,183.31
12,US-2024-100012,10/24/2024,10/27/2024,Standard Class,CU-10416,Customer 252,Corporate,United States,New Jersey,New Jersey,19771,East,OFF-STO-6993,Office Supplies,Storage,Storage model 201,37.01,5,0.3,1.34
13,US-2024-100013,10/02/2024,10/08/2024,First Class,CU-10086,Customer 368,Consumer,United States,Pennsylvania,Pennsylvania,82741,East,OFF-ART-9667,Office Supplies,Art,Art model 95,109.96,3,0.15,48.3
14,US-2024-100014,08/15/2024,08/17/2024,Second Class,CU-10748,Customer 676,Corporate,United States,Massachusetts,Massachusetts,90170,East,OFF-PAP-3010,Office Supplies,Paper,Paper model 268,88.07,9,0.5,0.52
15,US-2022-100015,05/05/2022,05/10/2022,Standard Class,CU-10298,Customer 54,Corporate,United States,New Jersey,New Jersey,84799,East,TEC-MAC-9026,Technology,Machines,Machines model 46,1870.64,4,0.4,-346.49
16,US-2021-100016,03/07/2021,03/09/2021,Standard Class,CU-10248,Customer 223,Corporate,United States,Texas,Texas,21863,Central,TEC-ACC-1161,Technology,Accessories,Accessories model 203,2823.82,3,0.0,651.28
17,US-2024-100017,01/24/2024,01/29/2024,Standard Class,CU-10159,Customer 105,Consumer,United States,Florida,Florida,53972,South,OFF-STO-5574,Office Supplies,Storage,Storage model 199,434.94,4,0.0,46.7
18,US-2022-100018,12/30/2022,12/31/2022,Standard Class,CU-10444,Customer 145,Corporate,United States,Nevada,Nevada,93971,West,TEC-MAC-7644,Technology,Machines,Machines model 241,1870.46,6,0.1,968.19
19,US-2023-100019,08/27/2023,08/28/2023,Standard Class,CU-10663,Customer 741,Corporate,United States,Washington,Washington,48328,West,FUR-FUR-2023,Furniture,Furnishings,Furnishings model 195,2083.7,3,0.15,84.57
20,US-2022-100020,01/28/2022,01/30/2022,First Class,CU-10596,Customer 254,Consumer,United States,Alabama,Alabama,37929,South,OFF-STO-9309,Office Supplies,Storage,Storage model 44,174.18,9,0.15,29.83
21,US-2023-100021,04/24/2023,04/26/2023,Second Class,CU-10092,Customer 642,Corporate,United States,Alabama,Alabama,45426,South,OFF-BIN-8453,Office Supplies,Binders,Binders model 96,65.16,5,0.0,16.34
22,US-2023-100022,02/23/2023,02/24/2023,Standard Class,CU-10145,Customer 740,Home Office,United States,North Carolina,North Carolina,57137,South,TEC-COP-9041,Technology,Copiers,Copiers model 31,5153.22,5,0.1,131.62
23,US-2023-100023,10/04/2023,10/05/2023,Second Class,CU-10674,Customer 591,Consumer,United States,Massachusetts,Massachusetts,22109,East,TEC-PHO-8433,Technology,Phones,Phones model 161,10975.32,8,0.2,1183.91
24,US-2024-100024,02/19/2024,02/22/2024,Standard Class,CU-10511,Customer 404,Home Office,United States,Oregon,Oregon,42974,West,OFF-LAB-7631,Office Supplies,Labels,Labels model 98,171.56,7,0.1,68.47
25,US-2024-100025,03/03/2024,03/10/2024,First Class,CU-10733,Customer 442,Consumer,United States,Washington,Washington,57944,West,OFF-ART-7895,Office Supplies,Art,Art model 190,335.14,7,0.3,42.18
26,US-2023-100026,05/23/2023,05/28/2023,First Class,CU-10688,Customer 578,Consumer,United States,Pennsylvania,Pennsylvania,22366,East,FUR-TAB-9638,Furniture,Tables,Tables model 287,762.75,5,0.2,159.88
27,US-2024-100027,12/26/2024,01/01/2025,Standard Class,CU-10756,Customer 6,Corporate,United States,Massachusetts,Massachusetts,61518,East,TEC-ACC-5282,Technology,Accessories,Accessories model 140,2092.75,9,0.15,46.36
28,US-2023-100028,01/26/2023,01/30/2023,Standard Class,CU-10479,Customer 737,Home Office,United States,Michigan,Michigan,79688,Central,TEC-COP-2874,Technology,Copiers,Copiers model 201,844.25,3,0.0,198.61
29,US-2023-100029,07/16/2023,07/18/2023,Standard Class,CU-10291,Customer 102,Home Office,United States,Illinois,Illinois,75670,Central,OFF-LAB-2583,Office Supplies,Labels,Labels model 166,196.09,8,0.4,-27.21
30,US-2021-100030,07/24/2021,07/27/2021,Standard Class,CU-10789,Customer 382,Corporate,United States,Alabama,Alabama,62942,South,OFF-ART-1291,Office Supplies,Art,Art model 206,780.36,6,0.3,22.81
31,US-2022-100031,09/22/2022,09/25/2022,Same Day,CU-10366,Customer 35,Consumer,United States,Texas,Texas,89127,Central,TEC-MAC-7159,Technology,Machines,Machines model 85,14041.23,9,0.2,-1571.42
32,US-2021-100032,02/04/2021,02/09/2021,Second Class,CU-10520,Customer 646,Consumer,United States,Alabama,Alabama,27838,South,TEC-PHO-1131,Technology,Phones,Phones model 273,259.76,2,0.0,39.76
33,US-2021-100033,08/17/2021,08/18/2021,First Class,CU-10484,Customer 96,Home Office,United States,Oregon,Oregon,79488,West,FUR-BOO-8614,Furniture,Bookcases,Bookcases model 209,5850.08,8,0.0,1710.65
34,US-2021-100034,06/16/2021,06/17/2021,Standard Class,CU-10403,Customer 12,Corporate,United States,Alabama,Alabama,34368,South,FUR-BOO-1899,Furniture,Bookcases,Bookcases model 213,4783.87,7,0.0,-201.31
35,US-2021-100035,04/13/2021,04/18/2021,Same Day,CU-10033,Customer 473,Home Office,United States,Ohio,Ohio,51269,Central,FUR-TAB-5886,Furniture,Tables,Tables model 235,801.52,1,0.0,80.08
36,US-2021-100036,12/29/2021,01/05/2022,Standard Class,CU-10241,Customer 552,Home Office,United States,Oregon,Oregon,46362,West,FUR-TAB-9222,Furniture,Tables,Tables model 142,2381.78,5,0.4,184.6
37,US-2021-100037,05/17/2021,05/20/2021,Standard Class,CU-10342,Customer 481,Home Office,United States,New York,New York,38533,East,OFF-BIN-9283,Office Supplies,Binders,Binders model 11,564.66,6,0.1,-55.58
38,US-2021-100038,05/20/2021,05/25/2021,Standard Class,CU-10452,Customer 157,Corporate,United States,Washington,Washington,48827,West,OFF-STO-5766,Office Supplies,Storage,Storage model 188,395.81,4,0.0,51.1
39,US-2023-100039,03/27/2023,04/03/2023,Standard Class,CU-10736,Customer 33,Home Office,United States,Illinois,Illinois,20426,Central,OFF-STO-1503,Office Supplies,Storage,Storage model 22,160.88,2,0.0,8.41
40,US-2023-100040,04/06/2023,04/09/2023,Standard Class,CU-10138,Customer 567,Home Office,United States,Alabama,Alabama,23825,South,OFF-BIN-3154,Office Supplies,Binders,Binders model 180,512.74,5,0.3,-84.22
41,US-2021-100041,04/22/2021,04/29/2021,Standard Class,CU-10617,Customer 539,Corporate,United States,Texas,Texas,28814,Central,TEC-MAC-7807,Technology,Machines,Machines model 158,6272.5,5,0.1,971.75
42,US-2024-100042,09/05/2024,09/12/2024,Standard Class,CU-10444,Customer 668,Home Office,United States,California,California,77978,West,TEC-PHO-1371,Technology,Phones,Phones model 130,2824.55,9,0.1,207.94
43,US-2021-100043,12/23/2021,12/30/2021,Standard Class,CU-10035,Customer 215,Home Office,United States,Washington,Washington,31929,West,FUR-BOO-8564,Furniture,Bookcases,Bookcases model 253,2130.91,9,0.15,-509.58
44,US-2024-100044,03/05/2024,03/11/2024,Second Class,CU-10046,Customer 551,Corporate,United States,North Carolina,North Carolina,86680,South,OFF-ART-4328,Office Supplies,Art,Art model 151,454.44,6,0.3,65.2
45,US-2022-100045,07/15/2022,07/18/2022,Standard Class,CU-10399,Customer 6,Consumer,United States,Nevada,Nevada,40496,West,TEC-ACC-3847,Technology,Accessories,Accessories model 58,4179.69,6,0.3,282.85
46,US-2022-100046,09/06/2022,09/09/2022,Second Class,CU-10478,Customer 703,Corporate,United States,California,California,52975,West,OFF-LAB-9861,Office Supplies,Labels,Labels model 228,86.55,2,0.15,-8.5
47,US-2023-100047,06/30/2023,07/06/2023,Same Day,CU-10693,Customer 85,Corporate,United States,Ohio,Ohio,98611,Central,TEC-ACC-2385,Technology,Accessories,Accessories model 87,3996.45,5,0.15,620.72
48,US-2021-100048,01/07/2021,01/08/2021,Standard Class,CU-10032,Customer 59,Home Office,United States,North Carolina,North Carolina,81430,South,OFF-ART-6847,Office Supplies,Art,Art model 26,221.18,3,0.1,-27.92
49,US-2022-100049,10/11/2022,10/17/2022,Second Class,CU-10029,Customer 6,Corporate,United States,New Jersey,New Jersey,87890,East,TEC-COP-7658,Technology,Copiers,Copiers model 222,767.72,3,0.15,-71.83
50,US-2021-100050,05/29/2021,06/03/2021,First Class,CU-10686,Customer 488,Corporate,United States,Nevada,Nevada,70444,West,OFF-BIN-3291,Office Supplies,Binders,Binders model 72,238.86,3,0.0,23.88
51,US-2024-100051,08/10/2024,08/13/2024,Standard Class,CU-10472,Customer 359,Corporate,United States,Nevada,Nevada,74586,West,TEC-MAC-4823,Technology,Machines,Machines model 242,11234.15,7,0.0,2998.78
52,US-2023-100052,02/19/2023,02/20/2023,Standard Class,CU-10459,Customer 275,Corporate,United States,Ohio,Ohio,22092,Central,OFF-PAP-1927,Office Supplies,Paper,Paper model 110,206.86,2,0.1,16.84
53,US-2022-100053,03/17/2022,03/21/2022,Standard Class,CU-10507,Customer 277,Corporate,United States,New York,New York,90728,East,FUR-BOO-4476,Furniture,Bookcases,Bookcases model 71,2891.62,9,0.2,-102.26
54,US-2024-100054,12/07/2024,12/13/2024,First Class,CU-10472,Customer 1,Home Office,United States,Illinois,Illinois,35491,Central,OFF-LAB-1545,Office Supplies,Labels,Labels model 168,96.82,2,0.0,22.5
55,US-2024-100055,06/11/2024,06/15/2024,Standard Class,CU-10795,Customer 255,Corporate,United States,Nevada,Nevada,19170,West,OFF-ART-4843,Office Supplies,Art,Art model 196,1041.62,9,0.2,29.31
56,US-2021-100056,07/23/2021,07/24/2021,Standard Class,CU-10767,Customer 632,Home Office,United States,Nevada,Nevada,38130,West,OFF-STO-1427,Office Supplies,Storage,Storage model 16,98.61,9,0.0,4.21
57,US-2024-100057,08/03/2024,08/08/2024,First Class,CU-10165,Customer 130,Corporate,United States,Florida,Florida,10110,South,FUR-CHA-1999,Furniture,Chairs,Chairs model 152,1533.8,5,0.0,437.52
58,US-2023-100058,03/16/2023,03/22/2023,Standard Class,CU-10672,Customer 595,Consumer,United States,Washington,Washington,39765,West,OFF-PAP-3221,Office Supplies,Paper,Paper model 279,251.04,5,0.1,0.39
59,US-2021-100059,10/07/2021,10/09/2021,Standard Class,CU-10037,Customer 565,Corporate,United States,California,California,65812,West,OFF-STO-5279,Office Supplies,Storage,Storage model 73,829.38,6,0.0,249.69
60,US-2022-100060,12/23/2022,12/24/2022,First Class,CU-10682,Customer 445,Consumer,United States,New Jersey,New Jersey,50900,East,TEC-ACC-9713,Technology,Accessories,Accessories model 181,3847.8,3,0.3,237.48
61,US-2021-100061,08/05/2021,08/08/2021,Standard Class,CU-10639,Customer 588,Consumer,United States,Alabama,Alabama,41182,South,TEC-MAC-4449,Technology,Machines,Machines model 6,3960.62,5,0.0,1091.29
62,US-2022-100062,03/17/2022,03/23/2022,Standard Class,CU-10253,Customer 635,Corporate,United States,Texas,Texas,55655,Central,OFF-ART-2092,Office Supplies,Art,Art model 297,728.84,8,0.0,11.65
63,US-2023-100063,04/24/2023,04/29/2023,Standard Class,CU-10101,Customer 357,Home Office,United States,California,California,63510,West,TEC-PHO-2188,Technology,Phones,Phones model 89,3828.65,4,0.15,372.69
64,US-2021-100064,03/17/2021,03/22/2021,Second Class,CU-10185,Customer 426,Home Office,United States,Oregon,Oregon,75318,West,FUR-FUR-7867,Furniture,Furnishings,Furnishings model 170,1514.26,2,0.15,259.98
65,US-2024-100065,09/11/2024,09/15/2024,Standard Class,CU-10009,Customer 128,Home Office,United States,Nevada,Nevada,71431,West,OFF-LAB-5218,Office Supplies,Labels,Labels model 45,723.9,9,0.0,164.12
66,US-2024-100066,09/05/2024,09/12/2024,Standard Class,CU-10730,Customer 71,Consumer,United States,Nevada,Nevada,76753,West,FUR-BOO-6874,Furniture,Bookcases,Bookcases model 219,1886.36,9,0.3,121.93
67,US-2024-100067,02/11/2024,02/18/2024,Same Day,CU-10692,Customer 790,Home Office,United States,Ohio,Ohio,43942,Central,FUR-TAB-8244,Furniture,Tables,Tables model 216,4792.76,7,0.2,237.76
68,US-2022-100068,05/24/2022,05/29/2022,Standard Class,CU-10464,Customer 290,Corporate,United States,Alabama,Alabama,45469,South,OFF-PAP-7919,Office Supplies,Paper,Paper model 40,536.94,6,0.1,148.35
69,US-2021-100069,02/04/2021,02/11/2021,Standard Class,CU-10194,Customer 383,Consumer,United States,California,California,56980,West,OFF-ART-1513,Office Supplies,Art,Art model 141,799.81,7,0.0,243.67
70,US-2021-100070,05/12/2021,05/19/2021,First Class,CU-10522,Customer 618,Consumer,United States,Washington,Washington,91146,West,OFF-BIN-1946,Office Supplies,Binders,Binders model 295,63.15,3,0.0,10.39
71,US-2022-100071,08/22/2022,08/23/2022,Standard Class,CU-10243,Customer 65,Corporate,United States,Ohio,Ohio,32792,Central,FUR-FUR-5088,Furniture,Furnishings,Furnishings model 48,4469.09,9,0.15,162.41
72,US-2023-100072,12/17/2023,12/20/2023,Standard Class,CU-10297,Customer 186,Corporate,United States,Massachusetts,Massachusetts,90650,East,OFF-STO-7539,Office Supplies,Storage,Storage model 31,921.62,8,0.0,79.88
73,US-2023-100073,08/09/2023,08/12/2023,Standard Class,CU-10359,Customer 575,Consumer,United States,Washington,Washington,32356,West,FUR-FUR-3997,Furniture,Furnishings,Furnishings model 74,235.21,1,0.3,-19.86
74,US-2021-100074,01/05/2021,01/11/2021,Standard Class,CU-10414,Customer 146,Consumer,United States,California,California,95701,West,TEC-COP-1804,Technology,Copiers,Copiers model 145,2918.43,3,0.1,441.72
75,US-2024-100075,11/02/2024,11/04/2024,Standard Class,CU-10202,Customer 776,Consumer,United States,Alabama,Alabama,46040,South,OFF-BIN-5757,Office Supplies,Binders,Binders model 160,44.5,2,0.0,11.29
76,US-2024-100076,04/07/2024,04/13/2024,Second Class,CU-10375,Customer 526,Home Office,United States,Texas,Texas,66043,Central,TEC-COP-1486,Technology,Copiers,Copiers model 225,2668.74,4,0.0,1029.02
77,US-2023-100077,02/15/2023,02/19/2023,Standard Class,CU-10511,Customer 347,Home Office,United States,Ohio,Ohio,23709,Central,TEC-PHO-8087,Technology,Phones,Phones model 190,1689.43,3,0.0,538.34
78,US-2022-100078,08/28/2022,09/03/2022,Standard Class,CU-10368,Customer 72,Consumer,United States,Washington,Washington,71027,West,OFF-LAB-9874,Office Supplies,Labels,Labels model 253,566.45,7,0.4,-118.73
79,US-2023-100079,12/26/2023,01/01/2024,Second Class,CU-10793,Customer 315,Home Office,United States,Texas,Texas,46282,Central,TEC-MAC-9047,Technology,Machines,Machines model 168,1584.7,3,0.4,458.22
80,US-2022-100080,04/28/2022,05/01/2022,Second Class,CU-10517,Customer 105,Corporate,United States,New Jersey,New Jersey,68995,East,TEC-ACC-7596,Technology,Accessories,Accessories model 199,1673.77,2,0.0,386.69
81,US-2021-100081,08/26/2021,09/01/2021,Standard Class,CU-10688,Customer 224,Home Office,United States,California,California,70725,West,FUR-CHA-9228,Furniture,Chairs,Chairs model 273,2337.1,9,0.0,302.6
82,US-2024-100082,01/28/2024,02/04/2024,Second Class,CU-10488,Customer 435,Home Office,United States,Texas,Texas,12090,Central,OFF-STO-5852,Office Supplies,Storage,Storage model 120,488.04,6,0.5,5.08
83,US-2021-100083,09/15/2021,09/22/2021,Standard Class,CU-10683,Customer 322,Home Office,United States,Ohio,Ohio,92139,Central,OFF-ART-9589,Office Supplies,Art,Art model 277,641.45,8,0.15,3.63
84,US-2024-100084,12/26/2024,01/01/2025,Standard Class,CU-10610,Customer 369,Home Office,United States,Nevada,Nevada,62735,West,OFF-LAB-4262,Office Supplies,Labels,Labels model 123,203.95,3,0.15,37.05
85,US-2023-100085,04/14/2023,04/16/2023,Standard Class,CU-10006,Customer 92,Corporate,United States,California,California,45105,West,TEC-COP-5054,Technology,Copiers,Copiers model 299,6093.52,4,0.0,916.87
86,US-2022-100086,08/09/2022,08/14/2022,First Class,CU-10746,Customer 178,Home Office,United States,California,California,69710,West,OFF-BIN-5072,Office Supplies,Binders,Binders model 34,113.54,8,0.2,12.41
87,US-2023-100087,01/10/2023,01/14/2023,Standard Class,CU-10400,Customer 546,Corporate,United States,Ohio,Ohio,75505,Central,OFF-BIN-2064,Office Supplies,Binders,Binders model 293,254.08,3,0.5,-7.64
88,US-2021-100088,11/03/2021,11/04/2021,Standard Class,CU-10537,Customer 188,Consumer,United States,Washington,Washington,77393,West,OFF-STO-7429,Office Supplies,Storage,Storage model 240,433.82,4,0.3,110.86
89,US-2023-100089,04/13/2023,04/20/2023,Standard Class,CU-10076,Customer 680,Consumer,United States,Pennsylvania,Pennsylvania,79715,East,FUR-FUR-1889,Furniture,Furnishings,Furnishings model 11,1624.47,9,0.0,293.16
90,US-2021-100090,02/08/2021,02/10/2021,Second Class,CU-10688,Customer 470,Home Office,United States,Oregon,Oregon,33170,West,FUR-FUR-3945,Furniture,Furnishings,Furnishings model 225,749.66,1,0.0,116.39
91,US-2022-100091,03/28/2022,03/31/2022,Standard Class,CU-10175,Customer 35,Corporate,United States,New Jersey,New Jersey,84078,East,OFF-ART-1550,Office Supplies,Art,Art model 120,455.86,4,0.0,55.78
92,US-2021-100092,09/20/2021,09/24/2021,Second Class,CU-10314,Customer 757,Home Office,United States,Ohio,Ohio,36017,Central,OFF-BIN-3266,Office Supplies,Binders,Binders model 220,1318.15,9,0.0,2.56
93,US-2022-100093,06/26/2022,07/01/2022,Second Class,CU-10021,Customer 83,Home Office,United States,New Jersey,New Jersey,84394,East,TEC-ACC-4136,Technology,Accessories,Accessories model 168,4581.25,5,0.0,138.91
94,US-2021-100094,08/26/2021,08/29/2021,Second Class,CU-10451,Customer 622,Home Office,United States,Pennsylvania,Pennsylvania,25476,East,OFF-PAP-8557,Office Supplies,Paper,Paper model 267,72.91,5,0.0,9.67
95,US-2022-100095,11/25/2022,11/26/2022,Standard Class,CU-10172,Customer 83,Home Office,United States,Pennsylvania,Pennsylvania,48045,East,TEC-MAC-5692,Technology,Machines,Machines model 53,4995.15,4,0.0,106.19
96,US-2022-100096,05/17/2022,05/20/2022,First Class,CU-10044,Customer 559,Corporate,United States,New York,New York,18984,East,OFF-LAB-7777,Office Supplies,Labels,Labels model 33,130.19,3,0.0,19.8
97,US-2021-100097,10/18/2021,10/24/2021,Standard Class,CU-10603,Customer 374,Corporate,United States,New York,New York,95377,East,FUR-TAB-1777,Furniture,Tables,Tables model 173,6721.54,9,0.0,1738.14
98,US-2022-100098,04/22/2022,04/26/2022,Standard Class,CU-10394,Customer 173,Home Office,United States,Alabama,Alabama,27388,South,TEC-PHO-9835,Technology,Phones,Phones model 31,3646.87,5,0.15,452.17
99,US-2023-100099,09/01/2023,09/04/2023,Standard Class,CU-10345,Customer 775,Consumer,United States,Alabama,Alabama,61113,South,OFF-STO-4452,Office Supplies,Storage,Storage model 139,540.8,4,0.1,-50.79
100,US-2024-100100,11/17/2024,11/20/2024,Standard Class,CU-10302,Customer 606,Corporate,United States,Oregon,Oregon,77997,West,OFF-STO-5791,Office Supplies,Storage,Storage model 77,28.21,1,0.1,7.32
101,US-2021-100101,06/02/2021,06/07/2021,Standard Class,CU-10042,Customer 748,Home Office,United States,Ohio,Ohio,71237,Central,OFF-LAB-9219,Office Supplies,Labels,Labels model 169,532.12,9,0.15,65.72
102,US-2021-100102,12/16/2021,12/20/2021,Standard Class,CU-10372,Customer 46,Corporate,United States,New York,New York,34330,East,TEC-ACC-7047,Technology,Accessories,Accessories model 49,1180.87,2,0.3,425.73
103,US-2021-100103,12/18/2021,12/25/2021,First Class,CU-10770,Customer 404,Consumer,United States,Nevada,Nevada,53358,West,OFF-STO-3199,Office Supplies,Storage,Storage model 169,29.31,1,0.3,-7.41
104,US-2024-100104,09/27/2024,09/30/2024,First Class,CU-10334,Customer 52,Home Office,United States,Ohio,Ohio,12157,Central,OFF-ART-9459,Office Supplies,Art,Art model 156,240.48,2,0.0,63.68
105,US-2023-100105,07/04/2023,07/09/2023,Standard Class,CU-10301,Customer 459,Corporate,United States,Illinois,Illinois,26962,Central,FUR-TAB-5429,Furniture,Tables,Tables model 103,1117.26,2,0.1,-109.87
106,US-2021-100106,11/24/2021,11/30/2021,Standard Class,CU-10779,Customer 291,Corporate,United States,New York,New York,13230,East,OFF-LAB-2840,Office Supplies,Labels,Labels model 160,380.06,4,0.15,0.12
107,US-2021-100107,10/25/2021,10/30/2021,First Class,CU-10241,Customer 749,Corporate,United States,Nevada,Nevada,24018,West,FUR-FUR-7498,Furniture,Furnishings,Furnishings model 160,3719.81,5,0.3,419.94
108,US-2024-100108,03/03/2024,03/07/2024,Standard Class,CU-10050,Customer 539,Home Office,United States,Massachusetts,Massachusetts,88056,East,OFF-STO-2147,Office Supplies,Storage,Storage model 212,450.4,9,0.0,4.93
109,US-2022-100109,06/13/2022,06/20/2022,Second Class,CU-10101,Customer 611,Consumer,United States,Ohio,Ohio,53463,Central,TEC-COP-5109,Technology,Copiers,Copiers model 137,5540.88,6,0.3,1557.22
110,US-2021-100110,06/16/2021,06/17/2021,Standard Class,CU-10061,Customer 688,Consumer,United States,Georgia,Georgia,28523,South,OFF-PAP-3543,Office Supplies,Paper,Paper model 292,465.81,7,0.15,17.99
111,US-2024-100111,06/25/2024,07/02/2024,First Class,CU-10189,Customer 208,Corporate,United States,Florida,Florida,58349,South,TEC-ACC-6940,Technology,Accessories,Accessories model 188,188.92,1,0.0,53.69
112,US-2023-100112,08/10/2023,08/17/2023,Standard Class,CU-10759,Customer 260,Corporate,United States,Florida,Florida,79368,South,OFF-LAB-2112,Office Supplies,Labels,Labels model 162,105.54,6,0.1,30.15
113,US-2021-100113,09/12/2021,09/17/2021,Standard Class,CU-10347,Customer 471,Corporate,United States,California,California,54787,West,OFF-PAP-5779,Office Supplies,Paper,Paper model 156,193.03,2,0.4,-23.04
114,US-2021-100114,05/25/2021,05/29/2021,Standard Class,CU-10382,Customer 478,Home Office,United States,New Jersey,New Jersey,98323,East,TEC-MAC-1155,Technology,Machines,Machines model 141,5499.43,5,0.0,871.09
115,US-2024-100115,03/15/2024,03/21/2024,Standard Class,CU-10518,Customer 347,Consumer,United States,Nevada,Nevada,69627,West,FUR-CHA-8001,Furniture,Chairs,Chairs model 201,4551.32,7,0.3,335.03
116,US-2023-100116,07/08/2023,07/14/2023,Standard Class,CU-10404,Customer 299,Home Office,United States,Alabama,Alabama,66413,South,OFF-PAP-2020,Office Supplies,Paper,Paper model 224,269.43,4,0.2,31.37
117,US-2021-100117,05/26/2021,06/02/2021,Second Class,CU-10123,Customer 668,Home Office,United States,Massachusetts,Massachusetts,25766,East,FUR-CHA-7760,Furniture,Chairs,Chairs model 107,1587.16,8,0.3,173.78
118,US-2021-100118,12/29/2021,01/01/2022,Second Class,CU-10101,Customer 87,Home Office,United States,Georgia,Georgia,83355,South,OFF-BIN-2854,Office Supplies,Binders,Binders model 135,416.05,4,0.1,78.39
119,US-2021-100119,09/23/2021,09/25/2021,Standard Class,CU-10373,Customer 11,Consumer,United States,Nevada,Nevada,49493,West,OFF-PAP-7308,Office Supplies,Paper,Paper model 91,119.8,3,0.0,23.94
120,US-2021-100120,03/28/2021,04/04/2021,First Class,CU-10398,Customer 403,Home Office,United States,Georgia,Georgia,81229,South,OFF-PAP-4228,Office Supplies,Paper,Paper model 138,499.43,4,0.15,42.39
121,US-2022-100121,11/16/2022,11/20/2022,Second Class,CU-10325,Customer 54,Home Office,United States,Florida,Florida,86304,South,OFF-BIN-7934,Office Supplies,Binders,Binders model 298,425.32,5,0.0,15.35
122,US-2021-100122,07/07/2021,07/10/2021,Standard Class,CU-10214,Customer 178,Consumer,United States,Ohio,Ohio,27566,Central,OFF-LAB-7719,Office Supplies,Labels,Labels model 18,943.43,7,0.15,191.21
123,US-2021-100123,01/05/2021,01/10/2021,Second Class,CU-10153,Customer 799,Home Office,United States,Ohio,Ohio,83301,Central,TEC-MAC-4781,Technology,Machines,Machines model 71,3409.89,7,0.3,276.16
124,US-2021-100124,01/08/2021,01/12/2021,Standard Class,CU-10346,Customer 541,Corporate,United States,Georgia,Georgia,10387,South,OFF-LAB-6147,Office Supplies,Labels,Labels model 171,1025.69,9,0.1,-80.04
125,US-2024-100125,08/03/2024,08/07/2024,Standard Class,CU-10647,Customer 451,Home Office,United States,Nevada,Nevada,46903,West,FUR-BOO-4917,Furniture,Bookcases,Bookcases model 144,853.41,7,0.1,240.16
126,US-2021-100126,07/16/2021,07/23/2021,Standard Class,CU-10329,Customer 331,Corporate,United States,Ohio,Ohio,52140,Central,OFF-ART-2178,Office Supplies,Art,Art model 60,261.1,2,0.2,23.96
127,US-2021-100127,10/08/2021,10/14/2021,First Class,CU-10726,Customer 410,Corporate,United States,New York,New York,46183,East,OFF-STO-9368,Office Supplies,Storage,Storage model 68,87.15,2,0.0,16.71
128,US-2021-100128,05/05/2021,05/07/2021,Standard Class,CU-10511,Customer 418,Corporate,United States,Nevada,Nevada,14548,West,FUR-CHA-8723,Furniture,Chairs,Chairs model 260,5208.62,8,0.3,-1519.07
129,US-2023-100129,05/30/2023,05/31/2023,Second Class,CU-10624,Customer 37,Consumer,United States,Illinois,Illinois,83844,Central,OFF-ART-2451,Office Supplies,Art,Art model 225,201.32,2,0.3,5.93
130,US-2022-100130,03/27/2022,03/31/2022,Second Class,CU-10404,Customer 231,Corporate,United States,Illinois,Illinois,71016,Central,OFF-BIN-3276,Office Supplies,Binders,Binders model 157,396.79,7,0.3,99.57
131,US-2021-100131,01/12/2021,01/18/2021,Standard Class,CU-10734,Customer 477,Corporate,United States,Florida,Florida,47113,South,TEC-COP-6539,Technology,Copiers,Copiers model 262,9139.3,8,0.1,2912.77
132,US-2023-100132,06/10/2023,06/17/2023,First Class,CU-10706,Customer 758,Corporate,United States,Pennsylvania,Pennsylvania,12200,East,OFF-ART-5098,Office Supplies,Art,Art model 66,557.14,5,0.15,97.32
133,US-2022-100133,11/24/2022,11/25/2022,Second Class,CU-10278,Customer 431,Consumer,United States,North Carolina,North Carolina,33184,South,OFF-STO-5722,Office Supplies,Storage,Storage model 260,41.71,5,0.4,-2.51
134,US-2023-100134,03/11/2023,03/15/2023,Second Class,CU-10623,Customer 297,Home Office,United States,New Jersey,New Jersey,76958,East,FUR-FUR-9351,Furniture,Furnishings,Furnishings model 159,911.13,4,0.4,-49.21
135,US-2022-100135,03/30/2022,04/01/2022,First Class,CU-10710,Customer 542,Consumer,United States,Pennsylvania,Pennsylvania,92969,East,OFF-STO-8433,Office Supplies,Storage,Storage model 100,55.69,1,0.0,1.56
136,US-2021-100136,10/01/2021,10/02/2021,Second Class,CU-10057,Customer 29,Consumer,United States,Florida,Florida,66781,South,FUR-BOO-4683,Furniture,Bookcases,Bookcases model 264,3244.51,4,0.3,-62.91
137,US-2022-100137,08/29/2022,09/02/2022,Standard Class,CU-10276,Customer 639,Corporate,United States,Oregon,Oregon,85785,West,OFF-STO-7201,Office Supplies,Storage,Storage model 99,207.26,7,0.0,25.22
138,US-2024-100138,07/11/2024,07/17/2024,Standard Class,CU-10246,Customer 271,Corporate,United States,North Carolina,North Carolina,59885,South,FUR-FUR-3560,Furniture,Furnishings,Furnishings model 186,468.26,2,0.0,44.56
139,US-2022-100139,04/24/2022,04/29/2022,Standard Class,CU-10539,Customer 264,Consumer,United States,Oregon,Oregon,49686,West,FUR-TAB-8491,Furniture,Tables,Tables model 223,3667.76,6,0.1,-155.91
140,US-2021-100140,02/24/2021,03/02/2021,Second Class,CU-10378,Customer 798,Home Office,United States,Florida,Florida,76375,South,OFF-LAB-2079,Office Supplies,Labels,Labels model 22,828.12,9,0.1,142.11
141,US-2022-100141,05/04/2022,05/08/2022,Standard Class,CU-10374,Customer 516,Home Office,United States,Oregon,Oregon,48874,West,TEC-MAC-4297,Technology,Machines,Machines model 231,2346.73,6,0.0,-161.34
142,US-2024-100142,11/25/2024,11/27/2024,Second Class,CU-10752,Customer 122,Home Office,United States,Michigan,Michigan,30760,Central,OFF-BIN-3249,Office Supplies,Binders,Binders model 271,91.55,1,0.15,5.36
143,US-2022-100143,06/10/2022,06/17/2022,Same Day,CU-10179,Customer 87,Consumer,United States,North Carolina,North Carolina,57409,South,TEC-COP-4067,Technology,Copiers,Copiers model 192,4065.54,8,0.15,893.01
144,US-2022-100144,07/08/2022,07/12/2022,Second Class,CU-10666,Customer 768,Corporate,United States,Ohio,Ohio,34221,Central,FUR-FUR-1339,Furniture,Furnishings,Furnishings model 96,1830.94,7,0.5,-98.81
145,US-2023-100145,04/21/2023,04/26/2023,First Class,CU-10326,Customer 788,Consumer,United States,Michigan,Michigan,50164,Central,OFF-STO-1506,Office Supplies,Storage,Storage model 69,213.46,4,0.0,66.57
146,US-2024-100146,11/26/2024,11/29/2024,Standard Class,CU-10141,Customer 17,Home Office,United States,Massachusetts,Massachusetts,86390,East,FUR-TAB-1923,Furniture,Tables,Tables model 47,1214.98,2,0.0,92.59
147,US-2022-100147,07/13/2022,07/14/2022,Standard Class,CU-10642,Customer 717,Consumer,United States,Michigan,Michigan,28250,Central,OFF-STO-8273,Office Supplies,Storage,Storage model 198,30.02,5,0.3,0.13
148,US-2024-100148,06/26/2024,06/30/2024,Second Class,CU-10240,Customer 287,Consumer,United States,New Jersey,New Jersey,11659,East,TEC-ACC-3928,Technology,Accessories,Accessories model 132,2795.97,6,0.0,1099.7
149,US-2023-100149,02/02/2023,02/08/2023,Standard Class,CU-10569,Customer 460,Consumer,United States,Michigan,Michigan,50940,Central,TEC-ACC-2461,Technology,Accessories,Accessories model 124,2235.72,2,0.0,313.09
150,US-2022-100150,09/29/2022,10/01/2022,Same Day,CU-10743,Customer 156,Consumer,United States,New York,New York,91530,East,TEC-COP-3093,Technology,Copiers,Copiers model 291,10303.91,6,0.0,2082.4
151,US-2021-100151,03/30/2021,04/04/2021,Second Class,CU-10491,Customer 146,Home Office,United States,New Jersey,New Jersey,86407,East,TEC-PHO-5714,Technology,Phones,Phones model 142,2911.57,9,0.2,-186.52
152,US-2021-100152,07/10/2021,07/16/2021,Standard Class,CU-10295,Customer 757,Corporate,United States,Michigan,Michigan,87359,Central,TEC-MAC-6909,Technology,Machines,Machines model 114,772.59,1,0.4,165.35
153,US-2022-100153,11/29/2022,12/06/2022,Standard Class,CU-10206,Customer 248,Home Office,United States,Massachusetts,Massachusetts,16411,East,OFF-PAP-4735,Office Supplies,Paper,Paper model 143,296.32,2,0.0,19.91
154,US-2021-100154,02/07/2021,02/13/2021,First Class,CU-10416,Customer 551,Consumer,United States,Alabama,Alabama,54033,South,OFF-PAP-3545,Office Supplies,Paper,Paper model 43,466.12,7,0.15,14.96
155,US-2023-100155,03/03/2023,03/06/2023,Second Class,CU-10111,Customer 244,Consumer,United States,California,California,43634,West,FUR-TAB-3957,Furniture,Tables,Tables model 195,2124.58,5,0.0,415.79
156,US-2022-100156,05/06/2022,05/10/2022,Standard Class,CU-10315,Customer 605,Corporate,United States,Florida,Florida,41034,South,OFF-BIN-8687,Office Supplies,Binders,Binders model 126,171.29,3,0.15,13.11
157,US-2022-100157,04/19/2022,04/20/2022,Same Day,CU-10481,Customer 589,Consumer,United States,Texas,Texas,13811,Central,TEC-COP-4297,Technology,Copiers,Copiers model 134,12330.35,9,0.15,497.86
158,US-2021-100158,05/15/2021,05/22/2021,Standard Class,CU-10012,Customer 14,Corporate,United States,North Carolina,North Carolina,21782,South,OFF-BIN-2867,Office Supplies,Binders,Binders model 16,246.74,2,0.1,100.32
159,US-2021-100159,03/08/2021,03/09/2021,First Class,CU-10338,Customer 130,Home Office,United States,Ohio,Ohio,50342,Central,OFF-PAP-2159,Office Supplies,Paper,Paper model 84,389.25,5,0.0,65.99
160,US-2024-100160,08/24/2024,08/31/2024,Standard Class,CU-10149,Customer 405,Home Office,United States,Nevada,Nevada,70732,West,OFF-PAP-4354,Office Supplies,Paper,Paper model 79,28.52,3,0.0,3.15
161,US-2022-100161,11/03/2022,11/07/2022,Standard Class,CU-10289,Customer 451,Corporate,United States,Illinois,Illinois,54513,Central,OFF-PAP-5980,Office Supplies,Paper,Paper model 38,480.11,6,0.3,-52.06
162,US-2022-100162,03/10/2022,03/16/2022,Standard Class,CU-10749,Customer 89,Home Office,United States,Florida,Florida,56724,South,FUR-TAB-8427,Furniture,Tables,Tables model 160,4326.47,9,0.5,1031.23
163,US-2021-100163,04/18/2021,04/25/2021,Standard Class,CU-10211,Customer 729,Corporate,United States,Florida,Florida,44075,South,FUR-TAB-4763,Furniture,Tables,Tables model 116,501.76,6,0.0,94.57
164,US-2023-100164,06/02/2023,06/03/2023,Standard Class,CU-10161,Customer 26,Corporate,United States,Georgia,Georgia,79653,South,FUR-CHA-1611,Furniture,Chairs,Chairs model 229,2017.07,3,0.1,140.8
165,US-2021-100165,06/27/2021,07/03/2021,Standard Class,CU-10645,Customer 221,Corporate,United States,Ohio,Ohio,69060,Central,OFF-LAB-2200,Office Supplies,Labels,Labels model 11,831.45,7,0.5,15.38
166,US-2023-100166,01/29/2023,02/04/2023,Standard Class,CU-10078,Customer 680,Home Office,United States,Ohio,Ohio,48258,Central,OFF-ART-1434,Office Supplies,Art,Art model 263,252.42,4,0.1,42.86
167,US-2024-100167,01/11/2024,01/14/2024,Standard Class,CU-10402,Customer 440,Home Office,United States,Pennsylvania,Pennsylvania,47206,East,OFF-LAB-5349,Office Supplies,Labels,Labels model 247,296.23,7,0.0,151.37
168,US-2022-100168,12/27/2022,01/03/2023,Standard Class,CU-10670,Customer 132,Home Office,United States,Georgia,Georgia,93662,South,TEC-COP-9459,Technology,Copiers,Copiers model 35,2100.13,6,0.2,606.66
169,US-2022-100169,05/07/2022,05/12/2022,First Class,CU-10652,Customer 208,Corporate,United States,Oregon,Oregon,90524,West,FUR-TAB-3328,Furniture,Tables,Tables model 56,205.13,2,0.15,-1.44
170,US-2022-100170,12/18/2022,12/22/2022,First Class,CU-10125,Customer 736,Consumer,United States,Washington,Washington,17898,West,OFF-STO-9083,Office Supplies,Storage,Storage model 35,682.35,5,0.3,105.77
171,US-2022-100171,04/22/2022,04/25/2022,Standard Class,CU-10361,Customer 472,Corporate,United States,Ohio,Ohio,13487,Central,OFF-LAB-2048,Office Supplies,Labels,Labels model 196,227.9,7,0.0,57.47
172,US-2024-100172,03/12/2024,03/19/2024,Standard Class,CU-10598,Customer 668,Corporate,United States,Pennsylvania,Pennsylvania,15456,East,FUR-TAB-5219,Furniture,Tables,Tables model 111,6167.86,8,0.1,1371.41
173,US-2023-100173,10/14/2023,10/16/2023,Standard Class,CU-10501,Customer 212,Corporate,United States,Illinois,Illinois,96957,Central,FUR-CHA-3694,Furniture,Chairs,Chairs model 157,1071.4,3,0.2,121.73
174,US-2023-100174,11/05/2023,11/09/2023,Second Class,CU-10558,Customer 23,Home Office,United States,Massachusetts,Massachusetts,55690,East,FUR-FUR-1728,Furniture,Furnishings,Furnishings model 217,7638.42,9,0.15,932.53
175,US-2022-100175,10/14/2022,10/20/2022,Second Class,CU-10673,Customer 390,Corporate,United States,Alabama,Alabama,47819,South,OFF-ART-1184,Office Supplies,Art,Art model 57,61.69,6,0.0,31.33
176,US-2023-100176,10/07/2023,10/08/2023,Second Class,CU-10710,Customer 171,Home Office,United States,Georgia,Georgia,37686,South,FUR-TAB-6457,Furniture,Tables,Tables model 90,2973.21,5,0.5,-418.92
177,US-2024-100177,08/05/2024,08/06/2024,Standard Class,CU-10583,Customer 629,Consumer,United States,Texas,Texas,56953,Central,FUR-TAB-6041,Furniture,Tables,Tables model 129,7477.62,9,0.1,2206.41
178,US-2024-100178,04/21/2024,04/22/2024,Standard Class,CU-10307,Customer 492,Corporate,United States,Oregon,Oregon,92731,West,TEC-COP-8583,Technology,Copiers,Copiers model 10,2297.81,4,0.0,339.75
179,US-2022-100179,03/04/2022,03/06/2022,Standard Class,CU-10788,Customer 250,Consumer,United States,Florida,Florida,84407,South,FUR-CHA-3762,Furniture,Chairs,Chairs model 42,883.15,4,0.1,287.28
180,US-2024-100180,04/30/2024,05/03/2024,Second Class,CU-10454,Customer 1,Consumer,United States,Illinois,Illinois,15975,Central,TEC-ACC-9913,Technology,Accessories,Accessories model 258,1121.9,6,0.2,40.4
181,US-2024-100181,07/20/2024,07/21/2024,Standard Class,CU-10682,Customer 711,Consumer,United States,Ohio,Ohio,99017,Central,FUR-BOO-4608,Furniture,Bookcases,Bookcases model 45,1172.64,5,0.2,457.69
182,US-2021-100182,05/24/2021,05/31/2021,Standard Class,CU-10532,Customer 342,Home Office,United States,Ohio,Ohio,39420,Central,OFF-BIN-7265,Office Supplies,Binders,Binders model 92,83.77,2,0.1,8.33
183,US-2024-100183,03/23/2024,03/30/2024,Standard Class,CU-10481,Customer 90,Home Office,United States,Georgia,Georgia,14252,South,FUR-CHA-3659,Furniture,Chairs,Chairs model 228,327.44,2,0.0,71.75
184,US-2021-100184,06/05/2021,06/06/2021,Standard Class,CU-10473,Customer 317,Consumer,United States,Massachusetts,Massachusetts,27054,East,OFF-BIN-5535,Office Supplies,Binders,Binders model 38,436.13,8,0.15,-11.11
185,US-2023-100185,10/07/2023,10/13/2023,First Class,CU-10714,Customer 431,Corporate,United States,Oregon,Oregon,71369,West,TEC-ACC-9176,Technology,Accessories,Accessories model 292,5180.55,5,0.0,1872.2
186,US-2022-100186,05/24/2022,05/25/2022,Second Class,CU-10189,Customer 670,Consumer,United States,Washington,Washington,18724,West,OFF-STO-2378,Office Supplies,Storage,Storage model 270,59.08,4,0.0,8.52
187,US-2024-100187,05/20/2024,05/25/2024,Same Day,CU-10605,Customer 47,Consumer,United States,North Carolina,North Carolina,62876,South,OFF-BIN-2714,Office Supplies,Binders,Binders model 199,327.48,3,0.0,92.55
188,US-2022-100188,12/29/2022,12/31/2022,Standard Class,CU-10161,Customer 605,Home Office,United States,Washington,Washington,62666,West,TEC-COP-4107,Technology,Copiers,Copiers model 197,1063.1,1,0.0,162.13
189,US-2024-100189,03/11/2024,03/16/2024,Second Class,CU-10430,Customer 264,Consumer,United States,Michigan,Michigan,18136,Central,TEC-ACC-4588,Technology,Accessories,Accessories model 178,4800.01,9,0.1,-1035.98
190,US-2022-100190,07/09/2022,07/14/2022,Standard Class,CU-10473,Customer 264,Consumer,United States,New York,New York,14534,East,TEC-ACC-8044,Technology,Accessories,Accessories model 43,13250.61,9,0.2,767.08
191,US-2022-100191,07/12/2022,07/16/2022,First Class,CU-10187,Customer 458,Consumer,United States,California,California,19973,West,TEC-MAC-9310,Technology,Machines,Machines model 182,12947.08,9,0.1,1341.41
192,US-2024-100192,11/11/2024,11/18/2024,Standard Class,CU-10706,Customer 501,Consumer,United States,Alabama,Alabama,71470,South,FUR-CHA-7952,Furniture,Chairs,Chairs model 285,4177.72,9,0.2,2049.36
193,US-2023-100193,05/25/2023,06/01/2023,Standard Class,CU-10749,Customer 561,Home Office,United States,Nevada,Nevada,30945,West,FUR-CHA-3853,Furniture,Chairs,Chairs model 251,2924.86,6,0.1,-398.83
194,US-2024-100194,12/23/2024,12/25/2024,First Class,CU-10130,Customer 39,Consumer,United States,California,California,91223,West,OFF-PAP-9525,Office Supplies,Paper,Paper model 248,212.48,4,0.3,-1.06
195,US-2023-100195,01/21/2023,01/26/2023,Standard Class,CU-10013,Customer 253,Corporate,United States,Oregon,Oregon,55646,West,OFF-ART-1000,Office Supplies,Art,Art model 131,436.08,5,0.1,54.49
196,US-2024-100196,07/19/2024,07/22/2024,Second Class,CU-10775,Customer 606,Home Office,United States,Illinois,Illinois,95499,Central,OFF-PAP-3931,Office Supplies,Paper,Paper model 86,49.81,1,0.1,23.49
197,US-2022-100197,01/08/2022,01/12/2022,Standard Class,CU-10024,Customer 381,Home Office,United States,Michigan,Michigan,13712,Central,OFF-BIN-7533,Office Supplies,Binders,Binders model 30,802.04,8,0.1,221.19
198,US-2023-100198,08/20/2023,08/24/2023,Standard Class,CU-10600,Customer 110,Consumer,United States,Oregon,Oregon,93355,West,FUR-FUR-4427,Furniture,Furnishings,Furnishings model 8,4313.31,6,0.15,1670.74
199,US-2022-100199,05/31/2022,06/01/2022,First Class,CU-10356,Customer 624,Corporate,United States,Nevada,Nevada,68730,West,FUR-BOO-8766,Furniture,Bookcases,Bookcases model 38,1945.08,6,0.1,343.7
200,US-2022-100200,06/25/2022,06/28/2022,Standard Class,CU-10754,Customer 81,Home Office,United States,Georgia,Georgia,22973,South,FUR-FUR-5158,Furniture,Furnishings,Furnishings model 184,7490.91,9,0.1,997.54
201,US-2022-100201,03/18/2022,03/25/2022,First Class,CU-10655,Customer 446,Home Office,United States,Florida,Florida,84075,South,OFF-ART-9224,Office Supplies,Art,Art model 270,1022.02,9,0.1,271.79
202,US-2023-100202,05/04/2023,05/11/2023,Standard Class,CU-10456,Customer 471,Home Office,United States,Nevada,Nevada,54690,West,OFF-LAB-8498,Office Supplies,Labels,Labels model 266,776.29,9,0.0,404.41
203,US-2021-100203,12/19/2021,12/23/2021,First Class,CU-10167,Customer 211,Home Office,United States,Michigan,Michigan,36194,Central,OFF-STO-8455,Office Supplies,Storage,Storage model 264,190.44,6,0.2,28.75
204,US-2021-100204,09/06/2021,09/12/2021,Standard Class,CU-10794,Customer 327,Home Office,United States,Oregon,Oregon,60891,West,OFF-ART-5835,Office Supplies,Art,Art model 32,119.33,1,0.1,38.86
205,US-2024-100205,08/25/2024,08/28/2024,Standard Class,CU-10196,Customer 241,Consumer,United States,Florida,Florida,65284,South,OFF-LAB-6101,Office Supplies,Labels,Labels model 134,731.06,6,0.0,-14.35
206,US-2021-100206,11/27/2021,12/01/2021,Standard Class,CU-10377,Customer 69,Corporate,United States,Washington,Washington,62440,West,OFF-STO-6985,Office Supplies,Storage,Storage model 86,212.66,2,0.2,70.31
207,US-2021-100207,09/07/2021,09/09/2021,Standard Class,CU-10408,Customer 754,Corporate,United States,North Carolina,North Carolina,45396,South,OFF-PAP-9422,Office Supplies,Paper,Paper model 261,256.23,5,0.5,41.28
208,US-2023-100208,12/03/2023,12/09/2023,Same Day,CU-10567,Customer 58,Home Office,United States,North Carolina,North Carolina,32252,South,OFF-STO-3706,Office Supplies,Storage,Storage model 75,806.46,6,0.0,180.39
209,US-2022-100209,05/01/2022,05/05/2022,Standard Class,CU-10792,Customer 342,Consumer,United States,Florida,Florida,25114,South,OFF-LAB-3289,Office Supplies,Labels,Labels model 222,402.75,5,0.2,-20.64
210,US-2023-100210,01/26/2023,02/02/2023,Standard Class,CU-10002,Customer 45,Consumer,United States,Alabama,Alabama,57665,South,OFF-BIN-3311,Office Supplies,Binders,Binders model 212,769.33,9,0.0,194.47
211,US-2023-100211,02/19/2023,02/21/2023,Standard Class,CU-10611,Customer 756,Home Office,United States,New Jersey,New Jersey,30276,East,TEC-PHO-1315,Technology,Phones,Phones model 217,869.58,2,0.0,-72.59
212,US-2022-100212,08/16/2022,08/22/2022,Standard Class,CU-10695,Customer 469,Consumer,United States,Ohio,Ohio,38418,Central,TEC-PHO-1241,Technology,Phones,Phones model 22,8450.26,9,0.15,-78.57
213,US-2021-100213,03/22/2021,03/28/2021,Standard Class,CU-10792,Customer 524,Corporate,United States,Ohio,Ohio,68373,Central,OFF-STO-5991,Office Supplies,Storage,Storage model 154,967.43,8,0.0,163.29
214,US-2024-100214,02/24/2024,02/25/2024,First Class,CU-10510,Customer 363,Corporate,United States,Pennsylvania,Pennsylvania,44686,East,FUR-BOO-5850,Furniture,Bookcases,Bookcases model 250,333.01,1,0.15,21.44
215,US-2024-100215,03/25/2024,03/31/2024,Standard Class,CU-10463,Customer 487,Corporate,United States,Texas,Texas,15517,Central,TEC-ACC-5059,Technology,Accessories,Accessories model 179,1173.79,1,0.2,550.2
216,US-2023-100216,04/15/2023,04/21/2023,Standard Class,CU-10147,Customer 380,Consumer,United States,Texas,Texas,60280,Central,OFF-PAP-5691,Office Supplies,Paper,Paper model 85,88.01,8,0.15,15.73
217,US-2024-100217,01/05/2024,01/08/2024,Standard Class,CU-10543,Customer 664,Consumer,United States,North Carolina,North Carolina,83125,South,TEC-MAC-5698,Technology,Machines,Machines model 221,11626.22,7,0.2,2713.2
218,US-2021-100218,10/23/2021,10/29/2021,Second Class,CU-10547,Customer 304,Home Office,United States,New York,New York,48969,East,OFF-STO-5894,Office Supplies,Storage,Storage model 132,673.74,7,0.1,150.5
219,US-2024-100219,07/17/2024,07/19/2024,Standard Class,CU-10051,Customer 428,Home Office,United States,Florida,Florida,78222,South,OFF-PAP-3462,Office Supplies,Paper,Paper model 281,346.8,6,0.1,25.17
220,US-2021-100220,01/10/2021,01/14/2021,Standard Class,CU-10331,Customer 521,Home Office,United States,Oregon,Oregon,60123,West,OFF-STO-3697,Office Supplies,Storage,Storage model 279,445.84,9,0.1,127.27
221,US-2021-100221,01/25/2021,01/26/2021,Standard Class,CU-10199,Customer 99,Home Office,United States,New York,New York,24568,East,OFF-ART-2752,Office Supplies,Art,Art model 28,141.37,4,0.1,8.47
222,US-2022-100222,04/29/2022,05/01/2022,Second Class,CU-10019,Customer 516,Consumer,United States,Oregon,Oregon,64925,West,OFF-PAP-5896,Office Supplies,Paper,Paper model 296,82.82,4,0.0,37.79
223,US-2024-100223,06/21/2024,06/26/2024,Second Class,CU-10336,Customer 239,Corporate,United States,Texas,Texas,97110,Central,FUR-FUR-6335,Furniture,Furnishings,Furnishings model 18,1919.43,6,0.5,-16.68
224,US-2024-100224,06/27/2024,06/29/2024,Standard Class,CU-10426,Customer 222,Corporate,United States,Nevada,Nevada,73796,West,OFF-STO-8002,Office Supplies,Storage,Storage model 299,355.78,5,0.0,137.07
225,US-2023-100225,06/01/2023,06/02/2023,Standard Class,CU-10471,Customer 730,Home Office,United States,Texas,Texas,60681,Central,OFF-BIN-7461,Office Supplies,Binders,Binders model 264,172.44,2,0.15,-11.83
226,US-2023-100226,11/06/2023,11/07/2023,Standard Class,CU-10195,Customer 595,Home Office,United States,North Carolina,North Carolina,47644,South,OFF-STO-2128,Office Supplies,Storage,Storage model 97,1252.59,9,0.2,-30.93
227,US-2024-100227,09/19/2024,09/21/2024,Standard Class,CU-10621,Customer 260,Consumer,United States,Ohio,Ohio,32314,Central,TEC-COP-7129,Technology,Copiers,Copiers model 274,970.75,1,0.0,236.13
228,US-2023-100228,12/22/2023,12/27/2023,Standard Class,CU-10205,Customer 159,Corporate,United States,Massachusetts,Massachusetts,68572,East,FUR-FUR-3282,Furniture,Furnishings,Furnishings model 39,976.97,2,0.15,266.89
229,US-2021-100229,10/11/2021,10/16/2021,Second Class,CU-10568,Customer 154,Home Office,United States,Nevada,Nevada,15971,West,TEC-ACC-7708,Technology,Accessories,Accessories model 73,7947.81,7,0.0,3748.9
230,US-2021-100230,10/28/2021,11/02/2021,Second Class,CU-10632,Customer 106,Home Office,United States,California,California,28907,West,FUR-TAB-8688,Furniture,Tables,Tables model 293,4289.47,6,0.15,-354.15
231,US-2022-100231,11/14/2022,11/16/2022,Second Class,CU-10596,Customer 206,Corporate,United States,Florida,Florida,36363,South,OFF-LAB-3856,Office Supplies,Labels,Labels model 266,351.87,3,0.0,130.11
232,US-2024-100232,07/03/2024,07/08/2024,Standard Class,CU-10758,Customer 90,Corporate,United States,Nevada,Nevada,61365,West,OFF-ART-2575,Office Supplies,Art,Art model 94,355.07,7,0.1,-84.3
233,US-2021-100233,01/07/2021,01/12/2021,Second Class,CU-10302,Customer 574,Corporate,United States,California,California,65600,West,TEC-MAC-9202,Technology,Machines,Machines model 2,3100.16,6,0.0,1213.67
234,US-2021-100234,12/11/2021,12/18/2021,First Class,CU-10611,Customer 631,Corporate,United States,California,California,32380,West,OFF-ART-2859,Office Supplies,Art,Art model 266,771.88,7,0.1,93.59
235,US-2023-100235,06/06/2023,06/11/2023,Standard Class,CU-10396,Customer 110,Home Office,United States,California,California,32002,West,TEC-ACC-2480,Technology,Accessories,Accessories model 264,3606.25,8,0.0,1397.63
236,US-2023-100236,08/09/2023,08/11/2023,First Class,CU-10585,Customer 9,Consumer,United States,Washington,Washington,91611,West,OFF-STO-6919,Office Supplies,Storage,Storage model 101,13.83,2,0.2,5.46
237,US-2021-100237,12/15/2021,12/17/2021,Standard Class,CU-10091,Customer 596,Consumer,United States,New Jersey,New Jersey,59212,East,OFF-ART-8194,Office Supplies,Art,Art model 275,354.7,3,0.0,33.69
238,US-2022-100238,07/24/2022,07/31/2022,Same Day,CU-10372,Customer 177,Consumer,United States,Nevada,Nevada,27587,West,TEC-COP-1487,Technology,Copiers,Copiers model 287,1502.55,2,0.0,147.69
239,US-2023-100239,04/27/2023,04/30/2023,Second Class,CU-10517,Customer 3,Consumer,United States,Ohio,Ohio,50616,Central,OFF-ART-5276,Office Supplies,Art,Art model 190,986.77,7,0.0,54.05
240,US-2024-100240,12/27/2024,12/29/2024,Standard Class,CU-10129,Customer 202,Home Office,United States,New York,New York,21598,East,OFF-ART-6618,Office Supplies,Art,Art model 206,318.19,6,0.0,12.68
241,US-2023-100241,02/28/2023,03/01/2023,Standard Class,CU-10034,Customer 12,Consumer,United States,Ohio,Ohio,37300,Central,TEC-MAC-6355,Technology,Machines,Machines model 52,10710.42,7,0.0,1461.87
242,US-2022-100242,08/16/2022,08/21/2022,Standard Class,CU-10588,Customer 645,Consumer,United States,Nevada,Nevada,21140,West,TEC-PHO-4562,Technology,Phones,Phones model 56,396.12,1,0.0,-31.22
243,US-2024-100243,02/17/2024,02/24/2024,Second Class,CU-10249,Customer 185,Consumer,United States,Washington,Washington,18657,West,FUR-BOO-1599,Furniture,Bookcases,Bookcases model 57,4159.01,5,0.2,1188.33
244,US-2023-100244,08/20/2023,08/25/2023,Standard Class,CU-10568,Customer 29,Home Office,United States,Texas,Texas,55650,Central,TEC-ACC-6624,Technology,Accessories,Accessories model 281,271.38,2,0.3,59.13
245,US-2021-100245,02/08/2021,02/09/2021,Standard Class,CU-10064,Customer 196,Home Office,United States,Georgia,Georgia,59808,South,FUR-CHA-5378,Furniture,Chairs,Chairs model 210,6011.63,9,0.0,480.85
246,US-2023-100246,04/26/2023,04/27/2023,First Class,CU-10123,Customer 678,Home Office,United States,New Jersey,New Jersey,47502,East,OFF-PAP-1770,Office Supplies,Paper,Paper model 2,630.19,6,0.3,72.76
247,US-2023-100247,07/05/2023,07/08/2023,Standard Class,CU-10561,Customer 654,Consumer,United States,New York,New York,35252,East,FUR-BOO-1674,Furniture,Bookcases,Bookcases model 99,1357.46,2,0.2,-25.59
248,US-2022-100248,02/26/2022,03/03/2022,Standard Class,CU-10111,Customer 190,Corporate,United States,Georgia,Georgia,20090,South,OFF-LAB-2187,Office Supplies,Labels,Labels model 155,197.09,2,0.15,5.67
249,US-2022-100249,10/17/2022,10/24/2022,Standard Class,CU-10227,Customer 105,Corporate,United States,California,California,20335,West,FUR-BOO-8937,Furniture,Bookcases,Bookcases model 167,1008.26,3,0.15,27.28
250,US-2022-100250,03/17/2022,03/21/2022,Standard Class,CU-10777,Customer 647,Consumer,United States,Washington,Washington,37787,West,TEC-COP-3464,Technology,Copiers,Copiers model 170,1842.08,2,0.0,58.84
251,US-2022-100251,03/12/2022,03/13/2022,Standard Class,CU-10381,Customer 750,Consumer,United States,New York,New York,96370,East,OFF-BIN-3813,Office Supplies,Binders,Binders model 178,35.79,1,0.2,-2.76
252,US-2023-100252,03/22/2023,03/28/2023,Standard Class,CU-10386,Customer 82,Home Office,United States,New Jersey,New Jersey,18480,East,OFF-ART-2440,Office Supplies,Art,Art model 58,99.23,2,0.15,19.05
253,US-2021-100253,02/25/2021,02/26/2021,Same Day,CU-10346,Customer 296,Consumer,United States,North Carolina,North Carolina,78065,South,OFF-ART-9609,Office Supplies,Art,Art model 149,212.37,2,0.1,61.65
254,US-2022-100254,11/25/2022,11/28/2022,Standard Class,CU-10204,Customer 256,Consumer,United States,Georgia,Georgia,16440,South,TEC-PHO-2045,Technology,Phones,Phones model 280,807.33,5,0.0,90.96
255,US-2022-100255,09/30/2022,10/03/2022,Standard Class,CU-10051,Customer 637,Corporate,United States,Alabama,Alabama,73690,South,OFF-STO-2275,Office Supplies,Storage,Storage model 240,98.79,5,0.0,21.61
256,US-2021-100256,05/16/2021,05/22/2021,Standard Class,CU-10405,Customer 149,Consumer,United States,Michigan,Michigan,41621,Central,OFF-LAB-4004,Office Supplies,Labels,Labels model 157,1135.21,8,0.0,94.09
257,US-2021-100257,10/02/2021,10/05/2021,Standard Class,CU-10657,Customer 706,Home Office,United States,Ohio,Ohio,79645,Central,OFF-PAP-3964,Office Supplies,Paper,Paper model 118,133.76,7,0.15,-0.37
258,US-2021-100258,02/04/2021,02/07/2021,Standard Class,CU-10396,Customer 142,Corporate,United States,Florida,Florida,41158,South,FUR-BOO-3475,Furniture,Bookcases,Bookcases model 175,673.98,2,0.15,24.55
259,US-2023-100259,05/07/2023,05/12/2023,Standard Class,CU-10517,Customer 291,Consumer,United States,North Carolina,North Carolina,55651,South,OFF-PAP-7531,Office Supplies,Paper,Paper model 127,206.85,3,0.0,56.48
260,US-2022-100260,03/10/2022,03/17/2022,Standard Class,CU-10229,Customer 751,Corporate,United States,Texas,Texas,95006,Central,OFF-LAB-5702,Office Supplies,Labels,Labels model 132,138.75,1,0.0,3.98
261,US-2021-100261,12/18/2021,12/25/2021,Second Class,CU-10022,Customer 681,Home Office,United States,Pennsylvania,Pennsylvania,16194,East,OFF-BIN-5747,Office Supplies,Binders,Binders model 250,836.43,6,0.0,111.27
262,US-2024-100262,04/06/2024,04/12/2024,Standard Class,CU-10412,Customer 430,Corporate,United States,Oregon,Oregon,14894,West,TEC-COP-5257,Technology,Copiers,Copiers model 90,967.97,4,0.15,124.32
263,US-2023-100263,11/11/2023,11/12/2023,Standard Class,CU-10680,Customer 542,Corporate,United States,Texas,Texas,17772,Central,TEC-ACC-8850,Technology,Accessories,Accessories model 263,1177.08,1,0.1,196.15
264,US-2021-100264,09/20/2021,09/24/2021,Standard Class,CU-10787,Customer 475,Corporate,United States,Ohio,Ohio,63660,Central,OFF-LAB-3839,Office Supplies,Labels,Labels model 79,144.11,9,0.0,29.52
265,US-2021-100265,05/29/2021,06/05/2021,Standard Class,CU-10269,Customer 511,Consumer,United States,Florida,Florida,10089,South,OFF-BIN-1270,Office Supplies,Binders,Binders model 11,208.75,2,0.3,-33.73
266,US-2021-100266,10/18/2021,10/25/2021,Second Class,CU-10016,Customer 73,Corporate,United States,Massachusetts,Massachusetts,81371,East,TEC-COP-1634,Technology,Copiers,Copiers model 186,1438.04,1,0.0,350.76
267,US-2024-100267,04/06/2024,04/10/2024,First Class,CU-10357,Customer 138,Corporate,United States,Washington,Washington,93888,West,TEC-MAC-3646,Technology,Machines,Machines model 169,4998.39,5,0.1,-693.46
268,US-2024-100268,08/12/2024,08/16/2024,First Class,CU-10559,Customer 423,Corporate,United States,Washington,Washington,64901,West,TEC-ACC-4322,Technology,Accessories,Accessories model 39,6816.75,5,0.0,1185.76
269,US-2022-100269,05/12/2022,05/15/2022,Standard Class,CU-10683,Customer 594,Consumer,United States,Ohio,Ohio,54689,Central,OFF-ART-4863,Office Supplies,Art,Art model 243,335.11,4,0.15,93.71
270,US-2023-100270,05/30/2023,06/04/2023,Standard Class,CU-10790,Customer 647,Corporate,United States,Michigan,Michigan,78883,Central,TEC-MAC-5750,Technology,Machines,Machines model 156,2634.35,2,0.15,524.05
271,US-2024-100271,03/13/2024,03/17/2024,Standard Class,CU-10345,Customer 20,Home Office,United States,Ohio,Ohio,52612,Central,OFF-BIN-1032,Office Supplies,Binders,Binders model 50,237.99,9,0.1,14.1
272,US-2023-100272,11/07/2023,11/12/2023,Standard Class,CU-10123,Customer 522,Consumer,United States,Michigan,Michigan,52385,Central,OFF-ART-4795,Office Supplies,Art,Art model 144,974.61,8,0.3,-148.04
273,US-2022-100273,11/02/2022,11/09/2022,First Class,CU-10442,Customer 409,Consumer,United States,Alabama,Alabama,66041,South,TEC-PHO-4852,Technology,Phones,Phones model 154,3288.37,6,0.2,-316.88
274,US-2024-100274,07/20/2024,07/22/2024,Second Class,CU-10778,Customer 799,Corporate,United States,Michigan,Michigan,22640,Central,TEC-ACC-3097,Technology,Accessories,Accessories model 92,2485.94,3,0.3,248.17
275,US-2021-100275,07/24/2021,07/30/2021,Second Class,CU-10205,Customer 319,Consumer,United States,Georgia,Georgia,92361,South,OFF-PAP-9095,Office Supplies,Paper,Paper model 240,58.99,4,0.2,3.74
276,US-2022-100276,07/22/2022,07/25/2022,First Class,CU-10643,Customer 594,Consumer,United States,Georgia,Georgia,89455,South,TEC-MAC-3798,Technology,Machines,Machines model 285,1146.48,5,0.0,391.36
277,US-2021-100277,01/07/2021,01/11/2021,Standard Class,CU-10176,Customer 285,Home Office,United States,Pennsylvania,Pennsylvania,69043,East,FUR-CHA-4599,Furniture,Chairs,Chairs model 98,7606.96,9,0.0,318.97
278,US-2023-100278,04/19/2023,04/24/2023,Standard Class,CU-10292,Customer 118,Consumer,United States,Michigan,Michigan,85195,Central,OFF-LAB-4624,Office Supplies,Labels,Labels model 200,196.67,4,0.15,13.72
279,US-2024-100279,08/28/2024,09/02/2024,Standard Class,CU-10151,Customer 454,Home Office,United States,Oregon,Oregon,83990,West,OFF-LAB-1658,Office Supplies,Labels,Labels model 65,281.19,2,0.1,8.04
280,US-2023-100280,11/08/2023,11/09/2023,Standard Class,CU-10652,Customer 344,Corporate,United States,Nevada,Nevada,87325,West,OFF-STO-7863,Office Supplies,Storage,Storage model 89,24.27,2,0.1,2.78
281,US-2024-100281,01/18/2024,01/21/2024,First Class,CU-10066,Customer 381,Home Office,United States,Florida,Florida,90100,South,FUR-CHA-3213,Furniture,Chairs,Chairs model 204,1478.0,8,0.0,-154.73
282,US-2022-100282,05/03/2022,05/04/2022,Second Class,CU-10303,Customer 627,Consumer,United States,California,California,89047,West,FUR-CHA-4359,Furniture,Chairs,Chairs model 97,4855.04,9,0.0,291.55
283,US-2021-100283,04/01/2021,04/07/2021,Same Day,CU-10136,Customer 484,Consumer,United States,North Carolina,North Carolina,65361,South,FUR-CHA-4152,Furniture,Chairs,Chairs model 115,411.86,1,0.0,223.5
284,US-2024-100284,02/25/2024,02/29/2024,Standard Class,CU-10601,Customer 789,Consumer,United States,Texas,Texas,71586,Central,FUR-TAB-5844,Furniture,Tables,Tables model 19,1230.14,3,0.0,-120.44
285,US-2024-100285,04/05/2024,04/09/2024,First Class,CU-10587,Customer 305,Corporate,United States,New York,New York,75723,East,OFF-PAP-4693,Office Supplies,Paper,Paper model 240,864.53,8,0.2,-33.64
286,US-2023-100286,04/07/2023,04/11/2023,Second Class,CU-10680,Customer 80,Corporate,United States,Alabama,Alabama,78121,South,OFF-STO-5897,Office Supplies,Storage,Storage model 280,762.98,7,0.4,-162.8
287,US-2024-100287,08/12/2024,08/14/2024,Standard Class,CU-10779,Customer 21,Corporate,United States,Massachusetts,Massachusetts,87083,East,OFF-STO-8241,Office Supplies,Storage,Storage model 153,747.49,7,0.1,185.28
288,US-2024-100288,06/11/2024,06/18/2024,Standard Class,CU-10247,Customer 298,Consumer,United States,New York,New York,40943,East,OFF-ART-5329,Office Supplies,Art,Art model 79,117.5,7,0.1,16.62
289,US-2021-100289,08/09/2021,08/16/2021,Standard Class,CU-10261,Customer 177,Consumer,United States,Washington,Washington,69583,West,FUR-FUR-3633,Furniture,Furnishings,Furnishings model 189,588.12,5,0.2,65.84
290,US-2023-100290,08/24/2023,08/30/2023,Standard Class,CU-10633,Customer 393,Corporate,United States,Ohio,Ohio,85249,Central,OFF-LAB-3518,Office Supplies,Labels,Labels model 279,503.59,5,0.2,-96.09
291,US-2021-100291,10/12/2021,10/19/2021,Standard Class,CU-10102,Customer 80,Corporate,United States,California,California,60609,West,TEC-ACC-2070,Technology,Accessories,Accessories model 196,2305.4,5,0.0,334.7
292,US-2021-100292,01/23/2021,01/25/2021,Second Class,CU-10012,Customer 630,Corporate,United States,Michigan,Michigan,66662,Central,OFF-ART-6551,Office Supplies,Art,Art model 280,100.59,2,0.0,24.98
293,US-2024-100293,07/07/2024,07/11/2024,First Class,CU-10049,Customer 506,Home Office,United States,Nevada,Nevada,79165,West,FUR-TAB-4755,Furniture,Tables,Tables model 188,832.5,2,0.0,237.43
294,US-2022-100294,06/21/2022,06/25/2022,Standard Class,CU-10216,Customer 452,Corporate,United States,New Jersey,New Jersey,52315,East,OFF-BIN-3569,Office Supplies,Binders,Binders model 87,409.33,3,0.1,229.21
295,US-2024-100295,01/16/2024,01/22/2024,Second Class,CU-10226,Customer 510,Home Office,United States,Pennsylvania,Pennsylvania,73489,East,FUR-TAB-5639,Furniture,Tables,Tables model 71,2407.27,4,0.15,236.58
296,US-2024-100296,10/01/2024,10/04/2024,Standard Class,CU-10312,Customer 12,Corporate,United States,Pennsylvania,Pennsylvania,52296,East,OFF-STO-8289,Office Supplies,Storage,Storage model 9,286.22,8,0.1,72.29
297,US-2023-100297,03/21/2023,03/24/2023,Standard Class,CU-10451,Customer 653,Consumer,United States,North Carolina,North Carolina,20789,South,TEC-MAC-6233,Technology,Machines,Machines model 299,2570.44,3,0.1,-4.6
298,US-2021-100298,07/29/2021,07/30/2021,Same Day,CU-10334,Customer 69,Consumer,United States,Illinois,Illinois,86444,Central,TEC-PHO-8473,Technology,Phones,Phones model 278,10135.84,8,0.1,1158.68
299,US-2022-100299,12/07/2022,12/11/2022,Standard Class,CU-10418,Customer 343,Corporate,United States,Washington,Washington,22901,West,OFF-BIN-7611,Office Supplies,Binders,Binders model 243,644.45,7,0.1,80.67
300,US-2023-100300,01/09/2023,01/14/2023,First Class,CU-10650,Customer 226,Consumer,United States,North Carolina,North Carolina,44773,South,OFF-STO-5963,Office Supplies,Storage,Storage model 119,81.79,1,0.1,23.21
301,US-2022-100301,07/20/2022,07/25/2022,Standard Class,CU-10344,Customer 199,Corporate,United States,Pennsylvania,Pennsylvania,58294,East,OFF-STO-7724,Office Supplies,Storage,Storage model 248,805.06,7,0.4,-77.46
302,US-2024-100302,02/29/2024,03/05/2024,Standard Class,CU-10408,Customer 638,Consumer,United States,New York,New York,18389,East,OFF-LAB-4238,Office Supplies,Labels,Labels model 22,231.23,3,0.0,38.36
303,US-2024-100303,04/28/2024,04/30/2024,Same Day,CU-10705,Customer 505,Home Office,United States,Florida,Florida,94992,South,OFF-BIN-7757,Office Supplies,Binders,Binders model 214,36.43,2,0.0,8.71
304,US-2021-100304,07/13/2021,07/20/2021,Standard Class,CU-10084,Customer 268,Consumer,United States,New York,New York,18132,East,TEC-ACC-4809,Technology,Accessories,Accessories model 149,2026.44,7,0.15,94.19
305,US-2023-100305,07/08/2023,07/15/2023,Standard Class,CU-10115,Customer 549,Consumer,United States,Texas,Texas,54413,Central,FUR-CHA-9706,Furniture,Chairs,Chairs model 195,2961.62,6,0.0,197.4
306,US-2021-100306,11/03/2021,11/05/2021,Same Day,CU-10297,Customer 434,Corporate,United States,California,California,48077,West,OFF-STO-7478,Office Supplies,Storage,Storage model 25,31.38,1,0.5,7.8
307,US-2023-100307,09/04/2023,09/05/2023,Standard Class,CU-10362,Customer 241,Consumer,United States,Georgia,Georgia,58454,South,FUR-BOO-6100,Furniture,Bookcases,Bookcases model 56,2628.41,8,0.1,901.25
308,US-2021-100308,12/20/2021,12/25/2021,Standard Class,CU-10211,Customer 649,Home Office,United States,Pennsylvania,Pennsylvania,50749,East,FUR-BOO-9670,Furniture,Bookcases,Bookcases model 27,563.01,3,0.15,123.79
309,US-2022-100309,08/31/2022,09/03/2022,First Class,CU-10721,Customer 311,Home Office,United States,Oregon,Oregon,55978,West,FUR-BOO-2620,Furniture,Bookcases,Bookcases model 107,2777.13,4,0.15,833.03
310,US-2021-100310,04/01/2021,04/04/2021,Standard Class,CU-10250,Customer 537,Consumer,United States,North Carolina,North Carolina,93217,South,FUR-TAB-7755,Furniture,Tables,Tables model 144,4480.29,6,0.1,589.97
311,US-2022-100311,05/05/2022,05/08/2022,First Class,CU-10574,Customer 147,Corporate,United States,Illinois,Illinois,36373,Central,OFF-PAP-3795,Office Supplies,Paper,Paper model 286,98.95,1,0.1,33.29
312,US-2023-100312,12/17/2023,12/22/2023,First Class,CU-10129,Customer 705,Corporate,United States,Pennsylvania,Pennsylvania,26290,East,TEC-COP-7922,Technology,Copiers,Copiers model 118,10061.27,7,0.0,4377.85
313,US-2021-100313,05/22/2021,05/23/2021,Standard Class,CU-10325,Customer 234,Corporate,United States,Oregon,Oregon,75633,West,FUR-CHA-1960,Furniture,Chairs,Chairs model 93,4670.18,8,0.1,-133.55
314,US-2021-100314,02/02/2021,02/07/2021,Standard Class,CU-10058,Customer 160,Home Office,United States,Oregon,Oregon,39088,West,OFF-LAB-2928,Office Supplies,Labels,Labels model 177,35.74,2,0.3,-4.57
315,US-2022-100315,10/05/2022,10/08/2022,Second Class,CU-10527,Customer 471,Corporate,United States,New Jersey,New Jersey,92378,East,TEC-ACC-5403,Technology,Accessories,Accessories model 156,9844.52,6,0.0,2786.42
316,US-2023-100316,06/10/2023,06/14/2023,Same Day,CU-10614,Customer 438,Corporate,United States,Washington,Washington,81838,West,TEC-COP-6359,Technology,Copiers,Copiers model 266,6272.46,4,0.0,221.35
317,US-2021-100317,03/01/2021,03/05/2021,Standard Class,CU-10383,Customer 114,Corporate,United States,Washington,Washington,55836,West,FUR-FUR-4094,Furniture,Furnishings,Furnishings model 7,5567.02,8,0.15,89.19
318,US-2021-100318,09/09/2021,09/15/2021,Standard Class,CU-10312,Customer 79,Consumer,United States,New Jersey,New Jersey,72136,East,OFF-LAB-8073,Office Supplies,Labels,Labels model 131,57.36,6,0.1,7.18
319,US-2022-100319,04/27/2022,05/01/2022,Standard Class,CU-10379,Customer 532,Home Office,United States,Pennsylvania,Pennsylvania,57139,East,OFF-PAP-6743,Office Supplies,Paper,Paper model 84,29.59,5,0.0,2.43
320,US-2021-100320,02/17/2021,02/19/2021,Same Day,CU-10015,Customer 202,Consumer,United States,Ohio,Ohio,36555,Central,OFF-PAP-7427,Office Supplies,Paper,Paper model 236,509.99,7,0.4,-52.88
321,US-2024-100321,09/25/2024,09/30/2024,First Class,CU-10719,Customer 521,Corporate,United States,New Jersey,New Jersey,19372,East,TEC-ACC-9232,Technology,Accessories,Accessories model 41,8711.63,7,0.1,642.94
322,US-2022-100322,08/25/2022,08/31/2022,Standard Class,CU-10441,Customer 715,Home Office,United States,New York,New York,19212,East,FUR-CHA-7140,Furniture,Chairs,Chairs model 62,6844.52,9,0.0,1407.51
323,US-2021-100323,02/11/2021,02/17/2021,Standard Class,CU-10600,Customer 52,Home Office,United States,Massachusetts,Massachusetts,50441,East,OFF-BIN-3345,Office Supplies,Binders,Binders model 34,125.42,9,0.0,7.36
324,US-2022-100324,05/09/2022,05/10/2022,Standard Class,CU-10780,Customer 453,Consumer,United States,Michigan,Michigan,88546,Central,OFF-BIN-7418,Office Supplies,Binders,Binders model 181,62.7,2,0.0,8.42
325,US-2023-100325,12/24/2023,12/31/2023,First Class,CU-10026,Customer 369,Home Office,United States,Florida,Florida,58329,South,OFF-STO-6634,Office Supplies,Storage,Storage model 196,819.59,7,0.0,129.56
326,US-2022-100326,11/05/2022,11/09/2022,Standard Class,CU-10574,Customer 224,Home Office,United States,Ohio,Ohio,23484,Central,OFF-LAB-2376,Office Supplies,Labels,Labels model 56,644.51,5,0.0,152.37
327,US-2024-100327,05/15/2024,05/16/2024,First Class,CU-10372,Customer 743,Consumer,United States,Oregon,Oregon,71727,West,FUR-FUR-7358,Furniture,Furnishings,Furnishings model 154,4710.67,6,0.3,497.55
328,US-2021-100328,02/09/2021,02/15/2021,Standard Class,CU-10798,Customer 751,Corporate,United States,Washington,Washington,87105,West,TEC-COP-9069,Technology,Copiers,Copiers model 87,7817.31,5,0.0,1887.8
329,US-2021-100329,07/07/2021,07/12/2021,Second Class,CU-10103,Customer 157,Home Office,United States,Michigan,Michigan,17590,Central,OFF-BIN-3332,Office Supplies,Binders,Binders model 20,221.28,8,0.0,110.25
330,US-2022-100330,08/23/2022,08/26/2022,Same Day,CU-10355,Customer 254,Home Office,United States,New York,New York,41526,East,TEC-ACC-7541,Technology,Accessories,Accessories model 4,2451.12,2,0.1,541.92
331,US-2024-100331,02/02/2024,02/09/2024,Second Class,CU-10501,Customer 355,Corporate,United States,New York,New York,94127,East,OFF-STO-8321,Office Supplies,Storage,Storage model 236,113.47,1,0.2,12.22
332,US-2024-100332,08/16/2024,08/20/2024,First Class,CU-10494,Customer 184,Home Office,United States,Massachusetts,Massachusetts,92831,East,TEC-MAC-9473,Technology,Machines,Machines model 31,1027.66,1,0.0,485.59
333,US-2021-100333,02/09/2021,02/15/2021,Standard Class,CU-10056,Customer 546,Consumer,United States,Ohio,Ohio,61168,Central,OFF-BIN-1754,Office Supplies,Binders,Binders model 71,56.7,7,0.2,5.93
334,US-2022-100334,10/26/2022,11/02/2022,First Class,CU-10415,Customer 191,Corporate,United States,Michigan,Michigan,72239,Central,OFF-LAB-8727,Office Supplies,Labels,Labels model 285,210.72,7,0.15,11.59
335,US-2023-100335,11/04/2023,11/06/2023,Standard Class,CU-10433,Customer 351,Home Office,United States,Illinois,Illinois,23195,Central,OFF-STO-7441,Office Supplies,Storage,Storage model 130,1028.49,7,0.0,319.0
336,US-2021-100336,05/03/2021,05/05/2021,Standard Class,CU-10472,Customer 621,Home Office,United States,Pennsylvania,Pennsylvania,38809,East,OFF-BIN-3692,Office Supplies,Binders,Binders model 68,900.26,9,0.3,157.48
337,US-2023-100337,01/04/2023,01/07/2023,Second Class,CU-10123,Customer 39,Consumer,United States,Pennsylvania,Pennsylvania,42340,East,TEC-COP-5922,Technology,Copiers,Copiers model 132,2001.01,5,0.2,324.32
338,US-2024-100338,05/22/2024,05/28/2024,First Class,CU-10638,Customer 380,Corporate,United States,Texas,Texas,43804,Central,FUR-FUR-4343,Furniture,Furnishings,Furnishings model 262,4648.51,7,0.1,147.11
339,US-2023-100339,11/09/2023,11/15/2023,Standard Class,CU-10120,Customer 230,Corporate,United States,Florida,Florida,37445,South,FUR-CHA-6793,Furniture,Chairs,Chairs model 54,805.4,3,0.0,141.51
340,US-2022-100340,01/07/2022,01/10/2022,First Class,CU-10149,Customer 80,Consumer,United States,Michigan,Michigan,43479,Central,OFF-PAP-7714,Office Supplies,Paper,Paper model 173,196.72,5,0.0,49.34
341,US-2022-100341,03/28/2022,03/31/2022,Standard Class,CU-10241,Customer 547,Home Office,United States,New Jersey,New Jersey,44321,East,OFF-LAB-5448,Office Supplies,Labels,Labels model 147,184.29,4,0.3,-45.3
342,US-2023-100342,04/12/2023,04/19/2023,Standard Class,CU-10522,Customer 563,Home Office,United States,Oregon,Oregon,84204,West,TEC-PHO-7569,Technology,Phones,Phones model 126,3929.7,6,0.0,-155.93
343,US-2023-100343,08/31/2023,09/02/2023,Standard Class,CU-10121,Customer 15,Corporate,United States,Illinois,Illinois,68310,Central,TEC-MAC-1684,Technology,Machines,Machines model 13,14288.48,8,0.0,3532.78
344,US-2024-100344,08/05/2024,08/07/2024,First Class,CU-10662,Customer 492,Consumer,United States,Georgia,Georgia,35217,South,OFF-ART-3945,Office Supplies,Art,Art model 232,403.73,6,0.2,-39.83
345,US-2024-100345,12/27/2024,12/31/2024,Standard Class,CU-10680,Customer 175,Home Office,United States,New York,New York,87056,East,OFF-PAP-1814,Office Supplies,Paper,Paper model 231,159.43,8,0.1,-3.4
346,US-2024-100346,02/24/2024,02/28/2024,Standard Class,CU-10104,Customer 622,Home Office,United States,California,California,56415,West,OFF-STO-8731,Office Supplies,Storage,Storage model 263,60.81,1,0.2,17.67
347,US-2023-100347,08/02/2023,08/06/2023,First Class,CU-10238,Customer 328,Corporate,United States,Florida,Florida,76000,South,OFF-BIN-1274,Office Supplies,Binders,Binders model 167,314.77,8,0.1,61.4
348,US-2024-100348,12/22/2024,12/26/2024,Second Class,CU-10616,Customer 335,Home Office,United States,New Jersey,New Jersey,87910,East,OFF-ART-7319,Office Supplies,Art,Art model 43,677.82,7,0.1,-73.41
349,US-2022-100349,08/27/2022,09/03/2022,Standard Class,CU-10394,Customer 175,Home Office,United States,Pennsylvania,Pennsylvania,16343,East,FUR-BOO-5284,Furniture,Bookcases,Bookcases model 205,2465.34,7,0.0,66.47
350,US-2021-100350,08/14/2021,08/20/2021,Standard Class,CU-10615,Customer 700,Corporate,United States,New York,New York,83216,East,OFF-ART-1888,Office Supplies,Art,Art model 48,58.14,8,0.5,-6.59
351,US-2023-100351,07/15/2023,07/19/2023,Standard Class,CU-10460,Customer 246,Home Office,United States,Michigan,Michigan,83922,Central,FUR-FUR-9252,Furniture,Furnishings,Furnishings model 24,2688.2,9,0.1,46.91
352,US-2023-100352,08/26/2023,09/01/2023,Second Class,CU-10679,Customer 147,Corporate,United States,Georgia,Georgia,89518,South,OFF-BIN-8665,Office Supplies,Binders,Binders model 71,894.32,9,0.1,183.03
353,US-2022-100353,08/13/2022,08/15/2022,First Class,CU-10782,Customer 514,Home Office,United States,Georgia,Georgia,98792,South,FUR-TAB-4302,Furniture,Tables,Tables model 195,813.67,2,0.1,-53.67
354,US-2024-100354,07/29/2024,07/31/2024,Standard Class,CU-10085,Customer 441,Home Office,United States,Oregon,Oregon,35809,West,TEC-MAC-6239,Technology,Machines,Machines model 41,4026.17,7,0.15,-70.71
355,US-2022-100355,02/18/2022,02/20/2022,Standard Class,CU-10750,Customer 381,Corporate,United States,Oregon,Oregon,27562,West,OFF-STO-2604,Office Supplies,Storage,Storage model 80,776.08,6,0.15,184.55
356,US-2023-100356,02/18/2023,02/20/2023,Standard Class,CU-10518,Customer 99,Consumer,United States,Washington,Washington,10083,West,OFF-STO-1144,Office Supplies,Storage,Storage model 142,380.47,7,0.0,170.88
357,US-2023-100357,10/07/2023,10/14/2023,Standard Class,CU-10172,Customer 530,Corporate,United States,California,California,47505,West,TEC-MAC-8122,Technology,Machines,Machines model 261,2880.9,2,0.2,297.25
358,US-2022-100358,10/21/2022,10/23/2022,First Class,CU-10548,Customer 750,Consumer,United States,Nevada,Nevada,40630,West,OFF-BIN-4525,Office Supplies,Binders,Binders model 262,203.25,3,0.15,38.49
359,US-2024-100359,12/20/2024,12/21/2024,First Class,CU-10224,Customer 573,Home Office,United States,Illinois,Illinois,94969,Central,OFF-BIN-9452,Office Supplies,Binders,Binders model 14,205.05,8,0.0,56.66
360,US-2022-100360,04/27/2022,04/30/2022,Second Class,CU-10228,Customer 635,Corporate,United States,Nevada,Nevada,86906,West,TEC-ACC-4867,Technology,Accessories,Accessories model 120,1293.19,1,0.1,-291.94
361,US-2021-100361,12/13/2021,12/17/2021,Standard Class,CU-10620,Customer 650,Corporate,United States,Oregon,Oregon,17780,West,OFF-STO-5507,Office Supplies,Storage,Storage model 128,538.8,8,0.1,60.89
362,US-2022-100362,11/07/2022,11/09/2022,Standard Class,CU-10489,Customer 276,Consumer,United States,California,California,23375,West,TEC-MAC-4764,Technology,Machines,Machines model 134,1239.97,3,0.0,361.32
363,US-2024-100363,02/03/2024,02/04/2024,First Class,CU-10269,Customer 99,Home Office,United States,New Jersey,New Jersey,40893,East,OFF-PAP-6741,Office Supplies,Paper,Paper model 71,289.23,7,0.1,11.6
364,US-2021-100364,09/30/2021,10/01/2021,Standard Class,CU-10104,Customer 180,Corporate,United States,Alabama,Alabama,13278,South,OFF-ART-5730,Office Supplies,Art,Art model 133,132.98,4,0.2,2.53
365,US-2024-100365,09/05/2024,09/07/2024,Same Day,CU-10423,Customer 324,Corporate,United States,Michigan,Michigan,15869,Central,FUR-FUR-9242,Furniture,Furnishings,Furnishings model 279,1046.12,3,0.1,51.45
366,US-2024-100366,04/25/2024,04/29/2024,Second Class,CU-10350,Customer 207,Home Office,United States,Oregon,Oregon,45759,West,TEC-ACC-6831,Technology,Accessories,Accessories model 2,2119.58,2,0.0,517.23
367,US-2022-100367,12/15/2022,12/19/2022,Standard Class,CU-10065,Customer 318,Home Office,United States,Pennsylvania,Pennsylvania,97024,East,FUR-BOO-9549,Furniture,Bookcases,Bookcases model 260,1208.34,5,0.5,136.36
368,US-2021-100368,07/19/2021,07/24/2021,Standard Class,CU-10392,Customer 357,Home Office,United States,Pennsylvania,Pennsylvania,53128,East,FUR-TAB-7111,Furniture,Tables,Tables model 252,321.51,5,0.0,96.4
369,US-2022-100369,09/24/2022,09/25/2022,Standard Class,CU-10370,Customer 143,Corporate,United States,Ohio,Ohio,56574,Central,FUR-CHA-2852,Furniture,Chairs,Chairs model 204,2127.43,3,0.15,608.6
370,US-2021-100370,02/12/2021,02/13/2021,Second Class,CU-10189,Customer 300,Corporate,United States,North Carolina,North Carolina,73362,South,OFF-LAB-9825,Office Supplies,Labels,Labels model 123,156.76,2,0.2,21.99
371,US-2024-100371,05/13/2024,05/19/2024,First Class,CU-10727,Customer 708,Home Office,United States,Washington,Washington,16632,West,OFF-BIN-4622,Office Supplies,Binders,Binders model 4,364.03,8,0.2,83.83
372,US-2022-100372,10/03/2022,10/06/2022,Standard Class,CU-10219,Customer 598,Home Office,United States,Florida,Florida,79787,South,TEC-PHO-1312,Technology,Phones,Phones model 61,3591.08,6,0.0,470.45
373,US-2024-100373,06/14/2024,06/15/2024,First Class,CU-10759,Customer 227,Consumer,United States,Oregon,Oregon,34429,West,FUR-FUR-9425,Furniture,Furnishings,Furnishings model 232,887.18,2,0.0,145.75
374,US-2022-100374,08/05/2022,08/07/2022,Standard Class,CU-10354,Customer 233,Home Office,United States,North Carolina,North Carolina,59897,South,OFF-BIN-8138,Office Supplies,Binders,Binders model 67,129.59,2,0.15,3.72
375,US-2023-100375,05/24/2023,05/26/2023,Second Class,CU-10477,Customer 674,Consumer,United States,Michigan,Michigan,45444,Central,OFF-PAP-6765,Office Supplies,Paper,Paper model 299,445.07,9,0.3,-73.31
376,US-2023-100376,02/03/2023,02/05/2023,Standard Class,CU-10553,Customer 506,Home Office,United States,California,California,35964,West,OFF-PAP-9012,Office Supplies,Paper,Paper model 54,235.86,7,0.3,1.83
377,US-2022-100377,05/12/2022,05/19/2022,First Class,CU-10097,Customer 697,Consumer,United States,Alabama,Alabama,39157,South,OFF-ART-1583,Office Supplies,Art,Art model 244,176.65,5,0.1,22.18
378,US-2021-100378,05/29/2021,06/01/2021,Standard Class,CU-10311,Customer 525,Consumer,United States,Oregon,Oregon,53645,West,TEC-ACC-3887,Technology,Accessories,Accessories model 215,13908.77,9,0.1,983.49
379,US-2023-100379,08/25/2023,08/31/2023,Standard Class,CU-10200,Customer 318,Corporate,United States,Washington,Washington,87249,West,OFF-ART-4437,Office Supplies,Art,Art model 16,76.96,3,0.2,6.0
380,US-2023-100380,03/21/2023,03/27/2023,Standard Class,CU-10476,Customer 702,Corporate,United States,New Jersey,New Jersey,98256,East,OFF-LAB-6634,Office Supplies,Labels,Labels model 69,100.06,1,0.0,-1.74
381,US-2021-100381,04/27/2021,04/30/2021,Standard Class,CU-10571,Customer 9,Corporate,United States,Florida,Florida,43340,South,OFF-LAB-1179,Office Supplies,Labels,Labels model 96,196.46,7,0.0,1.79
382,US-2024-100382,03/27/2024,03/28/2024,First Class,CU-10253,Customer 241,Corporate,United States,Texas,Texas,92259,Central,OFF-ART-1963,Office Supplies,Art,Art model 273,173.46,2,0.1,-13.86
383,US-2021-100383,12/24/2021,12/27/2021,First Class,CU-10266,Customer 213,Corporate,United States,Florida,Florida,73338,South,FUR-CHA-5407,Furniture,Chairs,Chairs model 107,1176.28,2,0.0,228.62
384,US-2024-100384,11/01/2024,11/05/2024,Standard Class,CU-10282,Customer 522,Consumer,United States,Michigan,Michigan,49562,Central,FUR-BOO-6883,Furniture,Bookcases,Bookcases model 232,4847.12,9,0.2,27.88
385,US-2021-100385,10/24/2021,10/26/2021,Standard Class,CU-10425,Customer 392,Home Office,United States,Michigan,Michigan,64075,Central,OFF-ART-9629,Office Supplies,Art,Art model 131,661.82,6,0.0,110.16
386,US-2022-100386,11/15/2022,11/20/2022,Standard Class,CU-10508,Customer 680,Corporate,United States,Ohio,Ohio,86646,Central,TEC-COP-1611,Technology,Copiers,Copiers model 14,1816.47,3,0.15,78.2
387,US-2022-100387,06/21/2022,06/28/2022,Standard Class,CU-10152,Customer 336,Consumer,United States,North Carolina,North Carolina,32120,South,FUR-TAB-2359,Furniture,Tables,Tables model 299,5612.86,7,0.0,1707.38
388,US-2023-100388,07/24/2023,07/31/2023,Standard Class,CU-10180,Customer 562,Home Office,United States,Texas,Texas,59466,Central,FUR-FUR-9813,Furniture,Furnishings,Furnishings model 181,3071.43,8,0.2,129.38
389,US-2024-100389,08/16/2024,08/19/2024,Standard Class,CU-10115,Customer 301,Corporate,United States,Texas,Texas,36488,Central,FUR-BOO-4716,Furniture,Bookcases,Bookcases model 103,3234.5,4,0.1,624.81
390,US-2023-100390,06/15/2023,06/17/2023,Standard Class,CU-10390,Customer 287,Home Office,United States,Pennsylvania,Pennsylvania,14642,East,TEC-ACC-8714,Technology,Accessories,Accessories model 279,5255.1,4,0.0,423.02
391,US-2023-100391,12/30/2023,01/06/2024,Standard Class,CU-10232,Customer 11,Corporate,United States,Pennsylvania,Pennsylvania,72043,East,OFF-ART-9106,Office Supplies,Art,Art model 193,892.67,8,0.1,-241.75
392,US-2024-100392,04/10/2024,04/13/2024,Standard Class,CU-10018,Customer 549,Home Office,United States,Ohio,Ohio,85300,Central,OFF-LAB-4140,Office Supplies,Labels,Labels model 52,872.85,7,0.0,208.17
393,US-2021-100393,05/02/2021,05/03/2021,Standard Class,CU-10741,Customer 85,Home Office,United States,Oregon,Oregon,48848,West,TEC-COP-3336,Technology,Copiers,Copiers model 166,167.32,1,0.1,1.02
394,US-2021-100394,06/30/2021,07/02/2021,First Class,CU-10733,Customer 778,Corporate,United States,North Carolina,North Carolina,55002,South,OFF-BIN-5726,Office Supplies,Binders,Binders model 17,387.59,8,0.0,-12.3
395,US-2023-100395,11/08/2023,11/13/2023,Standard Class,CU-10450,Customer 466,Home Office,United States,New York,New York,90485,East,TEC-PHO-7927,Technology,Phones,Phones model 83,591.16,1,0.3,-2.33
396,US-2023-100396,08/09/2023,08/11/2023,Same Day,CU-10050,Customer 388,Consumer,United States,New Jersey,New Jersey,94556,East,OFF-BIN-5511,Office Supplies,Binders,Binders model 38,50.53,1,0.1,1.23
397,US-2023-100397,01/02/2023,01/05/2023,Standard Class,CU-10597,Customer 594,Corporate,United States,Georgia,Georgia,25695,South,OFF-ART-9020,Office Supplies,Art,Art model 15,152.17,3,0.15,41.53
398,US-2024-100398,11/19/2024,11/23/2024,Standard Class,CU-10526,Customer 583,Corporate,United States,New York,New York,57742,East,OFF-BIN-5062,Office Supplies,Binders,Binders model 268,27.33,5,0.0,0.92
399,US-2023-100399,12/22/2023,12/23/2023,Standard Class,CU-10539,Customer 794,Home Office,United States,Oregon,Oregon,33157,West,OFF-ART-7239,Office Supplies,Art,Art model 52,292.52,2,0.0,54.37
400,US-2023-100400,07/25/2023,07/26/2023,Same Day,CU-10041,Customer 609,Consumer,United States,Florida,Florida,91987,South,FUR-CHA-3878,Furniture,Chairs,Chairs model 122,7336.71,9,0.1,-553.45
401,US-2022-100401,05/06/2022,05/09/2022,Standard Class,CU-10098,Customer 748,Consumer,United States,Illinois,Illinois,22386,Central,FUR-CHA-1478,Furniture,Chairs,Chairs model 2,137.01,1,0.0,57.67
402,US-2021-100402,01/28/2021,02/04/2021,Standard Class,CU-10324,Customer 509,Consumer,United States,California,California,60833,West,TEC-PHO-3462,Technology,Phones,Phones model 42,2316.61,2,0.0,989.13
403,US-2024-100403,12/11/2024,12/15/2024,Standard Class,CU-10522,Customer 311,Consumer,United States,Georgia,Georgia,33230,South,OFF-PAP-1353,Office Supplies,Paper,Paper model 241,249.06,8,0.3,66.24
404,US-2022-100404,05/30/2022,06/02/2022,Standard Class,CU-10341,Customer 205,Corporate,United States,Nevada,Nevada,14476,West,OFF-LAB-7583,Office Supplies,Labels,Labels model 99,794.93,8,0.0,121.38
405,US-2022-100405,11/23/2022,11/30/2022,Second Class,CU-10700,Customer 594,Consumer,United States,Alabama,Alabama,26000,South,OFF-LAB-6101,Office Supplies,Labels,Labels model 219,731.27,6,0.2,221.68
406,US-2021-100406,09/20/2021,09/23/2021,Standard Class,CU-10159,Customer 506,Consumer,United States,Alabama,Alabama,50351,South,TEC-MAC-5877,Technology,Machines,Machines model 258,9308.7,9,0.0,-962.61
407,US-2022-100407,02/16/2022,02/23/2022,Standard Class,CU-10193,Customer 131,Home Office,United States,Oregon,Oregon,11103,West,OFF-ART-4235,Office Supplies,Art,Art model 190,105.55,6,0.15,2.12
408,US-2024-100408,10/30/2024,11/01/2024,Standard Class,CU-10340,Customer 62,Corporate,United States,Massachusetts,Massachusetts,92613,East,FUR-CHA-1322,Furniture,Chairs,Chairs model 122,1053.1,4,0.0,206.38
409,US-2024-100409,05/28/2024,06/04/2024,Standard Class,CU-10032,Customer 467,Corporate,United States,Georgia,Georgia,78924,South,OFF-BIN-3357,Office Supplies,Binders,Binders model 223,92.32,4,0.4,-14.61
410,US-2022-100410,02/13/2022,02/19/2022,First Class,CU-10556,Customer 566,Corporate,United States,California,California,62418,West,OFF-BIN-8640,Office Supplies,Binders,Binders model 90,375.8,3,0.0,23.52
411,US-2021-100411,07/05/2021,07/10/2021,First Class,CU-10163,Customer 502,Home Office,United States,California,California,63606,West,OFF-ART-3949,Office Supplies,Art,Art model 125,763.48,7,0.15,55.92
412,US-2021-100412,02/15/2021,02/16/2021,First Class,CU-10113,Customer 18,Consumer,United States,Illinois,Illinois,38412,Central,OFF-LAB-6364,Office Supplies,Labels,Labels model 44,1034.04,8,0.1,267.08
413,US-2021-100413,04/10/2021,04/15/2021,Second Class,CU-10545,Customer 721,Home Office,United States,Nevada,Nevada,80506,West,OFF-BIN-9578,Office Supplies,Binders,Binders model 57,498.81,5,0.3,88.68
414,US-2021-100414,10/17/2021,10/19/2021,Standard Class,CU-10364,Customer 493,Consumer,United States,California,California,47047,West,FUR-FUR-3781,Furniture,Furnishings,Furnishings model 94,2858.23,4,0.5,-916.08
415,US-2023-100415,01/25/2023,01/30/2023,Standard Class,CU-10160,Customer 604,Corporate,United States,Washington,Washington,30385,West,FUR-TAB-5521,Furniture,Tables,Tables model 245,1061.95,3,0.2,-136.86
416,US-2023-100416,05/17/2023,05/19/2023,Standard Class,CU-10581,Customer 799,Consumer,United States,Georgia,Georgia,54048,South,OFF-ART-7874,Office Supplies,Art,Art model 235,66.75,7,0.0,36.32
417,US-2024-100417,09/10/2024,09/17/2024,Standard Class,CU-10653,Customer 293,Home Office,United States,New York,New York,75849,East,OFF-LAB-3395,Office Supplies,Labels,Labels model 28,268.14,3,0.1,42.95
418,US-2024-100418,01/16/2024,01/18/2024,First Class,CU-10103,Customer 322,Corporate,United States,Ohio,Ohio,41683,Central,TEC-PHO-7620,Technology,Phones,Phones model 161,1188.59,1,0.4,68.95
419,US-2023-100419,01/20/2023,01/26/2023,Standard Class,CU-10139,Customer 512,Consumer,United States,Illinois,Illinois,71677,Central,OFF-BIN-6684,Office Supplies,Binders,Binders model 34,704.0,9,0.15,116.56
420,US-2022-100420,04/12/2022,04/18/2022,First Class,CU-10636,Customer 629,Home Office,United States,New York,New York,28695,East,FUR-TAB-9212,Furniture,Tables,Tables model 205,325.05,2,0.15,6.42
421,US-2023-100421,02/07/2023,02/12/2023,First Class,CU-10799,Customer 619,Home Office,United States,New York,New York,89246,East,OFF-PAP-8376,Office Supplies,Paper,Paper model 43,29.37,6,0.1,3.86
422,US-2024-100422,08/30/2024,09/04/2024,Standard Class,CU-10189,Customer 442,Corporate,United States,Illinois,Illinois,32940,Central,OFF-ART-8640,Office Supplies,Art,Art model 52,913.53,8,0.4,121.07
423,US-2022-100423,05/13/2022,05/20/2022,Standard Class,CU-10290,Customer 69,Corporate,United States,Michigan,Michigan,52127,Central,OFF-BIN-7584,Office Supplies,Binders,Binders model 98,300.84,5,0.15,5.99
424,US-2022-100424,12/06/2022,12/08/2022,Standard Class,CU-10116,Customer 682,Consumer,United States,California,California,92371,West,FUR-FUR-9377,Furniture,Furnishings,Furnishings model 92,2074.5,4,0.1,32.6
425,US-2023-100425,12/02/2023,12/05/2023,Second Class,CU-10673,Customer 383,Consumer,United States,New York,New York,43244,East,TEC-COP-7687,Technology,Copiers,Copiers model 1,7163.42,5,0.2,970.22
426,US-2022-100426,09/27/2022,10/02/2022,Standard Class,CU-10440,Customer 777,Corporate,United States,Massachusetts,Massachusetts,15791,East,OFF-STO-3976,Office Supplies,Storage,Storage model 105,139.31,1,0.15,36.75
427,US-2024-100427,06/24/2024,06/27/2024,Standard Class,CU-10266,Customer 739,Consumer,United States,Texas,Texas,93946,Central,TEC-ACC-7800,Technology,Accessories,Accessories model 74,9769.64,6,0.1,-841.38
428,US-2023-100428,04/11/2023,04/18/2023,Same Day,CU-10118,Customer 477,Home Office,United States,Michigan,Michigan,70905,Central,FUR-BOO-3077,Furniture,Bookcases,Bookcases model 255,65.94,1,0.0,11.35
429,US-2023-100429,05/18/2023,05/21/2023,Second Class,CU-10573,Customer 329,Corporate,United States,Ohio,Ohio,48405,Central,OFF-ART-6503,Office Supplies,Art,Art model 237,1285.52,9,0.0,-126.5
430,US-2021-100430,12/20/2021,12/25/2021,First Class,CU-10732,Customer 361,Corporate,United States,Oregon,Oregon,91936,West,OFF-BIN-5793,Office Supplies,Binders,Binders model 164,599.54,7,0.1,167.08
431,US-2023-100431,03/16/2023,03/20/2023,Standard Class,CU-10567,Customer 120,Consumer,United States,Oregon,Oregon,49640,West,OFF-BIN-1755,Office Supplies,Binders,Binders model 250,309.65,3,0.15,37.92
432,US-2022-100432,02/09/2022,02/12/2022,Standard Class,CU-10513,Customer 513,Home Office,United States,North Carolina,North Carolina,37328,South,OFF-BIN-3144,Office Supplies,Binders,Binders model 126,30.59,5,0.2,4.68
433,US-2024-100433,06/05/2024,06/06/2024,Second Class,CU-10534,Customer 504,Home Office,United States,Texas,Texas,80554,Central,FUR-CHA-1472,Furniture,Chairs,Chairs model 113,1043.57,4,0.15,152.01
434,US-2024-100434,04/18/2024,04/19/2024,Standard Class,CU-10347,Customer 768,Home Office,United States,Oregon,Oregon,28262,West,OFF-PAP-7358,Office Supplies,Paper,Paper model 273,1143.91,9,0.15,-32.18
435,US-2023-100435,12/20/2023,12/23/2023,First Class,CU-10012,Customer 281,Consumer,United States,Alabama,Alabama,69144,South,OFF-BIN-7234,Office Supplies,Binders,Binders model 249,113.92,5,0.15,12.93
436,US-2023-100436,07/10/2023,07/14/2023,First Class,CU-10412,Customer 419,Corporate,United States,North Carolina,North Carolina,43570,South,OFF-LAB-8768,Office Supplies,Labels,Labels model 52,81.53,3,0.2,28.58
437,US-2024-100437,01/13/2024,01/14/2024,First Class,CU-10156,Customer 132,Home Office,United States,Michigan,Michigan,77452,Central,FUR-CHA-1052,Furniture,Chairs,Chairs model 88,4223.58,6,0.0,393.3
438,US-2023-100438,05/14/2023,05/15/2023,First Class,CU-10658,Customer 357,Corporate,United States,New York,New York,85536,East,TEC-COP-7988,Technology,Copiers,Copiers model 18,5373.0,4,0.1,1449.03
439,US-2022-100439,04/13/2022,04/20/2022,Standard Class,CU-10548,Customer 588,Corporate,United States,Michigan,Michigan,78704,Central,OFF-ART-3970,Office Supplies,Art,Art model 20,258.21,9,0.5,-46.02
440,US-2024-100440,02/05/2024,02/12/2024,Second Class,CU-10520,Customer 613,Home Office,United States,California,California,90609,West,TEC-COP-7749,Technology,Copiers,Copiers model 47,4156.63,7,0.0,630.84
441,US-2021-100441,04/05/2021,04/12/2021,Standard Class,CU-10304,Customer 2,Home Office,United States,Nevada,Nevada,26482,West,OFF-ART-9410,Office Supplies,Art,Art model 286,178.09,2,0.3,23.23
442,US-2024-100442,01/12/2024,01/15/2024,Standard Class,CU-10607,Customer 14,Consumer,United States,Nevada,Nevada,14784,West,FUR-FUR-7132,Furniture,Furnishings,Furnishings model 24,2069.86,3,0.0,578.3
443,US-2024-100443,04/14/2024,04/18/2024,First Class,CU-10330,Customer 673,Corporate,United States,Massachusetts,Massachusetts,31851,East,TEC-ACC-9833,Technology,Accessories,Accessories model 158,4505.21,7,0.2,1084.4
444,US-2023-100444,09/02/2023,09/06/2023,Standard Class,CU-10579,Customer 72,Corporate,United States,California,California,76380,West,OFF-BIN-8305,Office Supplies,Binders,Binders model 263,579.48,4,0.1,-50.55
445,US-2024-100445,01/13/2024,01/19/2024,First Class,CU-10552,Customer 415,Home Office,United States,Alabama,Alabama,69362,South,OFF-LAB-6139,Office Supplies,Labels,Labels model 119,41.17,2,0.15,5.98
446,US-2023-100446,12/11/2023,12/15/2023,Standard Class,CU-10407,Customer 622,Home Office,United States,Georgia,Georgia,16722,South,OFF-ART-6796,Office Supplies,Art,Art model 204,643.58,6,0.0,118.57
447,US-2021-100447,12/30/2021,01/02/2022,Standard Class,CU-10161,Customer 362,Corporate,United States,Michigan,Michigan,42959,Central,TEC-ACC-5464,Technology,Accessories,Accessories model 48,4648.3,4,0.3,-930.07
448,US-2023-100448,01/27/2023,02/02/2023,First Class,CU-10536,Customer 709,Home Office,United States,Oregon,Oregon,56134,West,OFF-PAP-8959,Office Supplies,Paper,Paper model 142,206.67,4,0.1,9.97
449,US-2023-100449,06/14/2023,06/16/2023,Second Class,CU-10453,Customer 544,Consumer,United States,New York,New York,99536,East,OFF-PAP-8621,Office Supplies,Paper,Paper model 259,803.6,6,0.0,-232.87
450,US-2023-100450,06/29/2023,07/05/2023,Second Class,CU-10465,Customer 555,Home Office,United States,New York,New York,76098,East,FUR-CHA-9921,Furniture,Chairs,Chairs model 202,3718.09,8,0.15,530.58
451,US-2021-100451,07/01/2021,07/02/2021,Standard Class,CU-10156,Customer 436,Corporate,United States,Illinois,Illinois,64664,Central,OFF-LAB-4956,Office Supplies,Labels,Labels model 53,93.93,2,0.0,26.22
452,US-2021-100452,11/10/2021,11/12/2021,First Class,CU-10628,Customer 768,Home Office,United States,New Jersey,New Jersey,17636,East,OFF-PAP-2058,Office Supplies,Paper,Paper model 289,382.06,5,0.0,91.01
453,US-2023-100453,02/12/2023,02/13/2023,Standard Class,CU-10621,Customer 562,Consumer,United States,North Carolina,North Carolina,22453,South,TEC-ACC-8038,Technology,Accessories,Accessories model 239,6931.28,7,0.0,3251.5
454,US-2021-100454,07/19/2021,07/24/2021,Standard Class,CU-10233,Customer 446,Consumer,United States,Georgia,Georgia,63512,South,OFF-LAB-6812,Office Supplies,Labels,Labels model 239,840.23,6,0.1,132.35
455,US-2023-100455,02/18/2023,02/22/2023,First Class,CU-10007,Customer 515,Home Office,United States,Alabama,Alabama,88969,South,OFF-LAB-3248,Office Supplies,Labels,Labels model 14,341.88,7,0.0,132.04
456,US-2023-100456,05/23/2023,05/25/2023,Second Class,CU-10214,Customer 501,Corporate,United States,Massachusetts,Massachusetts,63488,East,OFF-PAP-8190,Office Supplies,Paper,Paper model 45,37.98,1,0.15,-3.38
457,US-2021-100457,09/03/2021,09/04/2021,Standard Class,CU-10533,Customer 422,Home Office,United States,Nevada,Nevada,48719,West,OFF-BIN-2897,Office Supplies,Binders,Binders model 192,482.8,5,0.1,123.43
458,US-2022-100458,04/03/2022,04/06/2022,Second Class,CU-10011,Customer 109,Consumer,United States,North Carolina,North Carolina,35782,South,OFF-BIN-4135,Office Supplies,Binders,Binders model 186,589.4,8,0.15,294.26
459,US-2023-100459,12/13/2023,12/17/2023,Second Class,CU-10796,Customer 725,Consumer,United States,Ohio,Ohio,55077,Central,FUR-CHA-2214,Furniture,Chairs,Chairs model 162,4368.22,5,0.0,404.7
460,US-2023-100460,09/18/2023,09/21/2023,Same Day,CU-10034,Customer 372,Corporate,United States,Nevada,Nevada,91714,West,OFF-PAP-9807,Office Supplies,Paper,Paper model 172,856.53,6,0.0,-32.71
461,US-2021-100461,04/03/2021,04/10/2021,Standard Class,CU-10655,Customer 493,Home Office,United States,Pennsylvania,Pennsylvania,68982,East,TEC-ACC-9836,Technology,Accessories,Accessories model 256,4235.91,4,0.0,376.45
462,US-2024-100462,11/18/2024,11/23/2024,Second Class,CU-10008,Customer 562,Consumer,United States,Nevada,Nevada,95388,West,OFF-LAB-5175,Office Supplies,Labels,Labels model 293,202.23,9,0.0,16.77
463,US-2021-100463,07/07/2021,07/13/2021,Standard Class,CU-10696,Customer 207,Home Office,United States,Ohio,Ohio,21199,Central,TEC-PHO-3484,Technology,Phones,Phones model 7,1668.95,1,0.0,507.87
464,US-2021-100464,09/10/2021,09/12/2021,Standard Class,CU-10176,Customer 458,Corporate,United States,Alabama,Alabama,18646,South,TEC-COP-3855,Technology,Copiers,Copiers model 80,589.77,7,0.2,44.63
465,US-2021-100465,03/21/2021,03/27/2021,First Class,CU-10180,Customer 592,Home Office,United States,Oregon,Oregon,67159,West,OFF-STO-8916,Office Supplies,Storage,Storage model 121,70.48,7,0.15,11.78
466,US-2024-100466,10/26/2024,11/02/2024,Standard Class,CU-10389,Customer 22,Home Office,United States,California,California,26468,West,OFF-STO-1920,Office Supplies,Storage,Storage model 243,127.97,3,0.3,19.03
467,US-2024-100467,07/21/2024,07/22/2024,First Class,CU-10684,Customer 416,Home Office,United States,New Jersey,New Jersey,54244,East,OFF-ART-1981,Office Supplies,Art,Art model 73,9.79,1,0.0,-0.42
468,US-2021-100468,03/16/2021,03/17/2021,Second Class,CU-10493,Customer 305,Consumer,United States,Georgia,Georgia,22564,South,FUR-TAB-5820,Furniture,Tables,Tables model 166,565.93,1,0.0,138.1
469,US-2023-100469,11/23/2023,11/27/2023,Standard Class,CU-10773,Customer 383,Corporate,United States,Texas,Texas,33505,Central,TEC-COP-2813,Technology,Copiers,Copiers model 285,5443.25,8,0.15,1.51
470,US-2023-100470,09/01/2023,09/02/2023,Standard Class,CU-10690,Customer 198,Consumer,United States,Illinois,Illinois,38605,Central,OFF-ART-5578,Office Supplies,Art,Art model 74,62.61,5,0.15,-5.65
471,US-2021-100471,05/31/2021,06/03/2021,Standard Class,CU-10512,Customer 694,Home Office,United States,Florida,Florida,26486,South,FUR-TAB-2458,Furniture,Tables,Tables model 134,1999.05,3,0.0,636.37
472,US-2022-100472,11/10/2022,11/15/2022,First Class,CU-10489,Customer 231,Home Office,United States,Texas,Texas,74885,Central,FUR-BOO-2794,Furniture,Bookcases,Bookcases model 108,1645.2,3,0.3,-638.13
473,US-2023-100473,03/12/2023,03/16/2023,Standard Class,CU-10034,Customer 223,Home Office,United States,Georgia,Georgia,90240,South,FUR-CHA-8640,Furniture,Chairs,Chairs model 196,254.77,5,0.15,-27.18
474,US-2021-100474,01/14/2021,01/19/2021,Second Class,CU-10784,Customer 473,Home Office,United States,Michigan,Michigan,42326,Central,OFF-STO-9748,Office Supplies,Storage,Storage model 112,360.08,6,0.1,-68.54
475,US-2022-100475,07/20/2022,07/26/2022,Second Class,CU-10528,Customer 38,Consumer,United States,Georgia,Georgia,85580,South,OFF-BIN-2941,Office Supplies,Binders,Binders model 41,663.39,6,0.0,-14.37
476,US-2021-100476,06/05/2021,06/08/2021,Standard Class,CU-10630,Customer 674,Corporate,United States,Florida,Florida,70961,South,FUR-CHA-4487,Furniture,Chairs,Chairs model 119,855.58,5,0.1,202.5
477,US-2023-100477,01/30/2023,01/31/2023,Second Class,CU-10599,Customer 301,Home Office,United States,Pennsylvania,Pennsylvania,27594,East,TEC-PHO-5858,Technology,Phones,Phones model 131,2530.03,5,0.0,699.8
478,US-2021-100478,03/10/2021,03/12/2021,First Class,CU-10407,Customer 767,Home Office,United States,Washington,Washington,54093,West,OFF-PAP-9666,Office Supplies,Paper,Paper model 245,438.85,6,0.1,-33.96
479,US-2023-100479,06/28/2023,07/01/2023,Second Class,CU-10534,Customer 114,Corporate,United States,Florida,Florida,25033,South,FUR-CHA-5541,Furniture,Chairs,Chairs model 28,6099.54,8,0.0,791.38
480,US-2021-100480,12/15/2021,12/18/2021,Second Class,CU-10666,Customer 660,Corporate,United States,Nevada,Nevada,19966,West,OFF-LAB-9543,Office Supplies,Labels,Labels model 145,122.42,2,0.3,10.55
481,US-2023-100481,08/20/2023,08/21/2023,Standard Class,CU-10563,Customer 651,Consumer,United States,Texas,Texas,51517,Central,FUR-FUR-1612,Furniture,Furnishings,Furnishings model 67,2045.88,5,0.2,56.32
482,US-2022-100482,07/30/2022,08/05/2022,Standard Class,CU-10168,Customer 368,Home Office,United States,Michigan,Michigan,17797,Central,FUR-BOO-9972,Furniture,Bookcases,Bookcases model 251,3428.86,6,0.2,269.96
483,US-2022-100483,01/28/2022,01/31/2022,Second Class,CU-10712,Customer 252,Home Office,United States,New Jersey,New Jersey,82403,East,TEC-ACC-9411,Technology,Accessories,Accessories model 193,5580.83,4,0.5,-147.56
484,US-2024-100484,09/29/2024,10/03/2024,Standard Class,CU-10417,Customer 28,Corporate,United States,Georgia,Georgia,73847,South,FUR-FUR-8719,Furniture,Furnishings,Furnishings model 47,1432.92,8,0.15,550.99
485,US-2021-100485,07/22/2021,07/27/2021,Standard Class,CU-10404,Customer 589,Consumer,United States,Nevada,Nevada,87870,West,FUR-FUR-3502,Furniture,Furnishings,Furnishings model 33,479.19,1,0.15,-134.19
486,US-2023-100486,12/28/2023,01/02/2024,Second Class,CU-10322,Customer 694,Corporate,United States,Michigan,Michigan,44113,Central,TEC-PHO-3386,Technology,Phones,Phones model 128,5025.84,3,0.1,-1262.01
487,US-2023-100487,02/09/2023,02/16/2023,Second Class,CU-10724,Customer 401,Corporate,United States,Illinois,Illinois,54535,Central,OFF-BIN-7656,Office Supplies,Binders,Binders model 206,606.02,9,0.15,150.44
488,US-2022-100488,07/27/2022,07/31/2022,Standard Class,CU-10218,Customer 108,Corporate,United States,Alabama,Alabama,67545,South,OFF-LAB-9278,Office Supplies,Labels,Labels model 156,408.07,8,0.1,148.36
489,US-2023-100489,07/02/2023,07/06/2023,Second Class,CU-10164,Customer 674,Home Office,United States,California,California,35586,West,OFF-LAB-6782,Office Supplies,Labels,Labels model 62,320.39,3,0.0,115.97
490,US-2024-100490,04/13/2024,04/17/2024,Standard Class,CU-10564,Customer 114,Home Office,United States,Washington,Washington,21553,West,OFF-LAB-9278,Office Supplies,Labels,Labels model 292,502.46,5,0.0,92.24
491,US-2024-100491,12/09/2024,12/12/2024,First Class,CU-10106,Customer 701,Corporate,United States,California,California,24497,West,OFF-BIN-3831,Office Supplies,Binders,Binders model 63,230.11,2,0.0,-4.03
492,US-2021-100492,06/22/2021,06/28/2021,Standard Class,CU-10769,Customer 390,Consumer,United States,New York,New York,95209,East,FUR-TAB-5683,Furniture,Tables,Tables model 160,1364.65,6,0.0,190.85
493,US-2021-100493,06/24/2021,07/01/2021,Standard Class,CU-10552,Customer 226,Consumer,United States,Florida,Florida,20300,South,FUR-CHA-3086,Furniture,Chairs,Chairs model 119,1917.9,6,0.2,5.25
494,US-2023-100494,05/15/2023,05/19/2023,First Class,CU-10087,Customer 195,Home Office,United States,Pennsylvania,Pennsylvania,61750,East,OFF-BIN-7727,Office Supplies,Binders,Binders model 148,267.36,3,0.1,67.25
495,US-2024-100495,05/29/2024,05/31/2024,Standard Class,CU-10122,Customer 738,Corporate,United States,Ohio,Ohio,54174,Central,TEC-COP-4955,Technology,Copiers,Copiers model 82,1180.63,1,0.2,-33.85
496,US-2021-100496,05/25/2021,05/31/2021,Standard Class,CU-10408,Customer 326,Home Office,United States,Oregon,Oregon,86977,West,OFF-ART-4221,Office Supplies,Art,Art model 75,282.91,8,0.2,18.19
497,US-2024-100497,03/12/2024,03/15/2024,Standard Class,CU-10485,Customer 386,Corporate,United States,North Carolina,North Carolina,32212,South,TEC-COP-4803,Technology,Copiers,Copiers model 104,277.85,1,0.0,62.36
498,US-2024-100498,03/04/2024,03/10/2024,Standard Class,CU-10779,Customer 523,Consumer,United States,Ohio,Ohio,69830,Central,TEC-MAC-3988,Technology,Machines,Machines model 254,1213.58,1,0.0,685.28
499,US-2023-100499,08/17/2023,08/21/2023,First Class,CU-10377,Customer 735,Consumer,United States,Texas,Texas,79568,Central,FUR-FUR-2790,Furniture,Furnishings,Furnishings model 13,1103.93,3,0.0,406.62
500,US-2024-100500,07/21/2024,07/26/2024,Second Class,CU-10629,Customer 724,Consumer,United States,Alabama,Alabama,68611,South,OFF-BIN-7807,Office Supplies,Binders,Binders model 63,217.06,7,0.0,12.48
501,US-2022-100501,06/06/2022,06/07/2022,Standard Class,CU-10175,Customer 233,Consumer,United States,Washington,Washington,34665,West,OFF-LAB-4816,Office Supplies,Labels,Labels model 297,1349.33,9,0.0,249.9
502,US-2023-100502,01/12/2023,01/14/2023,First Class,CU-10098,Customer 573,Home Office,United States,Oregon,Oregon,56618,West,OFF-BIN-7010,Office Supplies,Binders,Binders model 78,356.36,5,0.3,-73.45
503,US-2021-100503,03/04/2021,03/10/2021,Standard Class,CU-10223,Customer 349,Home Office,United States,Massachusetts,Massachusetts,86864,East,OFF-BIN-7297,Office Supplies,Binders,Binders model 44,358.57,9,0.0,87.21
504,US-2022-100504,11/21/2022,11/24/2022,Second Class,CU-10094,Customer 602,Corporate,United States,Ohio,Ohio,90849,Central,OFF-PAP-3648,Office Supplies,Paper,Paper model 210,65.45,1,0.15,8.09
505,US-2022-100505,06/07/2022,06/11/2022,Second Class,CU-10499,Customer 488,Home Office,United States,New Jersey,New Jersey,77439,East,OFF-ART-3157,Office Supplies,Art,Art model 54,303.21,3,0.4,-66.59
506,US-2021-100506,02/15/2021,02/22/2021,Same Day,CU-10691,Customer 617,Home Office,United States,Washington,Washington,41417,West,FUR-CHA-8028,Furniture,Chairs,Chairs model 74,3776.36,8,0.1,-113.49
507,US-2023-100507,03/15/2023,03/16/2023,Standard Class,CU-10091,Customer 436,Corporate,United States,Georgia,Georgia,19773,South,OFF-BIN-3740,Office Supplies,Binders,Binders model 4,225.44,8,0.0,67.08
508,US-2021-100508,08/30/2021,08/31/2021,First Class,CU-10788,Customer 271,Corporate,United States,Oregon,Oregon,34600,West,OFF-PAP-3239,Office Supplies,Paper,Paper model 1,129.46,2,0.0,29.43
509,US-2024-100509,12/16/2024,12/21/2024,Standard Class,CU-10466,Customer 179,Corporate,United States,Pennsylvania,Pennsylvania,81321,East,TEC-PHO-5063,Technology,Phones,Phones model 79,6224.39,5,0.0,1193.18
510,US-2021-100510,03/21/2021,03/24/2021,Standard Class,CU-10018,Customer 239,Home Office,United States,California,California,12313,West,TEC-ACC-9445,Technology,Accessories,Accessories model 275,3799.76,6,0.15,-744.11
511,US-2023-100511,07/09/2023,07/14/2023,Standard Class,CU-10420,Customer 335,Home Office,United States,Pennsylvania,Pennsylvania,39919,East,TEC-ACC-7444,Technology,Accessories,Accessories model 265,4891.13,5,0.4,839.21
512,US-2023-100512,11/16/2023,11/22/2023,Standard Class,CU-10644,Customer 384,Home Office,United States,California,California,49157,West,OFF-LAB-6773,Office Supplies,Labels,Labels model 205,255.16,8,0.1,64.74
513,US-2023-100513,08/06/2023,08/07/2023,Standard Class,CU-10365,Customer 21,Corporate,United States,New York,New York,94790,East,TEC-MAC-8226,Technology,Machines,Machines model 265,1002.19,1,0.3,-112.34
514,US-2024-100514,02/03/2024,02/04/2024,Second Class,CU-10713,Customer 457,Corporate,United States,Oregon,Oregon,60099,West,OFF-STO-9230,Office Supplies,Storage,Storage model 70,142.31,2,0.0,-24.46
515,US-2022-100515,05/15/2022,05/19/2022,First Class,CU-10395,Customer 706,Corporate,United States,Oregon,Oregon,38024,West,FUR-FUR-1716,Furniture,Furnishings,Furnishings model 189,1726.0,9,0.0,486.58
516,US-2022-100516,08/16/2022,08/22/2022,Standard Class,CU-10500,Customer 23,Corporate,United States,New Jersey,New Jersey,45049,East,OFF-LAB-3880,Office Supplies,Labels,Labels model 11,301.03,5,0.1,45.06
517,US-2023-100517,08/30/2023,09/05/2023,Standard Class,CU-10434,Customer 175,Consumer,United States,Washington,Washington,81325,West,OFF-ART-4542,Office Supplies,Art,Art model 100,511.83,5,0.5,-38.75
518,US-2024-100518,01/20/2024,01/21/2024,Standard Class,CU-10075,Customer 349,Consumer,United States,Oregon,Oregon,34388,West,FUR-CHA-1256,Furniture,Chairs,Chairs model 233,1166.75,9,0.1,85.15
519,US-2022-100519,06/13/2022,06/19/2022,Second Class,CU-10708,Customer 527,Corporate,United States,Ohio,Ohio,38552,Central,FUR-CHA-8250,Furniture,Chairs,Chairs model 193,1150.62,3,0.15,32.69
520,US-2022-100520,01/27/2022,01/30/2022,Standard Class,CU-10278,Customer 44,Corporate,United States,Massachusetts,Massachusetts,59314,East,TEC-MAC-2816,Technology,Machines,Machines model 107,1707.81,1,0.1,224.23
521,US-2023-100521,04/28/2023,05/03/2023,First Class,CU-10048,Customer 279,Consumer,United States,Michigan,Michigan,43731,Central,OFF-PAP-8087,Office Supplies,Paper,Paper model 98,220.58,3,0.2,17.42
522,US-2021-100522,10/17/2021,10/21/2021,Standard Class,CU-10618,Customer 676,Corporate,United States,New Jersey,New Jersey,44162,East,OFF-STO-1189,Office Supplies,Storage,Storage model 265,415.05,5,0.1,29.86
523,US-2023-100523,09/22/2023,09/25/2023,Standard Class,CU-10630,Customer 616,Home Office,United States,Nevada,Nevada,67076,West,TEC-ACC-6269,Technology,Accessories,Accessories model 57,5292.06,8,0.0,968.17
524,US-2024-100524,12/05/2024,12/12/2024,Second Class,CU-10391,Customer 72,Consumer,United States,New York,New York,77021,East,OFF-LAB-7755,Office Supplies,Labels,Labels model 148,264.85,3,0.0,90.25
525,US-2022-100525,01/30/2022,02/02/2022,Same Day,CU-10129,Customer 76,Consumer,United States,Michigan,Michigan,75053,Central,TEC-MAC-2262,Technology,Machines,Machines model 102,14507.88,9,0.3,1990.74
526,US-2021-100526,04/23/2021,04/26/2021,Standard Class,CU-10161,Customer 19,Home Office,United States,Oregon,Oregon,40323,West,OFF-BIN-8160,Office Supplies,Binders,Binders model 70,842.4,6,0.2,33.83
527,US-2022-100527,05/01/2022,05/03/2022,Standard Class,CU-10724,Customer 382,Corporate,United States,Pennsylvania,Pennsylvania,68370,East,FUR-BOO-7052,Furniture,Bookcases,Bookcases model 169,950.12,8,0.1,91.78
528,US-2021-100528,07/01/2021,07/04/2021,Standard Class,CU-10181,Customer 701,Corporate,United States,Michigan,Michigan,68695,Central,OFF-STO-5336,Office Supplies,Storage,Storage model 119,16.77,2,0.15,5.79
529,US-2024-100529,07/18/2024,07/21/2024,Standard Class,CU-10211,Customer 178,Home Office,United States,Massachusetts,Massachusetts,23897,East,TEC-COP-1921,Technology,Copiers,Copiers model 38,8053.03,7,0.0,742.67
530,US-2023-100530,01/31/2023,02/07/2023,Second Class,CU-10288,Customer 665,Corporate,United States,Alabama,Alabama,82759,South,OFF-BIN-8271,Office Supplies,Binders,Binders model 296,410.85,4,0.1,99.19
531,US-2023-100531,04/17/2023,04/22/2023,Standard Class,CU-10591,Customer 485,Corporate,United States,Illinois,Illinois,77605,Central,OFF-ART-2482,Office Supplies,Art,Art model 237,509.71,4,0.15,37.7
532,US-2021-100532,11/22/2021,11/24/2021,Standard Class,CU-10208,Customer 216,Corporate,United States,Illinois,Illinois,72717,Central,OFF-STO-7171,Office Supplies,Storage,Storage model 193,199.2,4,0.0,82.07
533,US-2023-100533,08/02/2023,08/03/2023,Second Class,CU-10216,Customer 680,Consumer,United States,New Jersey,New Jersey,75117,East,OFF-LAB-9292,Office Supplies,Labels,Labels model 214,585.54,8,0.15,72.88
534,US-2023-100534,11/03/2023,11/10/2023,Standard Class,CU-10095,Customer 194,Home Office,United States,North Carolina,North Carolina,91820,South,OFF-LAB-3621,Office Supplies,Labels,Labels model 107,435.82,4,0.0,6.2
535,US-2023-100535,09/01/2023,09/02/2023,Standard Class,CU-10451,Customer 563,Home Office,United States,California,California,32388,West,OFF-STO-8597,Office Supplies,Storage,Storage model 285,258.83,9,0.15,45.98
536,US-2024-100536,06/25/2024,06/27/2024,Standard Class,CU-10628,Customer 786,Home Office,United States,Oregon,Oregon,66627,West,TEC-PHO-2727,Technology,Phones,Phones model 179,12185.57,7,0.0,2832.34
537,US-2024-100537,09/22/2024,09/23/2024,Standard Class,CU-10206,Customer 711,Consumer,United States,Florida,Florida,87746,South,FUR-BOO-5663,Furniture,Bookcases,Bookcases model 222,747.03,1,0.3,163.5
538,US-2021-100538,10/04/2021,10/08/2021,Standard Class,CU-10712,Customer 734,Consumer,United States,Oregon,Oregon,97887,West,OFF-LAB-6314,Office Supplies,Labels,Labels model 2,122.68,1,0.0,28.48
539,US-2023-100539,01/13/2023,01/16/2023,Standard Class,CU-10021,Customer 475,Home Office,United States,Oregon,Oregon,19040,West,TEC-PHO-2913,Technology,Phones,Phones model 157,7552.86,5,0.5,1290.51
540,US-2024-100540,12/07/2024,12/14/2024,Standard Class,CU-10000,Customer 645,Consumer,United States,Oregon,Oregon,76467,West,OFF-PAP-3352,Office Supplies,Paper,Paper model 266,283.51,8,0.0,50.57
541,US-2022-100541,08/14/2022,08/15/2022,Standard Class,CU-10185,Customer 783,Consumer,United States,Massachusetts,Massachusetts,98168,East,FUR-TAB-3980,Furniture,Tables,Tables model 67,4338.32,5,0.0,650.01
542,US-2021-100542,04/19/2021,04/22/2021,Standard Class,CU-10685,Customer 114,Home Office,United States,Illinois,Illinois,15564,Central,FUR-CHA-4450,Furniture,Chairs,Chairs model 113,507.92,3,0.0,103.8
543,US-2022-100543,05/27/2022,05/30/2022,Standard Class,CU-10566,Customer 651,Home Office,United States,Massachusetts,Massachusetts,30496,East,TEC-ACC-5069,Technology,Accessories,Accessories model 298,584.1,1,0.1,-23.68
544,US-2022-100544,01/06/2022,01/12/2022,Standard Class,CU-10635,Customer 783,Consumer,United States,California,California,39530,West,TEC-COP-4482,Technology,Copiers,Copiers model 144,5194.85,4,0.2,1010.73
545,US-2024-100545,08/22/2024,08/27/2024,Standard Class,CU-10210,Customer 663,Corporate,United States,Michigan,Michigan,61470,Central,OFF-LAB-8662,Office Supplies,Labels,Labels model 19,53.64,1,0.0,18.07
546,US-2024-100546,12/03/2024,12/07/2024,First Class,CU-10269,Customer 476,Corporate,United States,Georgia,Georgia,90673,South,OFF-BIN-6275,Office Supplies,Binders,Binders model 115,274.85,2,0.15,3.06
547,US-2024-100547,01/20/2024,01/23/2024,Standard Class,CU-10005,Customer 675,Home Office,United States,Oregon,Oregon,86612,West,OFF-PAP-4913,Office Supplies,Paper,Paper model 92,667.71,6,0.5,63.44
548,US-2024-100548,12/08/2024,12/11/2024,Standard Class,CU-10247,Customer 269,Corporate,United States,Georgia,Georgia,74158,South,FUR-TAB-3239,Furniture,Tables,Tables model 229,587.74,1,0.2,39.34
549,US-2021-100549,08/04/2021,08/07/2021,Standard Class,CU-10611,Customer 727,Home Office,United States,California,California,82783,West,OFF-LAB-2284,Office Supplies,Labels,Labels model 223,346.41,4,0.2,-62.37
550,US-2021-100550,07/02/2021,07/04/2021,Second Class,CU-10469,Customer 526,Home Office,United States,Nevada,Nevada,27711,West,FUR-FUR-5416,Furniture,Furnishings,Furnishings model 160,3420.65,9,0.4,-271.75
551,US-2021-100551,08/27/2021,09/02/2021,Standard Class,CU-10519,Customer 357,Consumer,United States,California,California,33296,West,OFF-STO-8561,Office Supplies,Storage,Storage model 131,9.91,2,0.5,-1.52
552,US-2021-100552,02/25/2021,02/28/2021,Standard Class,CU-10208,Customer 52,Corporate,United States,Oregon,Oregon,54343,West,FUR-CHA-4504,Furniture,Chairs,Chairs model 238,2847.64,9,0.1,463.55
553,US-2022-100553,01/07/2022,01/12/2022,Standard Class,CU-10554,Customer 489,Corporate,United States,Nevada,Nevada,58938,West,TEC-PHO-1425,Technology,Phones,Phones model 13,609.96,8,0.5,105.91
554,US-2024-100554,11/30/2024,12/06/2024,Standard Class,CU-10526,Customer 150,Corporate,United States,Florida,Florida,27608,South,OFF-ART-3269,Office Supplies,Art,Art model 64,1059.02,9,0.15,-78.3
555,US-2023-100555,01/17/2023,01/22/2023,Standard Class,CU-10084,Customer 615,Consumer,United States,California,California,27709,West,FUR-TAB-6809,Furniture,Tables,Tables model 112,433.49,7,0.5,25.29
556,US-2023-100556,02/12/2023,02/17/2023,Standard Class,CU-10385,Customer 560,Corporate,United States,North Carolina,North Carolina,98846,South,OFF-ART-2281,Office Supplies,Art,Art model 263,658.08,8,0.2,109.11
557,US-2023-100557,06/19/2023,06/23/2023,First Class,CU-10411,Customer 717,Home Office,United States,New York,New York,74055,East,OFF-ART-4170,Office Supplies,Art,Art model 16,467.88,5,0.0,20.19
558,US-2021-100558,11/02/2021,11/03/2021,First Class,CU-10449,Customer 473,Corporate,United States,Alabama,Alabama,92651,South,OFF-LAB-4105,Office Supplies,Labels,Labels model 7,327.77,7,0.3,-63.17
559,US-2021-100559,04/30/2021,05/03/2021,Standard Class,CU-10525,Customer 117,Home Office,United States,Florida,Florida,93922,South,OFF-ART-2595,Office Supplies,Art,Art model 274,449.07,4,0.0,68.28
560,US-2024-100560,06/17/2024,06/19/2024,Second Class,CU-10294,Customer 26,Home Office,United States,Nevada,Nevada,17130,West,OFF-BIN-6569,Office Supplies,Binders,Binders model 272,239.12,2,0.15,-12.36
561,US-2021-100561,06/16/2021,06/23/2021,Standard Class,CU-10381,Customer 184,Consumer,United States,Oregon,Oregon,44813,West,OFF-STO-6025,Office Supplies,Storage,Storage model 84,597.32,9,0.2,61.42
562,US-2023-100562,05/03/2023,05/05/2023,Standard Class,CU-10695,Customer 774,Home Office,United States,Pennsylvania,Pennsylvania,93720,East,OFF-ART-8356,Office Supplies,Art,Art model 219,571.96,8,0.0,180.94
563,US-2021-100563,07/26/2021,07/28/2021,First Class,CU-10341,Customer 158,Consumer,United States,Illinois,Illinois,67813,Central,OFF-LAB-9714,Office Supplies,Labels,Labels model 146,764.48,6,0.15,116.05
564,US-2022-100564,12/27/2022,12/29/2022,Standard Class,CU-10702,Customer 255,Home Office,United States,New York,New York,21707,East,OFF-LAB-1734,Office Supplies,Labels,Labels model 12,303.25,6,0.0,136.04
565,US-2021-100565,06/20/2021,06/24/2021,Second Class,CU-10307,Customer 570,Corporate,United States,Texas,Texas,90738,Central,OFF-LAB-4237,Office Supplies,Labels,Labels model 247,219.02,9,0.15,11.79
566,US-2024-100566,05/04/2024,05/10/2024,Standard Class,CU-10731,Customer 527,Consumer,United States,California,California,23130,West,FUR-BOO-1564,Furniture,Bookcases,Bookcases model 24,3246.13,4,0.1,1065.74
567,US-2023-100567,03/05/2023,03/08/2023,Standard Class,CU-10303,Customer 382,Corporate,United States,Alabama,Alabama,13101,South,OFF-STO-5491,Office Supplies,Storage,Storage model 68,79.48,6,0.2,-0.32
568,US-2021-100568,11/29/2021,12/05/2021,Standard Class,CU-10684,Customer 284,Consumer,United States,Georgia,Georgia,32929,South,FUR-BOO-2511,Furniture,Bookcases,Bookcases model 97,5531.8,8,0.5,-7.42
569,US-2021-100569,01/31/2021,02/07/2021,Standard Class,CU-10460,Customer 498,Consumer,United States,Michigan,Michigan,69236,Central,FUR-TAB-4358,Furniture,Tables,Tables model 250,3624.16,7,0.2,-247.87
570,US-2021-100570,11/02/2021,11/03/2021,Same Day,CU-10084,Customer 432,Consumer,United States,California,California,24536,West,OFF-LAB-3785,Office Supplies,Labels,Labels model 180,86.48,2,0.2,14.7
571,US-2023-100571,12/08/2023,12/14/2023,First Class,CU-10107,Customer 310,Home Office,United States,Alabama,Alabama,89204,South,OFF-LAB-7603,Office Supplies,Labels,Labels model 245,395.48,6,0.1,137.91
572,US-2023-100572,12/13/2023,12/18/2023,Standard Class,CU-10513,Customer 82,Home Office,United States,North Carolina,North Carolina,64285,South,FUR-BOO-7599,Furniture,Bookcases,Bookcases model 286,2548.07,7,0.0,638.94
573,US-2024-100573,05/26/2024,05/27/2024,Standard Class,CU-10522,Customer 545,Corporate,United States,Oregon,Oregon,29151,West,TEC-ACC-1087,Technology,Accessories,Accessories model 54,531.72,4,0.3,131.53
574,US-2024-100574,12/14/2024,12/20/2024,Standard Class,CU-10282,Customer 292,Consumer,United States,Alabama,Alabama,91749,South,FUR-TAB-5756,Furniture,Tables,Tables model 151,1713.91,4,0.1,309.44
575,US-2022-100575,07/07/2022,07/10/2022,Same Day,CU-10632,Customer 213,Consumer,United States,Nevada,Nevada,78599,West,OFF-STO-1806,Office Supplies,Storage,Storage model 33,7.83,1,0.0,-0.72
576,US-2023-100576,11/21/2023,11/25/2023,Standard Class,CU-10529,Customer 507,Home Office,United States,Massachusetts,Massachusetts,76200,East,OFF-ART-4259,Office Supplies,Art,Art model 289,388.62,5,0.0,15.33
577,US-2021-100577,07/09/2021,07/14/2021,Second Class,CU-10436,Customer 728,Home Office,United States,Ohio,Ohio,42639,Central,OFF-ART-6597,Office Supplies,Art,Art model 6,721.46,7,0.1,370.91
578,US-2024-100578,09/27/2024,09/29/2024,Standard Class,CU-10151,Customer 612,Corporate,United States,Florida,Florida,17841,South,OFF-PAP-2945,Office Supplies,Paper,Paper model 117,343.89,3,0.1,76.84
579,US-2023-100579,06/16/2023,06/20/2023,Same Day,CU-10658,Customer 382,Consumer,United States,Texas,Texas,59570,Central,TEC-MAC-9130,Technology,Machines,Machines model 92,6627.27,4,0.1,568.93
580,US-2023-100580,09/14/2023,09/15/2023,Standard Class,CU-10707,Customer 437,Consumer,United States,Oregon,Oregon,38939,West,FUR-BOO-6566,Furniture,Bookcases,Bookcases model 256,1777.99,3,0.15,396.55
581,US-2021-100581,07/01/2021,07/02/2021,Same Day,CU-10351,Customer 91,Home Office,United States,Nevada,Nevada,68511,West,OFF-LAB-2176,Office Supplies,Labels,Labels model 285,127.17,1,0.15,6.98
582,US-2024-100582,09/13/2024,09/20/2024,Standard Class,CU-10722,Customer 720,Consumer,United States,Texas,Texas,81157,Central,FUR-CHA-4688,Furniture,Chairs,Chairs model 166,369.22,5,0.0,-68.73
583,US-2023-100583,12/17/2023,12/22/2023,First Class,CU-10351,Customer 531,Consumer,United States,Georgia,Georgia,36934,South,TEC-PHO-5687,Technology,Phones,Phones model 211,4208.71,3,0.2,-1327.14
584,US-2021-100584,05/30/2021,06/06/2021,Standard Class,CU-10410,Customer 626,Corporate,United States,Illinois,Illinois,90689,Central,TEC-ACC-4846,Technology,Accessories,Accessories model 230,1668.78,1,0.2,129.52
585,US-2022-100585,02/08/2022,02/11/2022,Second Class,CU-10647,Customer 363,Consumer,United States,New Jersey,New Jersey,19583,East,OFF-ART-7098,Office Supplies,Art,Art model 42,759.31,8,0.3,-66.13
586,US-2023-100586,02/24/2023,03/03/2023,Standard Class,CU-10039,Customer 567,Corporate,United States,Georgia,Georgia,10232,South,TEC-PHO-7282,Technology,Phones,Phones model 149,10543.61,9,0.3,2605.47
587,US-2021-100587,05/10/2021,05/11/2021,Standard Class,CU-10731,Customer 782,Corporate,United States,Alabama,Alabama,38541,South,OFF-STO-9741,Office Supplies,Storage,Storage model 210,750.35,7,0.0,174.56
588,US-2024-100588,11/27/2024,11/28/2024,Standard Class,CU-10171,Customer 133,Home Office,United States,Ohio,Ohio,99232,Central,OFF-PAP-9140,Office Supplies,Paper,Paper model 196,600.21,5,0.0,51.1
589,US-2024-100589,03/13/2024,03/19/2024,Standard Class,CU-10294,Customer 278,Corporate,United States,Ohio,Ohio,52118,Central,OFF-BIN-1472,Office Supplies,Binders,Binders model 159,395.98,5,0.0,91.37
590,US-2023-100590,01/29/2023,02/05/2023,Standard Class,CU-10797,Customer 268,Corporate,United States,Washington,Washington,70589,West,TEC-COP-6972,Technology,Copiers,Copiers model 112,6173.05,4,0.0,635.67
591,US-2023-100591,01/16/2023,01/19/2023,Standard Class,CU-10179,Customer 767,Consumer,United States,Washington,Washington,24403,West,OFF-BIN-1384,Office Supplies,Binders,Binders model 158,734.64,9,0.3,150.97
592,US-2024-100592,01/30/2024,02/03/2024,Standard Class,CU-10144,Customer 210,Home Office,United States,North Carolina,North Carolina,31219,South,OFF-ART-2901,Office Supplies,Art,Art model 82,114.63,2,0.1,24.22
593,US-2024-100593,01/04/2024,01/10/2024,Standard Class,CU-10350,Customer 721,Consumer,United States,Florida,Florida,20608,South,TEC-ACC-4354,Technology,Accessories,Accessories model 80,861.67,5,0.1,523.47
594,US-2024-100594,05/30/2024,06/03/2024,Standard Class,CU-10267,Customer 28,Corporate,United States,North Carolina,North Carolina,49645,South,OFF-BIN-5895,Office Supplies,Binders,Binders model 152,233.84,2,0.2,39.91
595,US-2021-100595,11/20/2021,11/26/2021,Standard Class,CU-10466,Customer 155,Corporate,United States,Georgia,Georgia,91252,South,TEC-COP-6302,Technology,Copiers,Copiers model 254,3783.95,7,0.2,-80.12
596,US-2023-100596,02/13/2023,02/14/2023,Second Class,CU-10278,Customer 234,Consumer,United States,Georgia,Georgia,10347,South,FUR-FUR-8533,Furniture,Furnishings,Furnishings model 218,1591.86,3,0.0,240.53
597,US-2022-100597,10/06/2022,10/07/2022,First Class,CU-10074,Customer 530,Consumer,United States,Pennsylvania,Pennsylvania,28139,East,OFF-LAB-5738,Office Supplies,Labels,Labels model 212,416.51,3,0.1,-15.73
598,US-2024-100598,08/30/2024,09/01/2024,Second Class,CU-10303,Customer 16,Consumer,United States,Massachusetts,Massachusetts,55050,East,OFF-PAP-8689,Office Supplies,Paper,Paper model 53,307.02,3,0.1,-25.28
599,US-2021-100599,03/23/2021,03/25/2021,Standard Class,CU-10700,Customer 85,Home Office,United States,Georgia,Georgia,30053,South,OFF-ART-7732,Office Supplies,Art,Art model 206,333.25,8,0.2,-43.9
600,US-2024-100600,11/19/2024,11/20/2024,Standard Class,CU-10106,Customer 276,Home Office,United States,Ohio,Ohio,69338,Central,TEC-MAC-4280,Technology,Machines,Machines model 291,3905.38,8,0.15,-519.59
601,US-2024-100601,09/22/2024,09/25/2024,Standard Class,CU-10202,Customer 126,Home Office,United States,Illinois,Illinois,97043,Central,OFF-ART-5024,Office Supplies,Art,Art model 206,139.97,4,0.0,17.76
602,US-2022-100602,10/02/2022,10/05/2022,Standard Class,CU-10208,Customer 365,Corporate,United States,California,California,63987,West,OFF-ART-7081,Office Supplies,Art,Art model 33,307.12,3,0.3,15.39
603,US-2022-100603,10/25/2022,10/27/2022,Second Class,CU-10562,Customer 251,Consumer,United States,Pennsylvania,Pennsylvania,27718,East,OFF-STO-3625,Office Supplies,Storage,Storage model 73,122.96,1,0.1,14.77
604,US-2024-100604,06/26/2024,06/27/2024,Standard Class,CU-10101,Customer 548,Consumer,United States,Ohio,Ohio,72478,Central,OFF-ART-8721,Office Supplies,Art,Art model 10,792.53,7,0.0,68.21
605,US-2022-100605,11/04/2022,11/08/2022,Standard Class,CU-10098,Customer 82,Home Office,United States,Florida,Florida,39646,South,FUR-CHA-7632,Furniture,Chairs,Chairs model 212,4759.81,9,0.4,271.44
606,US-2022-100606,06/14/2022,06/16/2022,Standard Class,CU-10564,Customer 627,Corporate,United States,New York,New York,69028,East,OFF-PAP-5183,Office Supplies,Paper,Paper model 175,247.94,3,0.0,33.4
607,US-2022-100607,06/07/2022,06/10/2022,First Class,CU-10498,Customer 14,Home Office,United States,New York,New York,55811,East,OFF-LAB-2431,Office Supplies,Labels,Labels model 109,707.63,7,0.0,266.03
608,US-2022-100608,09/24/2022,10/01/2022,Second Class,CU-10720,Customer 539,Consumer,United States,Alabama,Alabama,45484,South,OFF-BIN-8688,Office Supplies,Binders,Binders model 244,1055.76,9,0.4,-150.6
609,US-2022-100609,02/21/2022,02/23/2022,Standard Class,CU-10352,Customer 206,Consumer,United States,North Carolina,North Carolina,66056,South,FUR-FUR-1462,Furniture,Furnishings,Furnishings model 92,361.25,7,0.15,-67.54
610,US-2021-100610,05/07/2021,05/12/2021,First Class,CU-10134,Customer 9,Home Office,United States,New York,New York,47248,East,FUR-BOO-8931,Furniture,Bookcases,Bookcases model 86,3079.59,9,0.15,363.44
611,US-2022-100611,02/19/2022,02/26/2022,First Class,CU-10046,Customer 565,Home Office,United States,Nevada,Nevada,22771,West,OFF-ART-3576,Office Supplies,Art,Art model 78,103.29,1,0.0,27.18
612,US-2021-100612,07/28/2021,08/03/2021,Standard Class,CU-10408,Customer 571,Home Office,United States,Oregon,Oregon,11269,West,FUR-TAB-3231,Furniture,Tables,Tables model 234,5155.39,7,0.15,886.74
613,US-2022-100613,08/31/2022,09/07/2022,Standard Class,CU-10355,Customer 652,Home Office,United States,Ohio,Ohio,95044,Central,TEC-COP-6949,Technology,Copiers,Copiers model 284,5692.74,4,0.5,-251.01
614,US-2024-100614,04/05/2024,04/12/2024,Standard Class,CU-10075,Customer 531,Corporate,United States,North Carolina,North Carolina,95685,South,OFF-LAB-9967,Office Supplies,Labels,Labels model 168,39.14,3,0.0,-1.04
615,US-2024-100615,03/15/2024,03/21/2024,Second Class,CU-10561,Customer 68,Home Office,United States,Massachusetts,Massachusetts,70918,East,FUR-CHA-1909,Furniture,Chairs,Chairs model 109,490.55,1,0.15,106.6
616,US-2021-100616,09/18/2021,09/23/2021,Standard Class,CU-10264,Customer 628,Corporate,United States,New York,New York,53839,East,OFF-PAP-7473,Office Supplies,Paper,Paper model 116,87.96,3,0.4,-3.94
617,US-2021-100617,01/25/2021,01/30/2021,Standard Class,CU-10291,Customer 752,Consumer,United States,North Carolina,North Carolina,17514,South,OFF-LAB-2925,Office Supplies,Labels,Labels model 251,326.8,7,0.3,10.27
618,US-2024-100618,07/14/2024,07/18/2024,Standard Class,CU-10744,Customer 307,Consumer,United States,Texas,Texas,77619,Central,TEC-MAC-9569,Technology,Machines,Machines model 272,6837.17,4,0.1,195.95
619,US-2021-100619,02/19/2021,02/24/2021,Second Class,CU-10243,Customer 352,Home Office,United States,North Carolina,North Carolina,94541,South,OFF-LAB-4361,Office Supplies,Labels,Labels model 47,531.53,4,0.0,165.34
620,US-2022-100620,01/19/2022,01/26/2022,Standard Class,CU-10339,Customer 644,Corporate,United States,New York,New York,31827,East,FUR-CHA-5665,Furniture,Chairs,Chairs model 293,428.03,1,0.5,46.12
621,US-2022-100621,03/30/2022,03/31/2022,Standard Class,CU-10461,Customer 114,Corporate,United States,Ohio,Ohio,40522,Central,OFF-PAP-7654,Office Supplies,Paper,Paper model 20,742.24,6,0.0,317.35
622,US-2021-100622,01/18/2021,01/25/2021,Second Class,CU-10061,Customer 29,Home Office,United States,Pennsylvania,Pennsylvania,75314,East,FUR-FUR-3033,Furniture,Furnishings,Furnishings model 210,2498.24,5,0.0,-78.92
623,US-2021-100623,10/09/2021,10/14/2021,First Class,CU-10481,Customer 180,Home Office,United States,California,California,62412,West,TEC-MAC-8179,Technology,Machines,Machines model 100,6422.36,4,0.2,622.95
624,US-2024-100624,10/10/2024,10/15/2024,Second Class,CU-10568,Customer 779,Corporate,United States,Pennsylvania,Pennsylvania,49610,East,OFF-ART-9352,Office Supplies,Art,Art model 195,1238.92,9,0.1,38.04
625,US-2024-100625,03/25/2024,03/27/2024,Standard Class,CU-10335,Customer 274,Consumer,United States,Alabama,Alabama,35503,South,TEC-COP-7126,Technology,Copiers,Copiers model 102,1404.04,1,0.0,378.92
626,US-2024-100626,12/05/2024,12/07/2024,Second Class,CU-10661,Customer 253,Corporate,United States,North Carolina,North Carolina,97626,South,OFF-STO-3263,Office Supplies,Storage,Storage model 261,151.58,2,0.15,13.69
627,US-2023-100627,09/23/2023,09/26/2023,Same Day,CU-10442,Customer 719,Home Office,United States,Texas,Texas,28217,Central,OFF-PAP-2440,Office Supplies,Paper,Paper model 118,213.39,6,0.15,17.04
628,US-2021-100628,09/27/2021,10/01/2021,Standard Class,CU-10060,Customer 769,Home Office,United States,Alabama,Alabama,77978,South,OFF-ART-9011,Office Supplies,Art,Art model 153,185.65,2,0.1,30.06
629,US-2024-100629,11/17/2024,11/20/2024,First Class,CU-10330,Customer 675,Corporate,United States,New York,New York,91352,East,TEC-MAC-2347,Technology,Machines,Machines model 156,7833.53,7,0.3,-1081.19
630,US-2024-100630,10/04/2024,10/06/2024,Standard Class,CU-10017,Customer 537,Home Office,United States,Michigan,Michigan,40153,Central,OFF-PAP-8588,Office Supplies,Paper,Paper model 191,127.73,3,0.0,-9.3
631,US-2024-100631,01/08/2024,01/13/2024,First Class,CU-10485,Customer 759,Home Office,United States,Nevada,Nevada,37951,West,TEC-MAC-9537,Technology,Machines,Machines model 235,11806.3,8,0.15,2738.06
632,US-2022-100632,08/26/2022,08/27/2022,First Class,CU-10558,Customer 244,Consumer,United States,Washington,Washington,64706,West,OFF-LAB-9240,Office Supplies,Labels,Labels model 268,1141.26,8,0.0,-73.13
633,US-2023-100633,04/17/2023,04/22/2023,Standard Class,CU-10298,Customer 386,Home Office,United States,New York,New York,23921,East,OFF-LAB-8107,Office Supplies,Labels,Labels model 22,977.12,7,0.1,298.15
634,US-2021-100634,07/09/2021,07/10/2021,Standard Class,CU-10584,Customer 35,Consumer,United States,Washington,Washington,17514,West,OFF-BIN-7750,Office Supplies,Binders,Binders model 248,787.59,8,0.2,-33.92
635,US-2023-100635,06/10/2023,06/17/2023,Second Class,CU-10155,Customer 716,Home Office,United States,Nevada,Nevada,34021,West,TEC-ACC-6953,Technology,Accessories,Accessories model 112,8266.77,9,0.0,4141.26
636,US-2024-100636,02/29/2024,03/03/2024,Standard Class,CU-10378,Customer 311,Home Office,United States,Georgia,Georgia,92343,South,TEC-ACC-1608,Technology,Accessories,Accessories model 105,4735.96,5,0.0,1288.85
637,US-2021-100637,06/09/2021,06/13/2021,Standard Class,CU-10006,Customer 795,Home Office,United States,Texas,Texas,73430,Central,TEC-ACC-2328,Technology,Accessories,Accessories model 118,8670.69,7,0.0,1539.81
638,US-2024-100638,05/01/2024,05/02/2024,Standard Class,CU-10553,Customer 135,Corporate,United States,Florida,Florida,37747,South,OFF-STO-9885,Office Supplies,Storage,Storage model 62,267.34,5,0.3,45.5
639,US-2023-100639,12/22/2023,12/25/2023,Standard Class,CU-10342,Customer 683,Corporate,United States,Michigan,Michigan,72942,Central,TEC-COP-1113,Technology,Copiers,Copiers model 170,1164.2,7,0.4,260.91
640,US-2021-100640,05/10/2021,05/15/2021,Standard Class,CU-10064,Customer 326,Home Office,United States,Ohio,Ohio,76016,Central,FUR-CHA-5306,Furniture,Chairs,Chairs model 49,4479.11,9,0.3,723.01
641,US-2023-100641,03/17/2023,03/23/2023,First Class,CU-10408,Customer 583,Corporate,United States,New Jersey,New Jersey,82682,East,OFF-ART-7658,Office Supplies,Art,Art model 60,50.85,2,0.0,12.14
642,US-2024-100642,05/01/2024,05/02/2024,Standard Class,CU-10716,Customer 716,Corporate,United States,Michigan,Michigan,98324,Central,OFF-ART-8791,Office Supplies,Art,Art model 36,116.05,4,0.1,-3.88
643,US-2022-100643,05/01/2022,05/04/2022,First Class,CU-10439,Customer 339,Corporate,United States,Nevada,Nevada,46822,West,FUR-CHA-4496,Furniture,Chairs,Chairs model 127,859.76,4,0.15,-56.46
644,US-2024-100644,05/11/2024,05/14/2024,Second Class,CU-10137,Customer 91,Consumer,United States,Illinois,Illinois,49145,Central,FUR-TAB-4282,Furniture,Tables,Tables model 134,2199.81,6,0.1,526.01
645,US-2023-100645,08/31/2023,09/04/2023,First Class,CU-10605,Customer 549,Corporate,United States,New Jersey,New Jersey,93916,East,OFF-BIN-9787,Office Supplies,Binders,Binders model 247,842.69,7,0.0,-63.5
646,US-2023-100646,09/26/2023,10/01/2023,First Class,CU-10548,Customer 741,Consumer,United States,California,California,87113,West,TEC-ACC-2616,Technology,Accessories,Accessories model 100,5277.01,9,0.0,-70.57
647,US-2023-100647,02/09/2023,02/14/2023,Standard Class,CU-10773,Customer 140,Consumer,United States,New York,New York,10710,East,TEC-MAC-2886,Technology,Machines,Machines model 8,8633.19,6,0.0,-202.26
648,US-2023-100648,08/08/2023,08/14/2023,Standard Class,CU-10336,Customer 373,Corporate,United States,Nevada,Nevada,47147,West,OFF-ART-9297,Office Supplies,Art,Art model 259,397.46,3,0.2,-30.52
649,US-2022-100649,03/09/2022,03/10/2022,Standard Class,CU-10633,Customer 252,Consumer,United States,Florida,Florida,95696,South,OFF-STO-3686,Office Supplies,Storage,Storage model 267,46.37,3,0.5,-2.09
650,US-2022-100650,11/25/2022,11/30/2022,Standard Class,CU-10526,Customer 605,Home Office,United States,Michigan,Michigan,42474,Central,TEC-ACC-3754,Technology,Accessories,Accessories model 134,4589.67,5,0.1,667.08
651,US-2021-100651,08/14/2021,08/16/2021,Standard Class,CU-10185,Customer 459,Home Office,United States,Massachusetts,Massachusetts,84425,East,FUR-CHA-8085,Furniture,Chairs,Chairs model 165,2724.29,4,0.2,143.99
652,US-2024-100652,01/29/2024,01/30/2024,Second Class,CU-10639,Customer 502,Home Office,United States,Nevada,Nevada,57406,West,TEC-COP-1112,Technology,Copiers,Copiers model 48,4896.16,3,0.1,544.48
653,US-2024-100653,09/04/2024,09/05/2024,Standard Class,CU-10622,Customer 196,Consumer,United States,Massachusetts,Massachusetts,95167,East,FUR-TAB-5633,Furniture,Tables,Tables model 258,1501.17,8,0.0,341.05
654,US-2022-100654,03/07/2022,03/14/2022,Second Class,CU-10315,Customer 194,Consumer,United States,Washington,Washington,42911,West,OFF-STO-7625,Office Supplies,Storage,Storage model 290,800.27,6,0.15,153.61
655,US-2021-100655,02/24/2021,03/02/2021,First Class,CU-10555,Customer 15,Corporate,United States,Washington,Washington,76530,West,TEC-PHO-6706,Technology,Phones,Phones model 69,3553.0,3,0.0,226.51
656,US-2021-100656,07/30/2021,08/01/2021,Second Class,CU-10146,Customer 725,Consumer,United States,Florida,Florida,59596,South,FUR-FUR-9271,Furniture,Furnishings,Furnishings model 223,56.34,1,0.0,9.88
657,US-2022-100657,01/07/2022,01/13/2022,First Class,CU-10568,Customer 717,Corporate,United States,Michigan,Michigan,37423,Central,OFF-ART-4927,Office Supplies,Art,Art model 73,147.27,6,0.2,-2.0
658,US-2022-100658,11/03/2022,11/06/2022,First Class,CU-10718,Customer 404,Consumer,United States,Alabama,Alabama,46018,South,OFF-PAP-4970,Office Supplies,Paper,Paper model 285,706.44,7,0.15,24.5
659,US-2022-100659,02/14/2022,02/19/2022,Standard Class,CU-10125,Customer 385,Home Office,United States,New Jersey,New Jersey,22614,East,OFF-BIN-3129,Office Supplies,Binders,Binders model 131,57.43,1,0.0,26.91
660,US-2023-100660,05/01/2023,05/02/2023,Standard Class,CU-10697,Customer 48,Home Office,United States,Illinois,Illinois,46944,Central,OFF-ART-8782,Office Supplies,Art,Art model 161,61.74,4,0.15,5.32
661,US-2022-100661,11/06/2022,11/11/2022,Second Class,CU-10335,Customer 562,Consumer,United States,Florida,Florida,67852,South,TEC-MAC-8745,Technology,Machines,Machines model 21,3166.2,6,0.0,655.2
662,US-2022-100662,07/15/2022,07/20/2022,Standard Class,CU-10142,Customer 656,Home Office,United States,Texas,Texas,14435,Central,OFF-ART-8687,Office Supplies,Art,Art model 91,1125.87,8,0.0,172.56
663,US-2021-100663,12/10/2021,12/14/2021,Standard Class,CU-10413,Customer 8,Consumer,United States,Ohio,Ohio,58336,Central,TEC-MAC-2629,Technology,Machines,Machines model 5,772.43,3,0.1,117.34
664,US-2021-100664,10/07/2021,10/10/2021,Standard Class,CU-10257,Customer 482,Corporate,United States,Pennsylvania,Pennsylvania,95388,East,FUR-FUR-8783,Furniture,Furnishings,Furnishings model 293,722.61,2,0.1,129.75
665,US-2021-100665,08/09/2021,08/11/2021,First Class,CU-10392,Customer 682,Consumer,United States,California,California,16830,West,FUR-CHA-5417,Furniture,Chairs,Chairs model 197,3175.52,6,0.0,925.7
666,US-2021-100666,12/22/2021,12/29/2021,Second Class,CU-10053,Customer 182,Corporate,United States,Washington,Washington,70503,West,OFF-ART-8338,Office Supplies,Art,Art model 233,147.9,1,0.0,39.07
667,US-2023-100667,06/22/2023,06/28/2023,First Class,CU-10692,Customer 626,Consumer,United States,Michigan,Michigan,55538,Central,OFF-BIN-6130,Office Supplies,Binders,Binders model 98,70.43,3,0.0,14.73
668,US-2023-100668,05/01/2023,05/05/2023,Standard Class,CU-10119,Customer 559,Home Office,United States,New York,New York,40930,East,TEC-PHO-4071,Technology,Phones,Phones model 143,548.31,2,0.0,78.6
669,US-2023-100669,06/01/2023,06/02/2023,Standard Class,CU-10280,Customer 295,Corporate,United States,Pennsylvania,Pennsylvania,27552,East,FUR-BOO-6255,Furniture,Bookcases,Bookcases model 17,1242.65,2,0.2,117.31
670,US-2022-100670,03/01/2022,03/05/2022,Standard Class,CU-10582,Customer 760,Home Office,United States,New Jersey,New Jersey,42691,East,TEC-PHO-1993,Technology,Phones,Phones model 67,11367.04,8,0.5,-1792.45
671,US-2024-100671,11/02/2024,11/08/2024,Second Class,CU-10219,Customer 534,Corporate,United States,New Jersey,New Jersey,25314,East,OFF-PAP-7580,Office Supplies,Paper,Paper model 217,51.19,1,0.15,6.91
672,US-2024-100672,02/13/2024,02/19/2024,Standard Class,CU-10622,Customer 702,Home Office,United States,North Carolina,North Carolina,31422,South,OFF-STO-2826,Office Supplies,Storage,Storage model 81,103.2,1,0.2,44.09
673,US-2024-100673,08/24/2024,08/29/2024,Same Day,CU-10081,Customer 80,Consumer,United States,California,California,60855,West,FUR-CHA-6610,Furniture,Chairs,Chairs model 24,271.05,1,0.1,78.99
674,US-2022-100674,12/22/2022,12/28/2022,Standard Class,CU-10540,Customer 320,Consumer,United States,Florida,Florida,24139,South,OFF-LAB-6139,Office Supplies,Labels,Labels model 287,63.71,1,0.3,-5.84
675,US-2021-100675,12/10/2021,12/15/2021,Second Class,CU-10527,Customer 462,Corporate,United States,Pennsylvania,Pennsylvania,60353,East,OFF-ART-4387,Office Supplies,Art,Art model 178,112.6,1,0.3,16.88
676,US-2022-100676,03/14/2022,03/17/2022,Standard Class,CU-10142,Customer 20,Corporate,United States,Washington,Washington,80966,West,FUR-TAB-3364,Furniture,Tables,Tables model 272,541.61,2,0.2,31.06
677,US-2022-100677,05/20/2022,05/25/2022,First Class,CU-10770,Customer 46,Home Office,United States,Alabama,Alabama,44576,South,TEC-COP-1798,Technology,Copiers,Copiers model 120,1471.2,1,0.2,36.59
678,US-2023-100678,05/06/2023,05/13/2023,Standard Class,CU-10577,Customer 457,Home Office,United States,North Carolina,North Carolina,61119,South,TEC-ACC-8642,Technology,Accessories,Accessories model 117,1714.58,1,0.0,505.97
679,US-2024-100679,10/01/2024,10/03/2024,Standard Class,CU-10555,Customer 546,Corporate,United States,California,California,82840,West,OFF-ART-3000,Office Supplies,Art,Art model 177,142.81,6,0.15,22.51
680,US-2021-100680,10/08/2021,10/10/2021,Standard Class,CU-10108,Customer 256,Consumer,United States,Alabama,Alabama,28619,South,OFF-LAB-6045,Office Supplies,Labels,Labels model 64,230.22,3,0.3,64.57
681,US-2021-100681,02/05/2021,02/06/2021,First Class,CU-10378,Customer 227,Home Office,United States,Georgia,Georgia,11464,South,OFF-LAB-1351,Office Supplies,Labels,Labels model 232,305.13,5,0.15,64.29
682,US-2021-100682,03/12/2021,03/17/2021,Standard Class,CU-10137,Customer 625,Home Office,United States,California,California,23766,West,TEC-MAC-7365,Technology,Machines,Machines model 15,9696.48,6,0.15,875.52
683,US-2022-100683,03/05/2022,03/11/2022,Standard Class,CU-10565,Customer 763,Home Office,United States,Oregon,Oregon,38748,West,FUR-FUR-8840,Furniture,Furnishings,Furnishings model 53,689.19,1,0.0,65.95
684,US-2023-100684,10/15/2023,10/18/2023,Standard Class,CU-10758,Customer 213,Corporate,United States,New York,New York,55064,East,TEC-COP-3404,Technology,Copiers,Copiers model 186,5739.54,4,0.1,-391.77
685,US-2023-100685,10/26/2023,10/30/2023,Standard Class,CU-10175,Customer 545,Home Office,United States,Illinois,Illinois,49626,Central,OFF-STO-6564,Office Supplies,Storage,Storage model 141,959.1,9,0.2,108.99
686,US-2023-100686,10/26/2023,10/29/2023,Standard Class,CU-10488,Customer 689,Home Office,United States,Oregon,Oregon,11602,West,OFF-LAB-6332,Office Supplies,Labels,Labels model 131,191.73,8,0.2,56.87
687,US-2022-100687,03/20/2022,03/21/2022,Standard Class,CU-10612,Customer 184,Corporate,United States,Nevada,Nevada,36561,West,FUR-BOO-1052,Furniture,Bookcases,Bookcases model 150,2024.87,3,0.2,33.41
688,US-2023-100688,11/22/2023,11/25/2023,Second Class,CU-10538,Customer 385,Consumer,United States,Washington,Washington,60164,West,OFF-LAB-6834,Office Supplies,Labels,Labels model 111,10.71,2,0.0,1.92
689,US-2023-100689,11/20/2023,11/27/2023,Standard Class,CU-10427,Customer 66,Home Office,United States,New York,New York,12848,East,OFF-STO-2727,Office Supplies,Storage,Storage model 275,431.03,7,0.0,168.53
690,US-2024-100690,06/03/2024,06/07/2024,Standard Class,CU-10510,Customer 92,Consumer,United States,Michigan,Michigan,44791,Central,OFF-ART-2438,Office Supplies,Art,Art model 264,274.65,3,0.0,2.0
691,US-2021-100691,02/28/2021,03/03/2021,Standard Class,CU-10746,Customer 29,Home Office,United States,Florida,Florida,54006,South,OFF-BIN-5446,Office Supplies,Binders,Binders model 9,552.32,8,0.15,-63.47
692,US-2024-100692,06/24/2024,06/28/2024,Same Day,CU-10556,Customer 122,Home Office,United States,Texas,Texas,86007,Central,FUR-TAB-2999,Furniture,Tables,Tables model 195,563.47,8,0.3,4.12
693,US-2023-100693,01/28/2023,01/31/2023,First Class,CU-10794,Customer 743,Corporate,United States,Pennsylvania,Pennsylvania,12090,East,TEC-ACC-6672,Technology,Accessories,Accessories model 24,3850.71,3,0.1,488.02
694,US-2021-100694,05/16/2021,05/23/2021,Standard Class,CU-10369,Customer 172,Corporate,United States,Washington,Washington,22537,West,OFF-LAB-7366,Office Supplies,Labels,Labels model 110,394.58,3,0.1,95.78
695,US-2022-100695,11/22/2022,11/24/2022,Second Class,CU-10326,Customer 220,Consumer,United States,Michigan,Michigan,85258,Central,FUR-CHA-4301,Furniture,Chairs,Chairs model 278,853.23,1,0.15,28.77
696,US-2022-100696,10/05/2022,10/11/2022,Standard Class,CU-10685,Customer 264,Consumer,United States,Michigan,Michigan,63655,Central,FUR-FUR-7425,Furniture,Furnishings,Furnishings model 202,7462.76,9,0.0,-242.61
697,US-2023-100697,09/18/2023,09/23/2023,Standard Class,CU-10541,Customer 634,Corporate,United States,Pennsylvania,Pennsylvania,52003,East,OFF-PAP-6192,Office Supplies,Paper,Paper model 108,44.59,2,0.15,1.87
698,US-2021-100698,01/21/2021,01/22/2021,Standard Class,CU-10213,Customer 66,Home Office,United States,Florida,Florida,30026,South,FUR-BOO-8406,Furniture,Bookcases,Bookcases model 180,3566.8,5,0.15,389.77
699,US-2022-100699,01/29/2022,02/05/2022,Standard Class,CU-10251,Customer 423,Consumer,United States,Georgia,Georgia,50417,South,OFF-PAP-3817,Office Supplies,Paper,Paper model 243,280.7,4,0.2,52.63
700,US-2023-100700,12/14/2023,12/18/2023,First Class,CU-10379,Customer 480,Home Office,United States,Georgia,Georgia,64827,South,OFF-LAB-3187,Office Supplies,Labels,Labels model 288,974.99,8,0.15,-174.88
701,US-2022-100701,11/22/2022,11/29/2022,Standard Class,CU-10205,Customer 97,Home Office,United States,Alabama,Alabama,62857,South,TEC-MAC-1309,Technology,Machines,Machines model 8,8380.79,7,0.0,2218.68
702,US-2024-100702,01/01/2024,01/04/2024,Second Class,CU-10116,Customer 370,Consumer,United States,Oregon,Oregon,31459,West,OFF-STO-3439,Office Supplies,Storage,Storage model 136,1219.43,9,0.15,86.19
703,US-2022-100703,07/13/2022,07/16/2022,Standard Class,CU-10417,Customer 167,Consumer,United States,Pennsylvania,Pennsylvania,46676,East,OFF-BIN-1419,Office Supplies,Binders,Binders model 98,496.71,7,0.1,-96.46
704,US-2022-100704,07/24/2022,07/28/2022,Second Class,CU-10317,Customer 333,Consumer,United States,Alabama,Alabama,12229,South,OFF-ART-3375,Office Supplies,Art,Art model 48,46.14,2,0.0,7.06
705,US-2021-100705,03/08/2021,03/12/2021,Second Class,CU-10618,Customer 102,Home Office,United States,Nevada,Nevada,98653,West,OFF-LAB-5328,Office Supplies,Labels,Labels model 224,389.46,6,0.1,-23.22
706,US-2023-100706,06/15/2023,06/19/2023,Standard Class,CU-10234,Customer 215,Corporate,United States,North Carolina,North Carolina,36424,South,OFF-ART-7650,Office Supplies,Art,Art model 150,84.96,2,0.0,19.96
707,US-2022-100707,03/25/2022,03/28/2022,First Class,CU-10023,Customer 619,Corporate,United States,California,California,44272,West,OFF-LAB-7316,Office Supplies,Labels,Labels model 41,95.75,1,0.0,-5.77
708,US-2024-100708,07/27/2024,08/03/2024,Second Class,CU-10794,Customer 304,Consumer,United States,California,California,14414,West,OFF-BIN-9816,Office Supplies,Binders,Binders model 247,256.65,9,0.0,106.06
709,US-2022-100709,01/22/2022,01/25/2022,Standard Class,CU-10052,Customer 175,Consumer,United States,Alabama,Alabama,71494,South,TEC-COP-1992,Technology,Copiers,Copiers model 236,14796.56,9,0.0,3637.4
710,US-2023-100710,03/30/2023,03/31/2023,First Class,CU-10202,Customer 183,Consumer,United States,Ohio,Ohio,31751,Central,OFF-PAP-1096,Office Supplies,Paper,Paper model 103,618.58,7,0.1,250.22
711,US-2021-100711,10/12/2021,10/14/2021,Second Class,CU-10431,Customer 175,Home Office,United States,Michigan,Michigan,86515,Central,TEC-COP-4527,Technology,Copiers,Copiers model 46,2785.96,4,0.5,119.51
712,US-2022-100712,12/16/2022,12/23/2022,Standard Class,CU-10697,Customer 536,Consumer,United States,New Jersey,New Jersey,87042,East,TEC-MAC-2612,Technology,Machines,Machines model 14,4770.3,3,0.15,1486.6
713,US-2021-100713,12/01/2021,12/08/2021,Standard Class,CU-10381,Customer 146,Home Office,United States,Washington,Washington,17157,West,TEC-COP-9426,Technology,Copiers,Copiers model 122,1164.7,5,0.3,-30.81
714,US-2021-100714,11/16/2021,11/18/2021,Standard Class,CU-10313,Customer 85,Home Office,United States,Massachusetts,Massachusetts,32038,East,FUR-TAB-8590,Furniture,Tables,Tables model 171,680.84,5,0.0,62.34
715,US-2023-100715,04/02/2023,04/09/2023,Standard Class,CU-10274,Customer 174,Home Office,United States,California,California,94709,West,TEC-MAC-4781,Technology,Machines,Machines model 266,6261.4,6,0.0,2493.82
716,US-2021-100716,07/04/2021,07/10/2021,Standard Class,CU-10225,Customer 410,Home Office,United States,Georgia,Georgia,14624,South,FUR-FUR-8874,Furniture,Furnishings,Furnishings model 180,320.67,2,0.1,30.31
717,US-2021-100717,02/04/2021,02/09/2021,Standard Class,CU-10525,Customer 676,Corporate,United States,New Jersey,New Jersey,10380,East,OFF-BIN-6250,Office Supplies,Binders,Binders model 251,252.14,4,0.15,45.74
718,US-2021-100718,01/01/2021,01/04/2021,Second Class,CU-10666,Customer 192,Home Office,United States,California,California,71745,West,OFF-ART-2524,Office Supplies,Art,Art model 93,24.15,3,0.1,-0.28
719,US-2024-100719,02/23/2024,02/24/2024,Second Class,CU-10223,Customer 326,Consumer,United States,Alabama,Alabama,83492,South,OFF-ART-9408,Office Supplies,Art,Art model 229,634.58,7,0.2,46.31
720,US-2021-100720,05/24/2021,05/29/2021,Standard Class,CU-10774,Customer 682,Consumer,United States,Massachusetts,Massachusetts,51805,East,FUR-FUR-4222,Furniture,Furnishings,Furnishings model 126,1075.21,2,0.0,461.42
721,US-2023-100721,12/29/2023,01/02/2024,Standard Class,CU-10709,Customer 100,Corporate,United States,Georgia,Georgia,29005,South,OFF-LAB-2561,Office Supplies,Labels,Labels model 222,303.76,8,0.15,90.71
722,US-2021-100722,01/17/2021,01/23/2021,Second Class,CU-10534,Customer 605,Corporate,United States,New Jersey,New Jersey,54097,East,TEC-ACC-7434,Technology,Accessories,Accessories model 38,8584.06,9,0.1,501.18
723,US-2023-100723,10/21/2023,10/24/2023,Standard Class,CU-10197,Customer 346,Home Office,United States,Oregon,Oregon,97825,West,OFF-ART-1591,Office Supplies,Art,Art model 17,125.84,1,0.1,-0.51
724,US-2022-100724,02/20/2022,02/25/2022,Standard Class,CU-10625,Customer 609,Corporate,United States,California,California,62721,West,FUR-TAB-6828,Furniture,Tables,Tables model 136,1370.95,9,0.3,-208.12
725,US-2023-100725,02/23/2023,03/01/2023,Second Class,CU-10414,Customer 318,Consumer,United States,Alabama,Alabama,35434,South,OFF-STO-2295,Office Supplies,Storage,Storage model 163,244.34,3,0.2,-5.52
726,US-2021-100726,10/25/2021,11/01/2021,Standard Class,CU-10200,Customer 618,Consumer,United States,Michigan,Michigan,62810,Central,OFF-PAP-4435,Office Supplies,Paper,Paper model 292,305.31,3,0.0,20.88
727,US-2021-100727,09/30/2021,10/02/2021,Second Class,CU-10780,Customer 789,Corporate,United States,Nevada,Nevada,18730,West,OFF-BIN-2410,Office Supplies,Binders,Binders model 6,130.61,4,0.15,28.86
728,US-2023-100728,11/18/2023,11/22/2023,Second Class,CU-10603,Customer 481,Home Office,United States,Florida,Florida,77372,South,TEC-MAC-9777,Technology,Machines,Machines model 76,15206.19,9,0.1,-2499.51
729,US-2024-100729,01/20/2024,01/27/2024,Standard Class,CU-10317,Customer 488,Consumer,United States,North Carolina,North Carolina,19719,South,TEC-ACC-7909,Technology,Accessories,Accessories model 293,6572.76,6,0.0,1013.41
730,US-2023-100730,04/30/2023,05/05/2023,Standard Class,CU-10165,Customer 128,Corporate,United States,California,California,63207,West,OFF-ART-3145,Office Supplies,Art,Art model 131,191.41,2,0.0,-13.86
731,US-2023-100731,02/08/2023,02/15/2023,Standard Class,CU-10707,Customer 653,Consumer,United States,Pennsylvania,Pennsylvania,55989,East,FUR-FUR-9624,Furniture,Furnishings,Furnishings model 26,2595.32,8,0.3,172.07
732,US-2023-100732,02/16/2023,02/22/2023,Standard Class,CU-10209,Customer 368,Consumer,United States,North Carolina,North Carolina,87168,South,FUR-TAB-3658,Furniture,Tables,Tables model 71,494.95,1,0.1,116.5
733,US-2024-100733,06/28/2024,07/05/2024,Standard Class,CU-10353,Customer 409,Consumer,United States,New Jersey,New Jersey,23296,East,TEC-PHO-9614,Technology,Phones,Phones model 275,1584.53,3,0.15,-3.96
734,US-2023-100734,08/05/2023,08/07/2023,Standard Class,CU-10016,Customer 427,Consumer,United States,New York,New York,15160,East,FUR-TAB-5088,Furniture,Tables,Tables model 187,342.71,1,0.15,16.93
735,US-2023-100735,09/10/2023,09/16/2023,Standard Class,CU-10060,Customer 71,Home Office,United States,North Carolina,North Carolina,59956,South,OFF-STO-6427,Office Supplies,Storage,Storage model 44,65.36,3,0.1,-3.07
736,US-2021-100736,12/03/2021,12/08/2021,Standard Class,CU-10050,Customer 713,Corporate,United States,New Jersey,New Jersey,79600,East,FUR-BOO-9983,Furniture,Bookcases,Bookcases model 41,657.52,3,0.3,112.59
737,US-2022-100737,03/08/2022,03/13/2022,Standard Class,CU-10394,Customer 601,Corporate,United States,North Carolina,North Carolina,27571,South,TEC-PHO-3087,Technology,Phones,Phones model 207,5710.31,9,0.2,805.17
738,US-2022-100738,10/07/2022,10/11/2022,Standard Class,CU-10422,Customer 230,Home Office,United States,Georgia,Georgia,14657,South,TEC-PHO-2368,Technology,Phones,Phones model 131,3250.81,2,0.15,454.07
739,US-2024-100739,09/07/2024,09/13/2024,Standard Class,CU-10134,Customer 11,Home Office,United States,New York,New York,42479,East,OFF-BIN-3426,Office Supplies,Binders,Binders model 284,134.15,1,0.2,-18.15
740,US-2023-100740,10/03/2023,10/05/2023,Standard Class,CU-10257,Customer 662,Home Office,United States,Oregon,Oregon,75168,West,TEC-COP-2638,Technology,Copiers,Copiers model 44,6991.23,7,0.2,1444.01
741,US-2024-100741,01/26/2024,01/30/2024,Standard Class,CU-10342,Customer 403,Home Office,United States,Alabama,Alabama,70607,South,TEC-PHO-1185,Technology,Phones,Phones model 257,3945.85,5,0.3,-337.68
742,US-2023-100742,10/30/2023,11/06/2023,Second Class,CU-10316,Customer 213,Consumer,United States,Nevada,Nevada,96920,West,FUR-CHA-9565,Furniture,Chairs,Chairs model 298,1623.58,5,0.3,-180.88
743,US-2021-100743,11/28/2021,12/05/2021,Standard Class,CU-10742,Customer 93,Home Office,United States,Nevada,Nevada,46542,West,OFF-LAB-5879,Office Supplies,Labels,Labels model 172,302.26,5,0.15,95.64
744,US-2023-100744,05/30/2023,05/31/2023,Standard Class,CU-10004,Customer 335,Home Office,United States,California,California,76223,West,OFF-LAB-7067,Office Supplies,Labels,Labels model 18,1171.49,9,0.0,-36.23
745,US-2021-100745,12/25/2021,12/28/2021,Standard Class,CU-10122,Customer 256,Corporate,United States,North Carolina,North Carolina,21439,South,OFF-PAP-4810,Office Supplies,Paper,Paper model 226,12.24,1,0.5,-0.73
746,US-2023-100746,04/25/2023,05/01/2023,Standard Class,CU-10323,Customer 485,Home Office,United States,Ohio,Ohio,86156,Central,OFF-ART-1781,Office Supplies,Art,Art model 3,585.81,5,0.1,91.64
747,US-2021-100747,03/12/2021,03/15/2021,Standard Class,CU-10484,Customer 147,Home Office,United States,New Jersey,New Jersey,43907,East,OFF-LAB-8196,Office Supplies,Labels,Labels model 298,114.13,3,0.15,8.82
748,US-2023-100748,07/29/2023,07/30/2023,Second Class,CU-10144,Customer 596,Consumer,United States,California,California,82312,West,OFF-BIN-1343,Office Supplies,Binders,Binders model 238,390.44,4,0.1,31.07
749,US-2023-100749,06/23/2023,06/24/2023,Second Class,CU-10765,Customer 43,Home Office,United States,New Jersey,New Jersey,57213,East,TEC-COP-8735,Technology,Copiers,Copiers model 23,328.66,3,0.15,-11.23
750,US-2021-100750,01/31/2021,02/06/2021,Standard Class,CU-10233,Customer 696,Corporate,United States,Texas,Texas,43653,Central,FUR-FUR-6091,Furniture,Furnishings,Furnishings model 223,3736.62,9,0.15,135.59
751,US-2021-100751,10/01/2021,10/02/2021,Second Class,CU-10094,Customer 579,Corporate,United States,New Jersey,New Jersey,30132,East,TEC-ACC-2055,Technology,Accessories,Accessories model 155,5923.94,4,0.0,941.05
752,US-2022-100752,07/22/2022,07/24/2022,Second Class,CU-10722,Customer 643,Corporate,United States,New Jersey,New Jersey,11588,East,OFF-PAP-2427,Office Supplies,Paper,Paper model 86,157.65,7,0.0,50.19
753,US-2023-100753,02/28/2023,03/05/2023,Standard Class,CU-10550,Customer 261,Consumer,United States,Florida,Florida,79097,South,FUR-CHA-8094,Furniture,Chairs,Chairs model 93,1282.83,2,0.15,-135.61
754,US-2022-100754,05/09/2022,05/16/2022,First Class,CU-10139,Customer 560,Home Office,United States,Washington,Washington,58039,West,FUR-TAB-7272,Furniture,Tables,Tables model 135,264.52,4,0.3,79.14
755,US-2022-100755,09/06/2022,09/10/2022,First Class,CU-10364,Customer 331,Corporate,United States,Pennsylvania,Pennsylvania,10781,East,TEC-PHO-6210,Technology,Phones,Phones model 51,3505.0,8,0.2,868.0
756,US-2022-100756,11/10/2022,11/15/2022,Standard Class,CU-10169,Customer 309,Consumer,United States,Washington,Washington,44062,West,TEC-COP-1122,Technology,Copiers,Copiers model 11,3371.68,8,0.15,125.17
757,US-2024-100757,01/04/2024,01/06/2024,Standard Class,CU-10084,Customer 467,Corporate,United States,Georgia,Georgia,55053,South,OFF-ART-3641,Office Supplies,Art,Art model 18,487.79,5,0.1,68.5
758,US-2023-100758,04/21/2023,04/22/2023,Standard Class,CU-10628,Customer 571,Home Office,United States,Nevada,Nevada,28217,West,OFF-BIN-4196,Office Supplies,Binders,Binders model 107,379.78,3,0.3,67.25
759,US-2022-100759,02/13/2022,02/16/2022,Second Class,CU-10189,Customer 452,Home Office,United States,Massachusetts,Massachusetts,79637,East,FUR-FUR-7927,Furniture,Furnishings,Furnishings model 12,1388.22,9,0.0,718.8
760,US-2021-100760,01/09/2021,01/10/2021,First Class,CU-10718,Customer 74,Consumer,United States,Massachusetts,Massachusetts,30293,East,OFF-STO-4113,Office Supplies,Storage,Storage model 61,820.18,7,0.2,199.29
761,US-2021-100761,01/05/2021,01/10/2021,First Class,CU-10437,Customer 183,Home Office,United States,Michigan,Michigan,32742,Central,OFF-STO-9971,Office Supplies,Storage,Storage model 98,51.24,1,0.0,7.94
762,US-2022-100762,05/30/2022,05/31/2022,Same Day,CU-10713,Customer 584,Corporate,United States,Washington,Washington,69805,West,OFF-STO-7288,Office Supplies,Storage,Storage model 11,659.53,8,0.0,357.17
763,US-2024-100763,03/12/2024,03/17/2024,Second Class,CU-10399,Customer 303,Corporate,United States,Massachusetts,Massachusetts,73549,East,FUR-TAB-6567,Furniture,Tables,Tables model 271,896.73,4,0.0,209.29
764,US-2022-100764,08/08/2022,08/11/2022,Same Day,CU-10028,Customer 267,Corporate,United States,Florida,Florida,83288,South,OFF-ART-8452,Office Supplies,Art,Art model 146,77.51,2,0.1,11.46
765,US-2021-100765,11/05/2021,11/06/2021,Standard Class,CU-10357,Customer 452,Corporate,United States,Oregon,Oregon,10906,West,OFF-STO-1694,Office Supplies,Storage,Storage model 112,71.65,1,0.0,-0.21
766,US-2024-100766,06/22/2024,06/28/2024,First Class,CU-10075,Customer 51,Home Office,United States,Michigan,Michigan,19475,Central,OFF-BIN-8116,Office Supplies,Binders,Binders model 38,376.75,7,0.0,118.77
767,US-2022-100767,06/23/2022,06/28/2022,Standard Class,CU-10486,Customer 392,Home Office,United States,Washington,Washington,41202,West,TEC-PHO-6633,Technology,Phones,Phones model 111,13324.48,9,0.0,6440.11
768,US-2021-100768,02/01/2021,02/04/2021,Standard Class,CU-10132,Customer 561,Corporate,United States,California,California,37341,West,OFF-PAP-4450,Office Supplies,Paper,Paper model 47,491.73,7,0.2,136.41
769,US-2023-100769,03/12/2023,03/15/2023,Second Class,CU-10580,Customer 442,Consumer,United States,Washington,Washington,81308,West,FUR-FUR-5359,Furniture,Furnishings,Furnishings model 80,2124.34,5,0.4,643.36
770,US-2024-100770,04/12/2024,04/15/2024,Second Class,CU-10797,Customer 427,Home Office,United States,Michigan,Michigan,61916,Central,OFF-BIN-3801,Office Supplies,Binders,Binders model 225,23.74,1,0.0,4.34
771,US-2023-100771,02/22/2023,03/01/2023,Second Class,CU-10717,Customer 85,Home Office,United States,North Carolina,North Carolina,39892,South,TEC-PHO-7234,Technology,Phones,Phones model 141,4009.6,4,0.0,-268.04
772,US-2021-100772,02/21/2021,02/26/2021,Standard Class,CU-10001,Customer 714,Consumer,United States,Michigan,Michigan,44927,Central,TEC-MAC-7839,Technology,Machines,Machines model 221,3593.36,5,0.3,-239.95
773,US-2024-100773,10/21/2024,10/27/2024,Standard Class,CU-10056,Customer 514,Home Office,United States,Nevada,Nevada,57228,West,OFF-LAB-6018,Office Supplies,Labels,Labels model 272,611.7,5,0.4,-116.32
774,US-2023-100774,10/05/2023,10/11/2023,Standard Class,CU-10445,Customer 52,Corporate,United States,Washington,Washington,96151,West,FUR-FUR-2168,Furniture,Furnishings,Furnishings model 197,578.4,3,0.1,-7.81
775,US-2023-100775,11/20/2023,11/22/2023,Second Class,CU-10397,Customer 601,Corporate,United States,Ohio,Ohio,13258,Central,TEC-ACC-8782,Technology,Accessories,Accessories model 291,645.44,2,0.15,-105.43
776,US-2024-100776,01/20/2024,01/26/2024,First Class,CU-10749,Customer 227,Corporate,United States,Florida,Florida,42353,South,TEC-PHO-4089,Technology,Phones,Phones model 112,2277.72,4,0.0,692.04
777,US-2022-100777,10/01/2022,10/02/2022,Standard Class,CU-10348,Customer 261,Home Office,United States,Washington,Washington,18141,West,TEC-MAC-1446,Technology,Machines,Machines model 38,854.77,1,0.0,337.83
778,US-2021-100778,06/21/2021,06/28/2021,Standard Class,CU-10099,Customer 211,Consumer,United States,California,California,28930,West,FUR-CHA-3819,Furniture,Chairs,Chairs model 220,2550.84,7,0.1,-149.61
779,US-2024-100779,08/02/2024,08/03/2024,Standard Class,CU-10660,Customer 332,Home Office,United States,Oregon,Oregon,47533,West,FUR-CHA-7515,Furniture,Chairs,Chairs model 203,1138.1,4,0.4,65.09
780,US-2021-100780,08/12/2021,08/15/2021,Standard Class,CU-10281,Customer 1,Home Office,United States,Pennsylvania,Pennsylvania,60464,East,FUR-FUR-4192,Furniture,Furnishings,Furnishings model 113,1356.43,4,0.0,398.46
781,US-2024-100781,05/07/2024,05/14/2024,Standard Class,CU-10661,Customer 193,Consumer,United States,Michigan,Michigan,29794,Central,TEC-PHO-7615,Technology,Phones,Phones model 206,4732.01,5,0.0,710.59
782,US-2023-100782,05/15/2023,05/20/2023,Standard Class,CU-10698,Customer 790,Corporate,United States,California,California,41339,West,OFF-ART-4102,Office Supplies,Art,Art model 73,215.03,6,0.0,72.35
783,US-2023-100783,06/22/2023,06/25/2023,First Class,CU-10377,Customer 624,Consumer,United States,Texas,Texas,68624,Central,FUR-FUR-9067,Furniture,Furnishings,Furnishings model 231,96.23,2,0.15,10.29
784,US-2021-100784,06/01/2021,06/05/2021,Standard Class,CU-10409,Customer 13,Corporate,United States,Pennsylvania,Pennsylvania,60850,East,OFF-STO-2614,Office Supplies,Storage,Storage model 211,42.43,1,0.0,3.37
785,US-2022-100785,01/24/2022,01/25/2022,Second Class,CU-10558,Customer 673,Consumer,United States,Oregon,Oregon,76420,West,FUR-TAB-6468,Furniture,Tables,Tables model 23,688.52,1,0.2,112.75
786,US-2024-100786,08/07/2024,08/13/2024,Standard Class,CU-10267,Customer 567,Consumer,United States,California,California,46096,West,OFF-PAP-9968,Office Supplies,Paper,Paper model 90,430.65,4,0.3,83.92
787,US-2021-100787,10/25/2021,10/28/2021,Same Day,CU-10628,Customer 595,Consumer,United States,California,California,91913,West,OFF-PAP-9078,Office Supplies,Paper,Paper model 95,324.18,6,0.4,-33.09
788,US-2021-100788,12/28/2021,12/31/2021,Standard Class,CU-10300,Customer 632,Consumer,United States,Oregon,Oregon,48191,West,TEC-MAC-1935,Technology,Machines,Machines model 142,8711.16,5,0.0,-511.56
789,US-2023-100789,11/14/2023,11/19/2023,Standard Class,CU-10681,Customer 343,Corporate,United States,Pennsylvania,Pennsylvania,14168,East,OFF-ART-8481,Office Supplies,Art,Art model 295,169.06,3,0.0,62.2
790,US-2023-100790,10/28/2023,11/04/2023,Standard Class,CU-10159,Customer 47,Consumer,United States,Michigan,Michigan,77872,Central,OFF-LAB-5915,Office Supplies,Labels,Labels model 253,780.45,6,0.1,108.0
791,US-2022-100791,11/12/2022,11/18/2022,Standard Class,CU-10339,Customer 284,Home Office,United States,Georgia,Georgia,88220,South,OFF-BIN-4952,Office Supplies,Binders,Binders model 181,1132.01,8,0.15,-16.59
792,US-2021-100792,09/21/2021,09/22/2021,Standard Class,CU-10021,Customer 108,Corporate,United States,New Jersey,New Jersey,55801,East,OFF-BIN-4595,Office Supplies,Binders,Binders model 292,82.72,1,0.2,27.22
793,US-2024-100793,06/28/2024,06/30/2024,First Class,CU-10464,Customer 607,Home Office,United States,Pennsylvania,Pennsylvania,44906,East,OFF-LAB-1518,Office Supplies,Labels,Labels model 253,43.51,8,0.0,-0.51
794,US-2023-100794,08/09/2023,08/16/2023,Standard Class,CU-10483,Customer 790,Corporate,United States,Michigan,Michigan,95700,Central,FUR-BOO-1390,Furniture,Bookcases,Bookcases model 118,3948.54,5,0.2,-623.59
795,US-2023-100795,08/31/2023,09/03/2023,Second Class,CU-10662,Customer 605,Corporate,United States,Alabama,Alabama,53675,South,OFF-STO-3835,Office Supplies,Storage,Storage model 198,215.38,3,0.2,48.16
796,US-2023-100796,02/17/2023,02/21/2023,Standard Class,CU-10154,Customer 46,Home Office,United States,New Jersey,New Jersey,98864,East,TEC-ACC-6760,Technology,Accessories,Accessories model 71,3433.65,8,0.2,695.12
797,US-2022-100797,03/06/2022,03/12/2022,Second Class,CU-10620,Customer 647,Corporate,United States,Florida,Florida,11961,South,OFF-BIN-9138,Office Supplies,Binders,Binders model 245,377.84,9,0.0,121.16
798,US-2024-100798,06/04/2024,06/09/2024,Second Class,CU-10114,Customer 473,Consumer,United States,Nevada,Nevada,49651,West,OFF-PAP-2761,Office Supplies,Paper,Paper model 17,695.67,7,0.15,163.55
799,US-2023-100799,04/25/2023,05/02/2023,Second Class,CU-10122,Customer 799,Corporate,United States,Washington,Washington,68246,West,TEC-COP-5312,Technology,Copiers,Copiers model 80,3969.65,9,0.0,419.04
800,US-2023-100800,09/22/2023,09/26/2023,Standard Class,CU-10247,Customer 528,Home Office,United States,North Carolina,North Carolina,26902,South,FUR-BOO-1452,Furniture,Bookcases,Bookcases model 127,2612.46,3,0.0,286.5
801,US-2022-100801,11/09/2022,11/10/2022,Standard Class,CU-10627,Customer 606,Home Office,United States,Illinois,Illinois,36794,Central,OFF-ART-5742,Office Supplies,Art,Art model 298,536.16,6,0.15,33.31
802,US-2024-100802,10/15/2024,10/18/2024,First Class,CU-10243,Customer 734,Consumer,United States,New York,New York,17542,East,TEC-COP-3055,Technology,Copiers,Copiers model 15,1110.0,1,0.1,63.16
803,US-2022-100803,04/18/2022,04/24/2022,Second Class,CU-10158,Customer 745,Corporate,United States,Georgia,Georgia,97589,South,TEC-MAC-7360,Technology,Machines,Machines model 198,2959.8,3,0.0,319.1
804,US-2023-100804,01/05/2023,01/12/2023,Second Class,CU-10307,Customer 535,Corporate,United States,New York,New York,85145,East,OFF-ART-3473,Office Supplies,Art,Art model 119,72.85,1,0.0,-4.76
805,US-2023-100805,12/28/2023,12/30/2023,Second Class,CU-10716,Customer 106,Corporate,United States,Florida,Florida,21577,South,OFF-STO-3405,Office Supplies,Storage,Storage model 21,107.47,9,0.15,9.63
806,US-2023-100806,10/14/2023,10/18/2023,Second Class,CU-10760,Customer 479,Consumer,United States,Nevada,Nevada,79408,West,OFF-ART-2632,Office Supplies,Art,Art model 110,406.69,3,0.0,108.25
807,US-2024-100807,05/22/2024,05/28/2024,Second Class,CU-10604,Customer 176,Home Office,United States,Texas,Texas,24650,Central,OFF-BIN-1852,Office Supplies,Binders,Binders model 122,81.26,5,0.2,13.51
808,US-2022-100808,05/20/2022,05/25/2022,First Class,CU-10475,Customer 261,Corporate,United States,Nevada,Nevada,49028,West,FUR-BOO-7517,Furniture,Bookcases,Bookcases model 288,2577.68,3,0.0,867.84
809,US-2021-100809,07/14/2021,07/19/2021,Second Class,CU-10052,Customer 56,Consumer,United States,North Carolina,North Carolina,56665,South,OFF-BIN-4626,Office Supplies,Binders,Binders model 287,980.79,9,0.0,323.19
810,US-2024-100810,09/16/2024,09/22/2024,First Class,CU-10194,Customer 157,Consumer,United States,Ohio,Ohio,29292,Central,FUR-CHA-2938,Furniture,Chairs,Chairs model 278,5123.37,7,0.15,1225.55
811,US-2021-100811,10/26/2021,10/29/2021,Standard Class,CU-10058,Customer 541,Consumer,United States,New York,New York,66607,East,TEC-COP-3477,Technology,Copiers,Copiers model 129,3193.06,5,0.1,767.81
812,US-2022-100812,01/25/2022,02/01/2022,Second Class,CU-10455,Customer 315,Home Office,United States,Florida,Florida,47897,South,OFF-LAB-1497,Office Supplies,Labels,Labels model 79,311.98,5,0.2,56.49
813,US-2022-100813,08/18/2022,08/22/2022,Standard Class,CU-10375,Customer 485,Consumer,United States,Texas,Texas,15691,Central,OFF-ART-2689,Office Supplies,Art,Art model 242,619.78,7,0.5,-29.2
814,US-2021-100814,04/07/2021,04/11/2021,First Class,CU-10182,Customer 296,Home Office,United States,Oregon,Oregon,81240,West,TEC-MAC-8481,Technology,Machines,Machines model 130,12214.89,8,0.2,1053.51
815,US-2024-100815,02/18/2024,02/25/2024,Standard Class,CU-10614,Customer 180,Corporate,United States,Texas,Texas,37180,Central,TEC-MAC-2627,Technology,Machines,Machines model 203,14338.86,9,0.0,6006.65
816,US-2023-100816,10/19/2023,10/23/2023,First Class,CU-10726,Customer 494,Consumer,United States,Nevada,Nevada,64652,West,OFF-ART-6587,Office Supplies,Art,Art model 50,462.08,6,0.0,44.44
817,US-2021-100817,03/03/2021,03/08/2021,First Class,CU-10057,Customer 701,Home Office,United States,Georgia,Georgia,80750,South,OFF-LAB-6294,Office Supplies,Labels,Labels model 293,537.81,4,0.0,140.13
818,US-2023-100818,01/17/2023,01/23/2023,Standard Class,CU-10212,Customer 692,Consumer,United States,Michigan,Michigan,34128,Central,OFF-PAP-8781,Office Supplies,Paper,Paper model 209,310.48,3,0.2,37.69
819,US-2023-100819,06/08/2023,06/09/2023,Standard Class,CU-10561,Customer 92,Home Office,United States,Massachusetts,Massachusetts,26183,East,OFF-STO-6876,Office Supplies,Storage,Storage model 31,449.99,4,0.15,94.29
820,US-2021-100820,04/20/2021,04/26/2021,Standard Class,CU-10759,Customer 367,Home Office,United States,Florida,Florida,84793,South,OFF-ART-5671,Office Supplies,Art,Art model 244,376.92,5,0.0,29.91
821,US-2021-100821,10/26/2021,11/01/2021,Standard Class,CU-10698,Customer 65,Home Office,United States,Alabama,Alabama,79875,South,OFF-ART-6584,Office Supplies,Art,Art model 34,1004.38,7,0.1,21.38
822,US-2021-100822,06/18/2021,06/24/2021,Same Day,CU-10611,Customer 609,Consumer,United States,Washington,Washington,59527,West,TEC-ACC-6325,Technology,Accessories,Accessories model 194,1231.8,1,0.0,267.89
823,US-2022-100823,10/29/2022,11/02/2022,Standard Class,CU-10140,Customer 2,Consumer,United States,Oregon,Oregon,25609,West,OFF-LAB-4769,Office Supplies,Labels,Labels model 84,360.09,8,0.2,51.9
824,US-2023-100824,08/26/2023,09/02/2023,Second Class,CU-10575,Customer 768,Home Office,United States,Texas,Texas,98613,Central,TEC-PHO-5820,Technology,Phones,Phones model 78,1573.41,1,0.1,34.35
825,US-2021-100825,02/12/2021,02/18/2021,Standard Class,CU-10302,Customer 87,Corporate,United States,Washington,Washington,54713,West,OFF-PAP-3868,Office Supplies,Paper,Paper model 250,673.98,6,0.2,34.56
826,US-2021-100826,12/18/2021,12/20/2021,First Class,CU-10544,Customer 260,Corporate,United States,Georgia,Georgia,91041,South,OFF-BIN-6460,Office Supplies,Binders,Binders model 56,806.65,9,0.3,147.18
827,US-2021-100827,03/06/2021,03/11/2021,Standard Class,CU-10235,Customer 147,Corporate,United States,North Carolina,North Carolina,48056,South,TEC-PHO-8818,Technology,Phones,Phones model 176,2739.62,2,0.2,426.23
828,US-2021-100828,05/29/2021,06/02/2021,Second Class,CU-10595,Customer 54,Consumer,United States,Texas,Texas,22342,Central,TEC-MAC-1626,Technology,Machines,Machines model 10,4598.85,4,0.0,1813.83
829,US-2024-100829,11/03/2024,11/07/2024,First Class,CU-10775,Customer 44,Consumer,United States,Florida,Florida,19161,South,TEC-COP-8231,Technology,Copiers,Copiers model 75,3556.28,9,0.0,84.72
830,US-2023-100830,02/09/2023,02/14/2023,Standard Class,CU-10232,Customer 30,Consumer,United States,New Jersey,New Jersey,73239,East,OFF-BIN-6953,Office Supplies,Binders,Binders model 31,37.07,1,0.1,-3.43
831,US-2021-100831,06/25/2021,06/27/2021,Second Class,CU-10284,Customer 493,Corporate,United States,Texas,Texas,72153,Central,OFF-ART-3808,Office Supplies,Art,Art model 158,136.67,7,0.1,11.48
832,US-2022-100832,11/04/2022,11/05/2022,Standard Class,CU-10250,Customer 755,Home Office,United States,North Carolina,North Carolina,75216,South,OFF-STO-3268,Office Supplies,Storage,Storage model 232,105.6,2,0.0,29.74
833,US-2021-100833,01/16/2021,01/18/2021,Standard Class,CU-10724,Customer 107,Consumer,United States,Oregon,Oregon,64596,West,TEC-PHO-3227,Technology,Phones,Phones model 217,8466.78,6,0.1,1748.02
834,US-2021-100834,06/06/2021,06/11/2021,Standard Class,CU-10539,Customer 570,Consumer,United States,Ohio,Ohio,34084,Central,OFF-PAP-2946,Office Supplies,Paper,Paper model 10,493.59,8,0.0,-39.59
835,US-2023-100835,03/07/2023,03/11/2023,Standard Class,CU-10117,Customer 159,Consumer,United States,New York,New York,40183,East,TEC-ACC-2088,Technology,Accessories,Accessories model 234,15406.34,9,0.15,-1539.28
836,US-2023-100836,11/10/2023,11/17/2023,Standard Class,CU-10715,Customer 17,Consumer,United States,Florida,Florida,31772,South,OFF-LAB-7675,Office Supplies,Labels,Labels model 261,312.52,4,0.1,8.97
837,US-2022-100837,06/03/2022,06/06/2022,Standard Class,CU-10608,Customer 776,Consumer,United States,Pennsylvania,Pennsylvania,32079,East,TEC-ACC-2977,Technology,Accessories,Accessories model 20,1075.22,3,0.0,203.87
838,US-2024-100838,10/11/2024,10/18/2024,Standard Class,CU-10568,Customer 480,Corporate,United States,Michigan,Michigan,65536,Central,TEC-PHO-8076,Technology,Phones,Phones model 241,3172.81,3,0.4,-548.34
839,US-2021-100839,07/18/2021,07/24/2021,Standard Class,CU-10295,Customer 112,Consumer,United States,New York,New York,33206,East,OFF-STO-6919,Office Supplies,Storage,Storage model 236,142.92,5,0.3,3.22
840,US-2024-100840,08/05/2024,08/06/2024,Standard Class,CU-10628,Customer 426,Consumer,United States,Michigan,Michigan,50915,Central,OFF-STO-4826,Office Supplies,Storage,Storage model 281,512.67,9,0.15,114.57
841,US-2022-100841,12/17/2022,12/21/2022,Same Day,CU-10168,Customer 75,Corporate,United States,Nevada,Nevada,95289,West,TEC-COP-6520,Technology,Copiers,Copiers model 166,1988.98,3,0.2,422.75
842,US-2024-100842,10/13/2024,10/15/2024,Second Class,CU-10770,Customer 322,Corporate,United States,Pennsylvania,Pennsylvania,46416,East,FUR-FUR-1181,Furniture,Furnishings,Furnishings model 165,5550.67,9,0.1,341.36
843,US-2022-100843,09/18/2022,09/23/2022,Standard Class,CU-10223,Customer 272,Home Office,United States,Nevada,Nevada,23592,West,OFF-LAB-7473,Office Supplies,Labels,Labels model 42,140.89,4,0.15,-0.24
844,US-2022-100844,10/02/2022,10/09/2022,First Class,CU-10207,Customer 31,Home Office,United States,Oregon,Oregon,84516,West,FUR-BOO-6092,Furniture,Bookcases,Bookcases model 105,2325.35,3,0.15,331.33
845,US-2021-100845,09/24/2021,09/30/2021,Second Class,CU-10032,Customer 624,Consumer,United States,Massachusetts,Massachusetts,40494,East,TEC-ACC-1336,Technology,Accessories,Accessories model 265,8139.05,6,0.0,2257.67
846,US-2024-100846,02/16/2024,02/19/2024,Standard Class,CU-10780,Customer 327,Corporate,United States,Michigan,Michigan,94114,Central,OFF-LAB-7122,Office Supplies,Labels,Labels model 289,559.51,7,0.0,131.02
847,US-2023-100847,02/02/2023,02/03/2023,Standard Class,CU-10661,Customer 104,Corporate,United States,Alabama,Alabama,87685,South,OFF-PAP-3310,Office Supplies,Paper,Paper model 273,1267.45,9,0.0,405.34
848,US-2022-100848,08/12/2022,08/18/2022,First Class,CU-10771,Customer 532,Corporate,United States,Oregon,Oregon,50384,West,OFF-STO-2175,Office Supplies,Storage,Storage model 111,535.28,5,0.15,37.87
849,US-2021-100849,12/02/2021,12/09/2021,Standard Class,CU-10335,Customer 37,Home Office,United States,Illinois,Illinois,47316,Central,OFF-BIN-3381,Office Supplies,Binders,Binders model 173,448.7,4,0.0,43.37
850,US-2021-100850,03/17/2021,03/20/2021,First Class,CU-10718,Customer 332,Corporate,United States,New York,New York,39444,East,OFF-PAP-6573,Office Supplies,Paper,Paper model 286,173.14,3,0.4,58.53
851,US-2021-100851,01/30/2021,02/01/2021,Same Day,CU-10602,Customer 138,Home Office,United States,Washington,Washington,75858,West,OFF-BIN-5514,Office Supplies,Binders,Binders model 177,687.86,7,0.2,-18.89
852,US-2024-100852,07/08/2024,07/10/2024,Standard Class,CU-10542,Customer 734,Corporate,United States,Ohio,Ohio,48930,Central,OFF-STO-7520,Office Supplies,Storage,Storage model 257,101.22,9,0.0,7.48
853,US-2024-100853,08/17/2024,08/24/2024,Standard Class,CU-10138,Customer 539,Home Office,United States,Texas,Texas,19611,Central,OFF-ART-7750,Office Supplies,Art,Art model 128,136.32,2,0.1,17.57
854,US-2024-100854,10/22/2024,10/25/2024,Same Day,CU-10354,Customer 393,Consumer,United States,Oregon,Oregon,38368,West,FUR-CHA-2370,Furniture,Chairs,Chairs model 106,590.71,1,0.15,252.56
855,US-2024-100855,10/04/2024,10/06/2024,First Class,CU-10226,Customer 290,Consumer,United States,New York,New York,53112,East,TEC-PHO-1554,Technology,Phones,Phones model 51,3757.72,3,0.4,966.33
856,US-2021-100856,05/13/2021,05/14/2021,Standard Class,CU-10113,Customer 274,Consumer,United States,Georgia,Georgia,23167,South,OFF-PAP-4083,Office Supplies,Paper,Paper model 69,160.29,7,0.0,19.69
857,US-2024-100857,05/16/2024,05/23/2024,First Class,CU-10701,Customer 444,Home Office,United States,Ohio,Ohio,84486,Central,FUR-BOO-8570,Furniture,Bookcases,Bookcases model 176,389.34,2,0.2,38.94
858,US-2022-100858,09/06/2022,09/12/2022,Standard Class,CU-10057,Customer 664,Consumer,United States,Florida,Florida,73115,South,OFF-LAB-2883,Office Supplies,Labels,Labels model 276,697.14,6,0.15,70.39
859,US-2022-100859,12/08/2022,12/13/2022,Standard Class,CU-10691,Customer 467,Consumer,United States,North Carolina,North Carolina,20555,South,FUR-BOO-8013,Furniture,Bookcases,Bookcases model 198,308.69,3,0.1,50.84
860,US-2021-100860,03/22/2021,03/23/2021,Standard Class,CU-10139,Customer 287,Consumer,United States,Oregon,Oregon,20647,West,OFF-ART-4809,Office Supplies,Art,Art model 49,57.61,3,0.0,8.36
861,US-2024-100861,11/20/2024,11/21/2024,First Class,CU-10492,Customer 764,Home Office,United States,New Jersey,New Jersey,43902,East,TEC-ACC-5188,Technology,Accessories,Accessories model 157,651.33,3,0.0,273.08
862,US-2024-100862,05/04/2024,05/05/2024,Second Class,CU-10384,Customer 197,Corporate,United States,Alabama,Alabama,15557,South,OFF-PAP-3815,Office Supplies,Paper,Paper model 298,269.79,7,0.2,0.37
863,US-2021-100863,09/27/2021,10/02/2021,Second Class,CU-10351,Customer 731,Home Office,United States,Texas,Texas,83951,Central,OFF-LAB-2377,Office Supplies,Labels,Labels model 139,949.88,9,0.2,75.71
864,US-2024-100864,09/04/2024,09/08/2024,Standard Class,CU-10370,Customer 696,Home Office,United States,Florida,Florida,41833,South,OFF-STO-1062,Office Supplies,Storage,Storage model 146,231.71,6,0.1,51.17
865,US-2022-100865,11/15/2022,11/19/2022,Standard Class,CU-10229,Customer 257,Home Office,United States,Pennsylvania,Pennsylvania,38716,East,TEC-ACC-8037,Technology,Accessories,Accessories model 96,998.26,1,0.15,51.52
866,US-2024-100866,08/06/2024,08/09/2024,Standard Class,CU-10107,Customer 542,Consumer,United States,Massachusetts,Massachusetts,16938,East,FUR-BOO-7258,Furniture,Bookcases,Bookcases model 258,1260.76,8,0.0,437.46
867,US-2024-100867,08/26/2024,08/30/2024,First Class,CU-10182,Customer 793,Corporate,United States,Georgia,Georgia,75634,South,TEC-COP-7282,Technology,Copiers,Copiers model 262,690.1,2,0.15,353.49
868,US-2022-100868,10/11/2022,10/18/2022,Standard Class,CU-10767,Customer 146,Consumer,United States,North Carolina,North Carolina,30469,South,OFF-ART-9746,Office Supplies,Art,Art model 121,587.11,5,0.0,105.28
869,US-2024-100869,07/07/2024,07/08/2024,Standard Class,CU-10177,Customer 713,Home Office,United States,New Jersey,New Jersey,56064,East,FUR-TAB-5555,Furniture,Tables,Tables model 258,3117.62,9,0.0,762.2
870,US-2022-100870,12/25/2022,12/26/2022,Standard Class,CU-10663,Customer 453,Consumer,United States,Texas,Texas,13190,Central,OFF-PAP-2067,Office Supplies,Paper,Paper model 74,361.26,4,0.1,33.74
871,US-2022-100871,11/24/2022,11/29/2022,Standard Class,CU-10144,Customer 454,Corporate,United States,Illinois,Illinois,48282,Central,FUR-TAB-3806,Furniture,Tables,Tables model 290,952.38,3,0.1,337.85
872,US-2022-100872,09/05/2022,09/07/2022,First Class,CU-10370,Customer 781,Corporate,United States,New York,New York,51423,East,FUR-CHA-6599,Furniture,Chairs,Chairs model 264,183.89,1,0.0,83.84
873,US-2022-100873,12/16/2022,12/18/2022,Same Day,CU-10640,Customer 674,Corporate,United States,Pennsylvania,Pennsylvania,15642,East,TEC-ACC-8350,Technology,Accessories,Accessories model 20,724.77,2,0.1,97.99
874,US-2021-100874,03/25/2021,03/28/2021,Standard Class,CU-10519,Customer 558,Consumer,United States,Massachusetts,Massachusetts,73552,East,OFF-PAP-7102,Office Supplies,Paper,Paper model 51,214.61,3,0.0,40.34
875,US-2024-100875,01/16/2024,01/21/2024,Same Day,CU-10342,Customer 766,Home Office,United States,Washington,Washington,80791,West,OFF-PAP-9912,Office Supplies,Paper,Paper model 172,778.84,8,0.2,44.87
876,US-2024-100876,09/23/2024,09/26/2024,First Class,CU-10540,Customer 146,Consumer,United States,Florida,Florida,59984,South,OFF-BIN-1886,Office Supplies,Binders,Binders model 284,317.45,4,0.0,13.87
877,US-2024-100877,02/02/2024,02/08/2024,Second Class,CU-10753,Customer 232,Corporate,United States,New Jersey,New Jersey,85129,East,OFF-ART-9373,Office Supplies,Art,Art model 48,81.24,4,0.0,3.47
878,US-2021-100878,09/11/2021,09/12/2021,Second Class,CU-10576,Customer 706,Home Office,United States,California,California,86434,West,FUR-FUR-3978,Furniture,Furnishings,Furnishings model 97,3852.79,5,0.0,260.98
879,US-2022-100879,08/25/2022,08/27/2022,Same Day,CU-10020,Customer 623,Corporate,United States,Pennsylvania,Pennsylvania,43055,East,FUR-CHA-3950,Furniture,Chairs,Chairs model 27,3492.71,5,0.1,84.44
880,US-2023-100880,05/01/2023,05/02/2023,First Class,CU-10718,Customer 39,Corporate,United States,Michigan,Michigan,76090,Central,OFF-BIN-8916,Office Supplies,Binders,Binders model 130,73.01,1,0.15,4.14
881,US-2022-100881,04/06/2022,04/09/2022,First Class,CU-10273,Customer 555,Consumer,United States,Georgia,Georgia,81833,South,OFF-LAB-7974,Office Supplies,Labels,Labels model 253,117.93,7,0.0,32.5
882,US-2024-100882,09/21/2024,09/26/2024,Standard Class,CU-10224,Customer 547,Corporate,United States,Michigan,Michigan,12406,Central,FUR-TAB-7988,Furniture,Tables,Tables model 9,3439.56,7,0.0,1737.42
883,US-2024-100883,12/02/2024,12/03/2024,Second Class,CU-10790,Customer 641,Corporate,United States,Florida,Florida,89705,South,OFF-ART-3038,Office Supplies,Art,Art model 91,301.25,5,0.1,-2.83
884,US-2023-100884,05/28/2023,05/31/2023,Same Day,CU-10217,Customer 474,Corporate,United States,Washington,Washington,48755,West,TEC-PHO-4740,Technology,Phones,Phones model 69,2333.08,8,0.0,137.09
885,US-2024-100885,11/26/2024,12/03/2024,Second Class,CU-10012,Customer 419,Consumer,United States,Michigan,Michigan,61989,Central,FUR-CHA-7934,Furniture,Chairs,Chairs model 15,4589.33,6,0.2,614.34
886,US-2022-100886,01/22/2022,01/24/2022,Standard Class,CU-10399,Customer 570,Home Office,United States,New York,New York,86221,East,FUR-TAB-6762,Furniture,Tables,Tables model 109,862.4,5,0.3,-21.16
887,US-2022-100887,08/07/2022,08/09/2022,Standard Class,CU-10522,Customer 564,Home Office,United States,North Carolina,North Carolina,28367,South,OFF-STO-3718,Office Supplies,Storage,Storage model 288,389.15,3,0.0,129.88
888,US-2024-100888,04/21/2024,04/25/2024,Standard Class,CU-10353,Customer 599,Home Office,United States,Oregon,Oregon,63383,West,TEC-ACC-2994,Technology,Accessories,Accessories model 249,1596.6,2,0.1,494.78
889,US-2023-100889,02/04/2023,02/10/2023,Second Class,CU-10054,Customer 787,Home Office,United States,Massachusetts,Massachusetts,39997,East,TEC-MAC-8830,Technology,Machines,Machines model 115,9341.74,8,0.15,233.17
890,US-2023-100890,04/26/2023,04/28/2023,Standard Class,CU-10090,Customer 721,Consumer,United States,Alabama,Alabama,34642,South,TEC-COP-9485,Technology,Copiers,Copiers model 114,3989.5,9,0.3,659.55
891,US-2021-100891,08/24/2021,08/30/2021,Standard Class,CU-10102,Customer 637,Home Office,United States,Washington,Washington,18265,West,FUR-TAB-4300,Furniture,Tables,Tables model 2,2457.74,9,0.0,365.49
892,US-2024-100892,05/03/2024,05/09/2024,Second Class,CU-10686,Customer 402,Consumer,United States,Texas,Texas,41092,Central,OFF-STO-6894,Office Supplies,Storage,Storage model 149,53.87,1,0.0,25.08
893,US-2022-100893,09/29/2022,10/01/2022,Standard Class,CU-10782,Customer 25,Consumer,United States,North Carolina,North Carolina,53830,South,OFF-LAB-7621,Office Supplies,Labels,Labels model 153,893.12,9,0.1,-72.76
894,US-2022-100894,02/19/2022,02/26/2022,Standard Class,CU-10582,Customer 319,Corporate,United States,Massachusetts,Massachusetts,41470,East,TEC-ACC-4061,Technology,Accessories,Accessories model 102,4305.68,4,0.15,1107.45
895,US-2024-100895,10/17/2024,10/21/2024,Same Day,CU-10450,Customer 710,Corporate,United States,Nevada,Nevada,79483,West,OFF-STO-1217,Office Supplies,Storage,Storage model 125,175.57,2,0.15,24.79
896,US-2024-100896,01/14/2024,01/19/2024,Standard Class,CU-10561,Customer 327,Home Office,United States,Pennsylvania,Pennsylvania,79898,East,OFF-PAP-5288,Office Supplies,Paper,Paper model 2,552.22,8,0.1,91.78
897,US-2022-100897,01/06/2022,01/10/2022,First Class,CU-10291,Customer 770,Corporate,United States,Texas,Texas,27911,Central,TEC-MAC-4340,Technology,Machines,Machines model 81,11071.58,8,0.4,1882.05
898,US-2021-100898,03/06/2021,03/12/2021,First Class,CU-10159,Customer 241,Corporate,United States,Oregon,Oregon,83162,West,FUR-TAB-9982,Furniture,Tables,Tables model 117,514.29,2,0.2,11.79
899,US-2021-100899,03/03/2021,03/04/2021,Standard Class,CU-10341,Customer 789,Home Office,United States,Ohio,Ohio,18580,Central,OFF-PAP-6603,Office Supplies,Paper,Paper model 106,110.89,7,0.15,-24.82
900,US-2022-100900,11/11/2022,11/17/2022,Standard Class,CU-10461,Customer 601,Home Office,United States,Ohio,Ohio,14689,Central,OFF-LAB-7001,Office Supplies,Labels,Labels model 136,35.76,2,0.15,10.81
901,US-2022-100901,12/30/2022,01/06/2023,First Class,CU-10301,Customer 705,Corporate,United States,North Carolina,North Carolina,42517,South,FUR-TAB-2742,Furniture,Tables,Tables model 214,6331.51,8,0.3,-680.04
902,US-2022-100902,08/11/2022,08/14/2022,First Class,CU-10330,Customer 23,Consumer,United States,New Jersey,New Jersey,20299,East,TEC-MAC-7523,Technology,Machines,Machines model 186,2740.89,8,0.0,543.76
903,US-2022-100903,06/26/2022,07/03/2022,Standard Class,CU-10277,Customer 131,Corporate,United States,North Carolina,North Carolina,94182,South,OFF-ART-5675,Office Supplies,Art,Art model 21,259.8,3,0.1,50.94
904,US-2023-100904,06/22/2023,06/24/2023,Standard Class,CU-10301,Customer 559,Consumer,United States,Oregon,Oregon,41095,West,FUR-FUR-7471,Furniture,Furnishings,Furnishings model 109,3365.56,7,0.0,796.61
905,US-2024-100905,10/28/2024,11/02/2024,Standard Class,CU-10559,Customer 361,Home Office,United States,Massachusetts,Massachusetts,74457,East,OFF-BIN-9955,Office Supplies,Binders,Binders model 188,6.18,1,0.0,1.65
906,US-2024-100906,11/24/2024,11/30/2024,Second Class,CU-10391,Customer 737,Home Office,United States,North Carolina,North Carolina,76607,South,OFF-BIN-5956,Office Supplies,Binders,Binders model 202,109.61,4,0.2,17.21
907,US-2023-100907,11/04/2023,11/06/2023,Second Class,CU-10674,Customer 213,Home Office,United States,Oregon,Oregon,67940,West,OFF-ART-2931,Office Supplies,Art,Art model 71,493.95,8,0.5,80.26
908,US-2021-100908,03/12/2021,03/15/2021,Standard Class,CU-10627,Customer 500,Home Office,United States,Florida,Florida,18086,South,TEC-MAC-1402,Technology,Machines,Machines model 38,1662.99,3,0.1,519.12
909,US-2022-100909,12/01/2022,12/03/2022,First Class,CU-10688,Customer 747,Home Office,United States,Florida,Florida,67173,South,OFF-STO-6664,Office Supplies,Storage,Storage model 160,833.11,6,0.0,176.42
910,US-2022-100910,05/23/2022,05/27/2022,Standard Class,CU-10140,Customer 375,Corporate,United States,Washington,Washington,38763,West,OFF-STO-8199,Office Supplies,Storage,Storage model 67,45.2,2,0.1,9.3
911,US-2022-100911,10/29/2022,11/05/2022,Second Class,CU-10796,Customer 667,Corporate,United States,Oregon,Oregon,25464,West,OFF-ART-8772,Office Supplies,Art,Art model 65,1046.6,9,0.15,208.01
912,US-2022-100912,08/13/2022,08/14/2022,Standard Class,CU-10408,Customer 646,Consumer,United States,Florida,Florida,84797,South,OFF-ART-4910,Office Supplies,Art,Art model 178,719.37,6,0.0,-22.15
913,US-2024-100913,01/12/2024,01/19/2024,Standard Class,CU-10086,Customer 288,Home Office,United States,Ohio,Ohio,40834,Central,OFF-PAP-7305,Office Supplies,Paper,Paper model 77,53.42,8,0.0,6.16
914,US-2023-100914,10/22/2023,10/25/2023,Standard Class,CU-10365,Customer 0,Home Office,United States,Georgia,Georgia,64603,South,FUR-FUR-3926,Furniture,Furnishings,Furnishings model 268,1101.27,4,0.15,21.38
915,US-2022-100915,05/28/2022,06/04/2022,Second Class,CU-10653,Customer 763,Corporate,United States,Massachusetts,Massachusetts,75887,East,OFF-LAB-9564,Office Supplies,Labels,Labels model 225,691.21,7,0.1,-201.3
916,US-2022-100916,10/31/2022,11/06/2022,First Class,CU-10572,Customer 307,Home Office,United States,Florida,Florida,67885,South,OFF-PAP-2571,Office Supplies,Paper,Paper model 268,596.68,5,0.0,111.22
917,US-2021-100917,11/06/2021,11/10/2021,Standard Class,CU-10363,Customer 467,Corporate,United States,Alabama,Alabama,57099,South,OFF-PAP-5556,Office Supplies,Paper,Paper model 132,232.97,6,0.15,17.36
918,US-2022-100918,10/09/2022,10/16/2022,Standard Class,CU-10675,Customer 318,Home Office,United States,Alabama,Alabama,26018,South,FUR-CHA-1209,Furniture,Chairs,Chairs model 226,1723.12,3,0.2,-46.7
919,US-2024-100919,10/13/2024,10/19/2024,Standard Class,CU-10236,Customer 64,Corporate,United States,Florida,Florida,19346,South,FUR-CHA-9979,Furniture,Chairs,Chairs model 72,4414.84,9,0.0,1221.95
920,US-2023-100920,07/25/2023,08/01/2023,Standard Class,CU-10413,Customer 402,Home Office,United States,New York,New York,26978,East,OFF-STO-6672,Office Supplies,Storage,Storage model 281,493.04,7,0.0,127.52
921,US-2023-100921,01/02/2023,01/08/2023,Second Class,CU-10289,Customer 736,Home Office,United States,North Carolina,North Carolina,56625,South,OFF-LAB-6526,Office Supplies,Labels,Labels model 106,826.22,7,0.1,352.72
922,US-2022-100922,08/28/2022,08/30/2022,First Class,CU-10188,Customer 452,Consumer,United States,Florida,Florida,15438,South,FUR-FUR-5505,Furniture,Furnishings,Furnishings model 117,3615.7,5,0.4,-250.09
923,US-2023-100923,01/26/2023,01/31/2023,Second Class,CU-10174,Customer 598,Consumer,United States,California,California,91387,West,TEC-COP-2965,Technology,Copiers,Copiers model 143,5716.64,9,0.0,1329.41
924,US-2022-100924,08/31/2022,09/05/2022,Second Class,CU-10616,Customer 775,Home Office,United States,Illinois,Illinois,62009,Central,FUR-TAB-4062,Furniture,Tables,Tables model 21,700.12,4,0.1,144.34
925,US-2023-100925,07/14/2023,07/15/2023,Standard Class,CU-10561,Customer 169,Corporate,United States,Ohio,Ohio,18049,Central,FUR-FUR-2782,Furniture,Furnishings,Furnishings model 132,529.97,1,0.2,45.79
926,US-2024-100926,01/24/2024,01/31/2024,Standard Class,CU-10310,Customer 163,Home Office,United States,Alabama,Alabama,49244,South,OFF-STO-6057,Office Supplies,Storage,Storage model 51,185.21,9,0.2,36.52
927,US-2024-100927,09/04/2024,09/09/2024,Same Day,CU-10126,Customer 146,Consumer,United States,Ohio,Ohio,21360,Central,OFF-BIN-5574,Office Supplies,Binders,Binders model 118,66.96,7,0.5,6.46
928,US-2021-100928,01/07/2021,01/12/2021,Standard Class,CU-10708,Customer 636,Consumer,United States,Nevada,Nevada,31423,West,OFF-LAB-6450,Office Supplies,Labels,Labels model 88,769.03,8,0.0,215.16
929,US-2023-100929,06/28/2023,07/01/2023,Second Class,CU-10092,Customer 152,Corporate,United States,Washington,Washington,64797,West,OFF-STO-9848,Office Supplies,Storage,Storage model 193,543.17,6,0.1,60.62
930,US-2021-100930,01/06/2021,01/07/2021,Standard Class,CU-10363,Customer 262,Consumer,United States,New Jersey,New Jersey,74735,East,OFF-BIN-7444,Office Supplies,Binders,Binders model 22,851.69,8,0.15,60.17
931,US-2022-100931,03/05/2022,03/07/2022,First Class,CU-10757,Customer 25,Corporate,United States,Illinois,Illinois,56438,Central,OFF-PAP-1692,Office Supplies,Paper,Paper model 53,827.22,7,0.15,-38.31
932,US-2021-100932,09/16/2021,09/20/2021,First Class,CU-10384,Customer 43,Consumer,United States,Washington,Washington,23658,West,TEC-COP-9518,Technology,Copiers,Copiers model 117,9475.69,7,0.1,1618.18
933,US-2024-100933,07/30/2024,08/01/2024,Standard Class,CU-10433,Customer 236,Consumer,United States,Texas,Texas,86068,Central,TEC-MAC-1361,Technology,Machines,Machines model 214,2891.39,2,0.1,1119.35
934,US-2021-100934,01/25/2021,01/30/2021,Standard Class,CU-10137,Customer 262,Consumer,United States,Texas,Texas,65126,Central,FUR-FUR-2558,Furniture,Furnishings,Furnishings model 156,5773.75,9,0.1,1748.46
935,US-2021-100935,09/28/2021,10/05/2021,First Class,CU-10266,Customer 523,Consumer,United States,Alabama,Alabama,93733,South,OFF-PAP-1059,Office Supplies,Paper,Paper model 189,1168.75,9,0.1,357.12
936,US-2022-100936,12/20/2022,12/22/2022,Standard Class,CU-10117,Customer 226,Home Office,United States,Michigan,Michigan,23127,Central,FUR-CHA-6021,Furniture,Chairs,Chairs model 44,297.0,2,0.0,50.21
937,US-2023-100937,03/30/2023,04/05/2023,Standard Class,CU-10601,Customer 387,Corporate,United States,Illinois,Illinois,39853,Central,OFF-STO-4472,Office Supplies,Storage,Storage model 45,391.37,3,0.15,37.21
938,US-2024-100938,09/18/2024,09/25/2024,Second Class,CU-10397,Customer 271,Corporate,United States,Ohio,Ohio,56423,Central,OFF-BIN-2305,Office Supplies,Binders,Binders model 213,228.21,4,0.5,-20.41
939,US-2022-100939,11/27/2022,11/28/2022,Standard Class,CU-10407,Customer 250,Corporate,United States,New Jersey,New Jersey,92556,East,OFF-BIN-8215,Office Supplies,Binders,Binders model 270,575.25,7,0.4,62.21
940,US-2021-100940,06/11/2021,06/17/2021,Standard Class,CU-10539,Customer 423,Home Office,United States,Oregon,Oregon,72790,West,TEC-PHO-5246,Technology,Phones,Phones model 158,6801.48,5,0.3,1739.89
941,US-2024-100941,06/28/2024,07/04/2024,Second Class,CU-10019,Customer 548,Corporate,United States,Illinois,Illinois,47583,Central,FUR-BOO-6503,Furniture,Bookcases,Bookcases model 141,850.13,9,0.0,48.87
942,US-2024-100942,06/24/2024,06/25/2024,Standard Class,CU-10405,Customer 123,Corporate,United States,Illinois,Illinois,22428,Central,OFF-PAP-4177,Office Supplies,Paper,Paper model 220,21.38,2,0.3,-2.27
943,US-2022-100943,10/01/2022,10/05/2022,Standard Class,CU-10525,Customer 233,Corporate,United States,Washington,Washington,59271,West,OFF-LAB-2331,Office Supplies,Labels,Labels model 231,1142.77,8,0.0,216.02
944,US-2021-100944,05/10/2021,05/16/2021,Standard Class,CU-10176,Customer 360,Home Office,United States,Massachusetts,Massachusetts,23056,East,OFF-PAP-5820,Office Supplies,Paper,Paper model 47,425.15,5,0.5,14.6
945,US-2023-100945,11/12/2023,11/17/2023,Standard Class,CU-10301,Customer 250,Home Office,United States,Illinois,Illinois,26944,Central,OFF-LAB-1098,Office Supplies,Labels,Labels model 145,244.37,2,0.1,21.37
946,US-2024-100946,01/19/2024,01/23/2024,Standard Class,CU-10374,Customer 797,Home Office,United States,Michigan,Michigan,26255,Central,TEC-MAC-2692,Technology,Machines,Machines model 176,792.79,1,0.0,-99.12
947,US-2023-100947,08/14/2023,08/16/2023,Standard Class,CU-10511,Customer 572,Corporate,United States,Florida,Florida,75358,South,OFF-PAP-1914,Office Supplies,Paper,Paper model 186,141.68,3,0.1,-7.29
948,US-2023-100948,06/21/2023,06/28/2023,First Class,CU-10640,Customer 666,Home Office,United States,Georgia,Georgia,55296,South,FUR-FUR-2570,Furniture,Furnishings,Furnishings model 139,2147.79,6,0.4,-327.05
949,US-2022-100949,11/21/2022,11/28/2022,Second Class,CU-10190,Customer 484,Corporate,United States,North Carolina,North Carolina,99057,South,OFF-PAP-3055,Office Supplies,Paper,Paper model 269,144.69,1,0.1,37.27
950,US-2023-100950,01/05/2023,01/07/2023,Standard Class,CU-10719,Customer 443,Home Office,United States,Nevada,Nevada,88095,West,OFF-PAP-3713,Office Supplies,Paper,Paper model 234,81.97,3,0.0,9.98
951,US-2021-100951,02/20/2021,02/26/2021,Second Class,CU-10258,Customer 473,Consumer,United States,Illinois,Illinois,42065,Central,OFF-ART-4179,Office Supplies,Art,Art model 156,518.57,9,0.15,61.01
952,US-2021-100952,10/07/2021,10/10/2021,Second Class,CU-10178,Customer 235,Consumer,United States,Nevada,Nevada,45673,West,FUR-BOO-7299,Furniture,Bookcases,Bookcases model 280,351.87,1,0.15,66.03
953,US-2024-100953,10/24/2024,10/29/2024,Same Day,CU-10473,Customer 439,Corporate,United States,North Carolina,North Carolina,92027,South,FUR-TAB-8923,Furniture,Tables,Tables model 1,3330.79,6,0.4,108.03
954,US-2022-100954,09/03/2022,09/06/2022,Same Day,CU-10386,Customer 479,Corporate,United States,North Carolina,North Carolina,50369,South,OFF-BIN-1526,Office Supplies,Binders,Binders model 78,336.84,9,0.15,29.71
955,US-2024-100955,11/18/2024,11/24/2024,Second Class,CU-10403,Customer 368,Consumer,United States,Massachusetts,Massachusetts,48870,East,TEC-PHO-8196,Technology,Phones,Phones model 68,986.1,1,0.1,28.93
956,US-2022-100956,11/28/2022,12/03/2022,Standard Class,CU-10648,Customer 747,Home Office,United States,Pennsylvania,Pennsylvania,88837,East,OFF-BIN-2425,Office Supplies,Binders,Binders model 69,216.8,5,0.15,-9.87
957,US-2021-100957,05/15/2021,05/21/2021,Standard Class,CU-10282,Customer 221,Consumer,United States,Georgia,Georgia,32250,South,FUR-FUR-7809,Furniture,Furnishings,Furnishings model 64,1030.94,7,0.2,18.78
958,US-2024-100958,02/21/2024,02/22/2024,First Class,CU-10477,Customer 770,Corporate,United States,New Jersey,New Jersey,68140,East,FUR-BOO-8398,Furniture,Bookcases,Bookcases model 26,3356.14,6,0.4,-575.12
959,US-2024-100959,05/20/2024,05/22/2024,First Class,CU-10349,Customer 621,Home Office,United States,Alabama,Alabama,67895,South,OFF-STO-2074,Office Supplies,Storage,Storage model 275,217.43,6,0.0,97.81
960,US-2023-100960,04/27/2023,04/29/2023,Second Class,CU-10588,Customer 767,Corporate,United States,Pennsylvania,Pennsylvania,55600,East,OFF-PAP-3928,Office Supplies,Paper,Paper model 256,345.46,9,0.15,16.6
961,US-2022-100961,12/05/2022,12/07/2022,Standard Class,CU-10561,Customer 778,Home Office,United States,New Jersey,New Jersey,46069,East,FUR-BOO-8910,Furniture,Bookcases,Bookcases model 165,965.83,2,0.0,38.61
962,US-2021-100962,01/04/2021,01/06/2021,Standard Class,CU-10571,Customer 41,Home Office,United States,Ohio,Ohio,52416,Central,OFF-PAP-7093,Office Supplies,Paper,Paper model 93,100.11,1,0.0,38.5
963,US-2021-100963,10/25/2021,10/31/2021,Second Class,CU-10531,Customer 357,Consumer,United States,Ohio,Ohio,86310,Central,OFF-PAP-2953,Office Supplies,Paper,Paper model 60,247.65,3,0.1,2.22
964,US-2021-100964,04/30/2021,05/03/2021,Second Class,CU-10502,Customer 378,Home Office,United States,California,California,33042,West,OFF-PAP-5561,Office Supplies,Paper,Paper model 81,1267.3,9,0.0,56.12
965,US-2023-100965,08/20/2023,08/23/2023,First Class,CU-10156,Customer 758,Home Office,United States,Washington,Washington,66614,West,TEC-ACC-1964,Technology,Accessories,Accessories model 75,8646.79,5,0.1,923.62
966,US-2021-100966,08/14/2021,08/21/2021,Second Class,CU-10222,Customer 71,Corporate,United States,Michigan,Michigan,39635,Central,OFF-STO-4725,Office Supplies,Storage,Storage model 18,107.65,4,0.15,12.71
967,US-2021-100967,01/21/2021,01/26/2021,Standard Class,CU-10697,Customer 449,Corporate,United States,Washington,Washington,68344,West,TEC-ACC-8708,Technology,Accessories,Accessories model 118,9876.38,9,0.2,-827.11
968,US-2024-100968,02/27/2024,02/29/2024,Second Class,CU-10163,Customer 735,Home Office,United States,Oregon,Oregon,27590,West,TEC-COP-9678,Technology,Copiers,Copiers model 38,1636.78,1,0.0,588.91
969,US-2021-100969,06/11/2021,06/15/2021,Standard Class,CU-10381,Customer 241,Home Office,United States,North Carolina,North Carolina,94571,South,TEC-PHO-7570,Technology,Phones,Phones model 175,9942.4,8,0.2,1272.35
970,US-2021-100970,07/26/2021,08/01/2021,Standard Class,CU-10267,Customer 561,Home Office,United States,Oregon,Oregon,80829,West,OFF-PAP-7495,Office Supplies,Paper,Paper model 158,1002.0,7,0.0,316.87
971,US-2023-100971,03/17/2023,03/20/2023,Standard Class,CU-10225,Customer 161,Corporate,United States,Pennsylvania,Pennsylvania,22014,East,OFF-STO-6852,Office Supplies,Storage,Storage model 228,808.57,6,0.0,206.12
972,US-2021-100972,01/03/2021,01/07/2021,Standard Class,CU-10159,Customer 91,Corporate,United States,California,California,73142,West,OFF-ART-2072,Office Supplies,Art,Art model 60,250.8,2,0.4,-29.92
973,US-2021-100973,10/24/2021,10/27/2021,Standard Class,CU-10713,Customer 330,Consumer,United States,Illinois,Illinois,18454,Central,OFF-BIN-1314,Office Supplies,Binders,Binders model 197,530.68,4,0.15,29.21
974,US-2024-100974,07/16/2024,07/19/2024,Standard Class,CU-10027,Customer 597,Corporate,United States,Florida,Florida,67668,South,TEC-ACC-2889,Technology,Accessories,Accessories model 91,7418.13,9,0.2,258.56
975,US-2023-100975,10/09/2023,10/13/2023,Second Class,CU-10645,Customer 198,Consumer,United States,North Carolina,North Carolina,72787,South,OFF-LAB-4974,Office Supplies,Labels,Labels model 201,110.55,1,0.1,12.45
976,US-2022-100976,09/15/2022,09/17/2022,Standard Class,CU-10276,Customer 646,Consumer,United States,Washington,Washington,33255,West,OFF-LAB-1266,Office Supplies,Labels,Labels model 156,869.48,9,0.15,116.51
977,US-2024-100977,04/12/2024,04/15/2024,Second Class,CU-10076,Customer 306,Consumer,United States,North Carolina,North Carolina,49246,South,OFF-PAP-9378,Office Supplies,Paper,Paper model 195,292.21,2,0.0,131.92
978,US-2023-100978,07/27/2023,08/03/2023,First Class,CU-10624,Customer 701,Corporate,United States,Nevada,Nevada,25370,West,OFF-BIN-2526,Office Supplies,Binders,Binders model 62,50.52,1,0.0,3.4
979,US-2023-100979,10/13/2023,10/19/2023,Standard Class,CU-10274,Customer 398,Home Office,United States,Michigan,Michigan,93572,Central,FUR-FUR-1808,Furniture,Furnishings,Furnishings model 239,3557.63,9,0.0,162.11
980,US-2023-100980,06/16/2023,06/19/2023,Standard Class,CU-10653,Customer 506,Home Office,United States,New York,New York,39335,East,OFF-PAP-3599,Office Supplies,Paper,Paper model 181,260.16,4,0.1,37.25
981,US-2021-100981,12/13/2021,12/18/2021,Second Class,CU-10022,Customer 418,Corporate,United States,California,California,19019,West,OFF-STO-4522,Office Supplies,Storage,Storage model 220,37.73,3,0.0,-0.01
982,US-2023-100982,05/22/2023,05/25/2023,Standard Class,CU-10568,Customer 774,Corporate,United States,Michigan,Michigan,10236,Central,OFF-STO-8914,Office Supplies,Storage,Storage model 58,562.7,5,0.15,37.32
983,US-2022-100983,11/30/2022,12/04/2022,Standard Class,CU-10509,Customer 236,Home Office,United States,Oregon,Oregon,93546,West,FUR-FUR-2990,Furniture,Furnishings,Furnishings model 276,2527.6,3,0.0,510.32
984,US-2021-100984,04/25/2021,04/30/2021,Standard Class,CU-10028,Customer 736,Home Office,United States,Ohio,Ohio,57702,Central,OFF-PAP-4090,Office Supplies,Paper,Paper model 58,153.92,5,0.4,-22.61
985,US-2023-100985,02/06/2023,02/11/2023,Standard Class,CU-10670,Customer 111,Corporate,United States,Illinois,Illinois,14452,Central,OFF-BIN-3585,Office Supplies,Binders,Binders model 47,253.88,9,0.0,86.73
986,US-2023-100986,07/29/2023,08/01/2023,Standard Class,CU-10400,Customer 379,Corporate,United States,Georgia,Georgia,58182,South,TEC-PHO-5587,Technology,Phones,Phones model 128,4852.68,7,0.4,-721.19
987,US-2023-100987,10/13/2023,10/18/2023,Standard Class,CU-10777,Customer 678,Corporate,United States,Nevada,Nevada,80688,West,OFF-BIN-2658,Office Supplies,Binders,Binders model 170,77.75,2,0.15,14.3
988,US-2021-100988,10/06/2021,10/08/2021,First Class,CU-10491,Customer 156,Home Office,United States,New Jersey,New Jersey,20616,East,OFF-LAB-7637,Office Supplies,Labels,Labels model 8,86.92,2,0.0,21.08
989,US-2024-100989,05/10/2024,05/16/2024,First Class,CU-10143,Customer 483,Corporate,United States,Alabama,Alabama,92712,South,OFF-PAP-1554,Office Supplies,Paper,Paper model 254,96.38,2,0.15,18.19
990,US-2023-100990,04/15/2023,04/19/2023,Standard Class,CU-10566,Customer 81,Corporate,United States,Pennsylvania,Pennsylvania,62623,East,TEC-PHO-2267,Technology,Phones,Phones model 237,1904.21,7,0.15,510.37
991,US-2022-100991,12/17/2022,12/23/2022,Standard Class,CU-10763,Customer 249,Consumer,United States,Washington,Washington,55679,West,OFF-PAP-2839,Office Supplies,Paper,Paper model 86,755.44,6,0.2,-41.32
992,US-2021-100992,10/28/2021,11/04/2021,Standard Class,CU-10403,Customer 152,Home Office,United States,Georgia,Georgia,28411,South,FUR-FUR-7490,Furniture,Furnishings,Furnishings model 284,728.22,1,0.15,151.61
993,US-2024-100993,11/18/2024,11/19/2024,Standard Class,CU-10477,Customer 277,Home Office,United States,California,California,39109,West,FUR-TAB-4166,Furniture,Tables,Tables model 97,2925.26,6,0.2,1222.07
994,US-2021-100994,03/28/2021,04/01/2021,Standard Class,CU-10486,Customer 350,Home Office,United States,Nevada,Nevada,85920,West,OFF-PAP-9651,Office Supplies,Paper,Paper model 117,159.08,2,0.0,37.11
995,US-2021-100995,11/20/2021,11/27/2021,Second Class,CU-10240,Customer 188,Corporate,United States,California,California,81266,West,OFF-PAP-2574,Office Supplies,Paper,Paper model 230,465.56,8,0.3,10.39
996,US-2022-100996,03/05/2022,03/07/2022,Standard Class,CU-10044,Customer 692,Corporate,United States,Georgia,Georgia,16258,South,OFF-ART-8839,Office Supplies,Art,Art model 201,50.89,4,0.3,22.92
997,US-2023-100997,02/19/2023,02/21/2023,Standard Class,CU-10062,Customer 149,Consumer,United States,Georgia,Georgia,66490,South,TEC-PHO-7646,Technology,Phones,Phones model 66,1448.62,2,0.15,92.45
998,US-2021-100998,08/18/2021,08/20/2021,Standard Class,CU-10642,Customer 23,Home Office,United States,Illinois,Illinois,73362,Central,OFF-STO-9268,Office Supplies,Storage,Storage model 236,243.23,2,0.3,-6.58
999,US-2022-100999,12/30/2022,01/04/2023,Standard Class,CU-10340,Customer 668,Home Office,United States,Washington,Washington,30875,West,OFF-STO-7768,Office Supplies,Storage,Storage model 53,180.38,3,0.15,77.59
1000,US-2022-101000,08/04/2022,08/06/2022,Standard Class,CU-10712,Customer 104,Corporate,United States,North Carolina,North Carolina,52559,South,OFF-STO-2805,Office Supplies,Storage,Storage model 74,186.23,2,0.0,19.96
1001,US-2023-101001,11/16/2023,11/17/2023,Same Day,CU-10102,Customer 301,Corporate,United States,Georgia,Georgia,97801,South,OFF-BIN-5559,Office Supplies,Binders,Binders model 141,910.86,9,0.15,-94.33
1002,US-2021-101002,09/26/2021,10/02/2021,Standard Class,CU-10499,Customer 25,Home Office,United States,California,California,44496,West,TEC-ACC-6430,Technology,Accessories,Accessories model 85,1028.83,5,0.0,45.4
1003,US-2024-101003,05/14/2024,05/17/2024,Standard Class,CU-10441,Customer 3,Home Office,United States,California,California,80313,West,OFF-BIN-7658,Office Supplies,Binders,Binders model 248,124.53,1,0.4,15.96
1004,US-2024-101004,07/21/2024,07/23/2024,Second Class,CU-10442,Customer 736,Consumer,United States,New York,New York,99432,East,OFF-ART-9346,Office Supplies,Art,Art model 131,50.15,7,0.1,5.49
1005,US-2021-101005,04/01/2021,04/05/2021,Second Class,CU-10583,Customer 727,Home Office,United States,Washington,Washington,54315,West,OFF-PAP-4119,Office Supplies,Paper,Paper model 228,43.63,2,0.3,-7.9
1006,US-2023-101006,08/29/2023,08/31/2023,Standard Class,CU-10625,Customer 401,Corporate,United States,Illinois,Illinois,77065,Central,FUR-TAB-4770,Furniture,Tables,Tables model 257,1815.5,5,0.1,-143.08
1007,US-2024-101007,01/01/2024,01/04/2024,First Class,CU-10078,Customer 300,Corporate,United States,Washington,Washington,58419,West,FUR-FUR-9078,Furniture,Furnishings,Furnishings model 188,344.52,4,0.3,4.4
1008,US-2024-101008,04/28/2024,05/05/2024,Second Class,CU-10747,Customer 371,Corporate,United States,Texas,Texas,81916,Central,OFF-STO-2142,Office Supplies,Storage,Storage model 104,725.18,8,0.15,-63.12
1009,US-2021-101009,03/13/2021,03/14/2021,Second Class,CU-10166,Customer 676,Consumer,United States,North Carolina,North Carolina,46344,South,TEC-PHO-6934,Technology,Phones,Phones model 8,5140.51,4,0.0,510.81
1010,US-2022-101010,10/27/2022,10/29/2022,Standard Class,CU-10589,Customer 362,Consumer,United States,Nevada,Nevada,49732,West,OFF-BIN-5310,Office Supplies,Binders,Binders model 266,113.93,2,0.3,26.75
1011,US-2022-101011,07/17/2022,07/23/2022,Standard Class,CU-10122,Customer 630,Consumer,United States,Texas,Texas,99316,Central,FUR-BOO-1506,Furniture,Bookcases,Bookcases model 49,584.97,2,0.0,-81.43
1012,US-2021-101012,03/03/2021,03/04/2021,Standard Class,CU-10400,Customer 542,Consumer,United States,Nevada,Nevada,26511,West,FUR-CHA-1973,Furniture,Chairs,Chairs model 179,339.98,1,0.1,-1.22
1013,US-2023-101013,06/15/2023,06/16/2023,First Class,CU-10602,Customer 358,Corporate,United States,Pennsylvania,Pennsylvania,10896,East,FUR-BOO-3771,Furniture,Bookcases,Bookcases model 123,1968.0,7,0.1,693.74
1014,US-2023-101014,12/10/2023,12/12/2023,Second Class,CU-10330,Customer 642,Consumer,United States,Alabama,Alabama,41600,South,OFF-BIN-7714,Office Supplies,Binders,Binders model 148,479.6,8,0.1,35.39
1015,US-2024-101015,07/17/2024,07/24/2024,Standard Class,CU-10464,Customer 661,Consumer,United States,Illinois,Illinois,62419,Central,FUR-FUR-1483,Furniture,Furnishings,Furnishings model 107,3266.07,6,0.15,689.76
1016,US-2021-101016,05/15/2021,05/21/2021,Standard Class,CU-10365,Customer 301,Home Office,United States,North Carolina,North Carolina,70225,South,FUR-TAB-3496,Furniture,Tables,Tables model 71,3413.21,7,0.2,-493.64
1017,US-2024-101017,11/14/2024,11/21/2024,Standard Class,CU-10125,Customer 199,Corporate,United States,California,California,78537,West,OFF-BIN-6053,Office Supplies,Binders,Binders model 4,138.51,1,0.0,26.13
1018,US-2021-101018,04/14/2021,04/15/2021,Standard Class,CU-10371,Customer 426,Consumer,United States,Illinois,Illinois,40501,Central,OFF-PAP-7006,Office Supplies,Paper,Paper model 60,45.68,4,0.1,10.07
1019,US-2021-101019,07/24/2021,07/27/2021,First Class,CU-10625,Customer 487,Home Office,United States,New Jersey,New Jersey,57681,East,OFF-ART-8343,Office Supplies,Art,Art model 293,857.71,9,0.0,264.45
1020,US-2021-101020,02/05/2021,02/06/2021,Standard Class,CU-10797,Customer 694,Corporate,United States,Pennsylvania,Pennsylvania,99971,East,OFF-STO-6222,Office Supplies,Storage,Storage model 230,664.75,5,0.3,-50.73
1021,US-2022-101021,02/07/2022,02/08/2022,First Class,CU-10205,Customer 716,Corporate,United States,Michigan,Michigan,96967,Central,FUR-TAB-1818,Furniture,Tables,Tables model 267,3607.54,9,0.15,170.12
1022,US-2024-101022,07/25/2024,07/27/2024,Standard Class,CU-10121,Customer 6,Corporate,United States,New Jersey,New Jersey,36683,East,TEC-PHO-7911,Technology,Phones,Phones model 97,7512.8,6,0.0,2340.28
1023,US-2021-101023,04/22/2021,04/24/2021,Standard Class,CU-10017,Customer 787,Corporate,United States,Georgia,Georgia,15981,South,FUR-FUR-8198,Furniture,Furnishings,Furnishings model 153,5436.28,8,0.15,303.41
1024,US-2022-101024,03/09/2022,03/12/2022,Standard Class,CU-10389,Customer 239,Home Office,United States,Illinois,Illinois,18686,Central,OFF-STO-2277,Office Supplies,Storage,Storage model 19,40.22,2,0.2,-1.92
1025,US-2023-101025,07/08/2023,07/14/2023,Second Class,CU-10626,Customer 106,Home Office,United States,Florida,Florida,82366,South,TEC-PHO-2619,Technology,Phones,Phones model 167,3686.01,3,0.3,1471.37
1026,US-2022-101026,08/13/2022,08/14/2022,Standard Class,CU-10135,Customer 250,Consumer,United States,California,California,37120,West,OFF-BIN-1087,Office Supplies,Binders,Binders model 202,282.44,6,0.1,-6.93
1027,US-2023-101027,10/07/2023,10/08/2023,First Class,CU-10541,Customer 138,Corporate,United States,Michigan,Michigan,33363,Central,OFF-BIN-4128,Office Supplies,Binders,Binders model 135,898.73,7,0.2,57.33
1028,US-2022-101028,01/22/2022,01/26/2022,Second Class,CU-10198,Customer 660,Home Office,United States,Texas,Texas,19533,Central,OFF-BIN-1891,Office Supplies,Binders,Binders model 20,433.57,6,0.2,134.41
1029,US-2021-101029,05/31/2021,06/05/2021,Standard Class,CU-10169,Customer 473,Consumer,United States,Ohio,Ohio,25683,Central,OFF-BIN-3911,Office Supplies,Binders,Binders model 182,624.04,9,0.15,151.02
1030,US-2022-101030,04/01/2022,04/03/2022,Standard Class,CU-10589,Customer 216,Corporate,United States,California,California,58297,West,TEC-PHO-6403,Technology,Phones,Phones model 116,1082.07,2,0.3,93.33
1031,US-2022-101031,09/10/2022,09/14/2022,Standard Class,CU-10274,Customer 720,Consumer,United States,Alabama,Alabama,41336,South,OFF-LAB-5512,Office Supplies,Labels,Labels model 204,132.13,2,0.4,-27.96
1032,US-2024-101032,06/19/2024,06/22/2024,Standard Class,CU-10261,Customer 36,Consumer,United States,Ohio,Ohio,95341,Central,OFF-STO-9435,Office Supplies,Storage,Storage model 38,343.09,3,0.1,55.56
1033,US-2023-101033,03/26/2023,03/31/2023,Standard Class,CU-10296,Customer 31,Corporate,United States,Massachusetts,Massachusetts,53373,East,OFF-BIN-3521,Office Supplies,Binders,Binders model 17,69.16,2,0.0,17.6
1034,US-2022-101034,02/23/2022,02/28/2022,Second Class,CU-10061,Customer 562,Corporate,United States,Pennsylvania,Pennsylvania,14633,East,OFF-STO-9441,Office Supplies,Storage,Storage model 38,223.89,2,0.0,34.1
1035,US-2022-101035,05/26/2022,05/31/2022,Standard Class,CU-10604,Customer 485,Consumer,United States,Washington,Washington,88530,West,OFF-STO-2162,Office Supplies,Storage,Storage model 104,278.66,5,0.0,58.76
1036,US-2024-101036,08/12/2024,08/14/2024,Standard Class,CU-10622,Customer 366,Consumer,United States,Florida,Florida,18576,South,TEC-ACC-8926,Technology,Accessories,Accessories model 212,2222.52,2,0.1,349.11
1037,US-2024-101037,09/10/2024,09/12/2024,Standard Class,CU-10101,Customer 618,Corporate,United States,Alabama,Alabama,43195,South,OFF-PAP-4210,Office Supplies,Paper,Paper model 225,24.45,1,0.0,7.71
1038,US-2022-101038,03/10/2022,03/13/2022,Standard Class,CU-10082,Customer 780,Corporate,United States,Oregon,Oregon,33549,West,TEC-PHO-8503,Technology,Phones,Phones model 31,6164.36,6,0.3,14.02
1039,US-2024-101039,06/13/2024,06/18/2024,Second Class,CU-10628,Customer 57,Corporate,United States,Michigan,Michigan,91226,Central,OFF-BIN-3080,Office Supplies,Binders,Binders model 79,32.87,1,0.15,9.09
1040,US-2022-101040,12/15/2022,12/17/2022,Standard Class,CU-10212,Customer 739,Consumer,United States,Alabama,Alabama,23934,South,TEC-PHO-3852,Technology,Phones,Phones model 236,3545.76,2,0.0,-41.78
1041,US-2024-101041,06/15/2024,06/16/2024,Second Class,CU-10423,Customer 398,Consumer,United States,New York,New York,43879,East,TEC-COP-3614,Technology,Copiers,Copiers model 200,5240.12,4,0.0,-93.44
1042,US-2022-101042,01/27/2022,01/30/2022,First Class,CU-10696,Customer 662,Corporate,United States,North Carolina,North Carolina,47004,South,FUR-CHA-1437,Furniture,Chairs,Chairs model 295,2848.58,9,0.15,492.82
1043,US-2022-101043,05/04/2022,05/06/2022,Second Class,CU-10527,Customer 160,Corporate,United States,Alabama,Alabama,56636,South,OFF-PAP-8150,Office Supplies,Paper,Paper model 13,705.06,9,0.1,156.77
1044,US-2023-101044,04/14/2023,04/20/2023,Standard Class,CU-10373,Customer 773,Corporate,United States,Michigan,Michigan,48054,Central,FUR-TAB-2813,Furniture,Tables,Tables model 67,2487.0,8,0.15,697.12
1045,US-2023-101045,09/09/2023,09/16/2023,First Class,CU-10316,Customer 145,Home Office,United States,New York,New York,21676,East,FUR-TAB-8331,Furniture,Tables,Tables model 25,2612.73,9,0.15,-170.22
1046,US-2022-101046,04/28/2022,05/03/2022,Standard Class,CU-10442,Customer 77,Corporate,United States,Nevada,Nevada,90356,West,OFF-BIN-5793,Office Supplies,Binders,Binders model 137,853.25,6,0.15,198.17
1047,US-2024-101047,06/06/2024,06/07/2024,Standard Class,CU-10601,Customer 250,Consumer,United States,Florida,Florida,76513,South,TEC-COP-1445,Technology,Copiers,Copiers model 122,2403.56,5,0.3,205.23
1048,US-2024-101048,08/31/2024,09/05/2024,Standard Class,CU-10608,Customer 623,Consumer,United States,California,California,40003,West,TEC-PHO-6375,Technology,Phones,Phones model 56,10157.16,7,0.0,224.01
1049,US-2022-101049,08/06/2022,08/07/2022,Standard Class,CU-10488,Customer 419,Consumer,United States,Ohio,Ohio,93426,Central,OFF-STO-4395,Office Supplies,Storage,Storage model 187,1185.5,9,0.2,186.58
1050,US-2023-101050,04/21/2023,04/23/2023,Standard Class,CU-10156,Customer 88,Corporate,United States,New Jersey,New Jersey,25948,East,TEC-COP-2889,Technology,Copiers,Copiers model 45,1846.12,2,0.0,66.12
1051,US-2024-101051,11/21/2024,11/23/2024,Standard Class,CU-10409,Customer 442,Corporate,United States,New York,New York,29722,East,OFF-ART-9801,Office Supplies,Art,Art model 57,557.89,9,0.0,216.28
1052,US-2023-101052,02/09/2023,02/11/2023,Second Class,CU-10048,Customer 296,Consumer,United States,Pennsylvania,Pennsylvania,15541,East,OFF-BIN-6006,Office Supplies,Binders,Binders model 139,47.83,1,0.1,-9.04
1053,US-2024-101053,05/08/2024,05/13/2024,Second Class,CU-10783,Customer 114,Corporate,United States,Alabama,Alabama,17979,South,FUR-BOO-6736,Furniture,Bookcases,Bookcases model 157,1443.81,4,0.15,181.21
1054,US-2021-101054,05/25/2021,05/31/2021,Standard Class,CU-10793,Customer 314,Consumer,United States,New York,New York,49087,East,OFF-ART-6653,Office Supplies,Art,Art model 227,186.07,2,0.3,-25.56
1055,US-2022-101055,07/02/2022,07/05/2022,Standard Class,CU-10756,Customer 618,Consumer,United States,Nevada,Nevada,88781,West,OFF-LAB-2907,Office Supplies,Labels,Labels model 258,320.23,4,0.15,155.17
1056,US-2024-101056,07/20/2024,07/25/2024,Standard Class,CU-10418,Customer 622,Home Office,United States,Illinois,Illinois,27337,Central,OFF-BIN-1488,Office Supplies,Binders,Binders model 126,84.12,5,0.3,10.79
1057,US-2022-101057,08/08/2022,08/11/2022,Same Day,CU-10524,Customer 727,Consumer,United States,Illinois,Illinois,45571,Central,OFF-STO-3857,Office Supplies,Storage,Storage model 182,303.01,3,0.0,156.48
1058,US-2021-101058,12/31/2021,01/04/2022,Standard Class,CU-10674,Customer 211,Home Office,United States,North Carolina,North Carolina,85551,South,OFF-LAB-5600,Office Supplies,Labels,Labels model 211,464.98,6,0.5,30.98
1059,US-2022-101059,03/11/2022,03/16/2022,Standard Class,CU-10351,Customer 614,Corporate,United States,North Carolina,North Carolina,45253,South,FUR-BOO-6696,Furniture,Bookcases,Bookcases model 52,7041.4,9,0.0,1402.07
1060,US-2022-101060,05/31/2022,06/01/2022,Same Day,CU-10444,Customer 333,Consumer,United States,Oregon,Oregon,18170,West,TEC-MAC-7344,Technology,Machines,Machines model 211,141.9,1,0.0,3.05
1061,US-2024-101061,03/06/2024,03/13/2024,Standard Class,CU-10401,Customer 27,Corporate,United States,North Carolina,North Carolina,86153,South,OFF-ART-2074,Office Supplies,Art,Art model 29,256.24,7,0.5,15.14
1062,US-2022-101062,06/13/2022,06/16/2022,Second Class,CU-10007,Customer 767,Consumer,United States,North Carolina,North Carolina,82647,South,OFF-PAP-7550,Office Supplies,Paper,Paper model 112,10.14,1,0.3,1.71
1063,US-2024-101063,08/08/2024,08/13/2024,First Class,CU-10576,Customer 250,Consumer,United States,New Jersey,New Jersey,32043,East,FUR-TAB-8482,Furniture,Tables,Tables model 148,535.16,1,0.2,157.83
1064,US-2023-101064,02/04/2023,02/06/2023,First Class,CU-10456,Customer 115,Corporate,United States,Illinois,Illinois,50174,Central,OFF-PAP-8501,Office Supplies,Paper,Paper model 132,46.33,1,0.3,-0.82
1065,US-2022-101065,07/09/2022,07/15/2022,Standard Class,CU-10108,Customer 85,Corporate,United States,New York,New York,34908,East,OFF-BIN-6255,Office Supplies,Binders,Binders model 52,363.33,7,0.3,18.32
1066,US-2021-101066,10/18/2021,10/23/2021,First Class,CU-10156,Customer 279,Consumer,United States,Georgia,Georgia,72627,South,OFF-ART-9114,Office Supplies,Art,Art model 46,428.26,8,0.15,-75.16
1067,US-2023-101067,07/08/2023,07/12/2023,Standard Class,CU-10136,Customer 58,Corporate,United States,Ohio,Ohio,72092,Central,TEC-COP-6039,Technology,Copiers,Copiers model 194,1304.96,2,0.1,81.99
1068,US-2024-101068,07/18/2024,07/21/2024,Standard Class,CU-10359,Customer 751,Home Office,United States,Michigan,Michigan,99973,Central,TEC-PHO-5496,Technology,Phones,Phones model 188,6201.46,5,0.0,-655.81
1069,US-2021-101069,01/03/2021,01/10/2021,Standard Class,CU-10604,Customer 439,Consumer,United States,Florida,Florida,39212,South,OFF-STO-2720,Office Supplies,Storage,Storage model 211,385.73,6,0.15,52.86
1070,US-2021-101070,03/15/2021,03/20/2021,First Class,CU-10381,Customer 626,Corporate,United States,Oregon,Oregon,79215,West,OFF-LAB-5043,Office Supplies,Labels,Labels model 103,521.39,8,0.0,216.3
1071,US-2022-101071,09/15/2022,09/21/2022,First Class,CU-10646,Customer 416,Corporate,United States,Michigan,Michigan,85002,Central,FUR-BOO-8476,Furniture,Bookcases,Bookcases model 292,505.9,8,0.3,64.69
1072,US-2022-101072,06/10/2022,06/16/2022,Same Day,CU-10125,Customer 603,Home Office,United States,Oregon,Oregon,47992,West,OFF-PAP-5386,Office Supplies,Paper,Paper model 209,303.5,9,0.1,21.63
1073,US-2021-101073,06/03/2021,06/06/2021,Same Day,CU-10019,Customer 250,Consumer,United States,New York,New York,91794,East,TEC-COP-9604,Technology,Copiers,Copiers model 180,4463.72,3,0.0,1548.83
1074,US-2022-101074,01/26/2022,02/02/2022,Standard Class,CU-10301,Customer 18,Consumer,United States,Pennsylvania,Pennsylvania,60202,East,OFF-LAB-8560,Office Supplies,Labels,Labels model 109,1048.36,7,0.0,-9.97
1075,US-2024-101075,02/11/2024,02/15/2024,Standard Class,CU-10198,Customer 673,Home Office,United States,Georgia,Georgia,84940,South,OFF-PAP-4722,Office Supplies,Paper,Paper model 261,84.72,1,0.15,-2.24
1076,US-2021-101076,09/02/2021,09/09/2021,Standard Class,CU-10358,Customer 385,Home Office,United States,Ohio,Ohio,43035,Central,OFF-LAB-3325,Office Supplies,Labels,Labels model 246,417.65,3,0.1,60.8
1077,US-2024-101077,07/26/2024,07/29/2024,Standard Class,CU-10446,Customer 279,Consumer,United States,North Carolina,North Carolina,72143,South,OFF-PAP-3159,Office Supplies,Paper,Paper model 72,227.39,3,0.2,21.92
1078,US-2023-101078,09/02/2023,09/09/2023,First Class,CU-10243,Customer 786,Home Office,United States,Georgia,Georgia,83338,South,OFF-STO-4131,Office Supplies,Storage,Storage model 83,364.82,8,0.3,77.47
1079,US-2021-101079,07/31/2021,08/01/2021,Standard Class,CU-10242,Customer 282,Home Office,United States,Massachusetts,Massachusetts,43874,East,OFF-LAB-3168,Office Supplies,Labels,Labels model 37,1108.72,8,0.1,365.15
1080,US-2022-101080,07/30/2022,08/05/2022,Second Class,CU-10305,Customer 369,Corporate,United States,Florida,Florida,74735,South,FUR-BOO-1527,Furniture,Bookcases,Bookcases model 207,2376.68,6,0.2,311.26
1081,US-2021-101081,05/18/2021,05/21/2021,Standard Class,CU-10216,Customer 490,Consumer,United States,Georgia,Georgia,43857,South,OFF-STO-8684,Office Supplies,Storage,Storage model 212,586.1,9,0.1,1.12
1082,US-2022-101082,05/20/2022,05/24/2022,Standard Class,CU-10150,Customer 231,Home Office,United States,Washington,Washington,81410,West,FUR-BOO-1379,Furniture,Bookcases,Bookcases model 78,1347.78,3,0.15,204.62
1083,US-2022-101083,12/04/2022,12/06/2022,Standard Class,CU-10725,Customer 122,Corporate,United States,Alabama,Alabama,72744,South,FUR-TAB-8633,Furniture,Tables,Tables model 290,4195.88,5,0.2,1042.87
1084,US-2021-101084,06/13/2021,06/16/2021,Standard Class,CU-10050,Customer 211,Corporate,United States,Pennsylvania,Pennsylvania,46005,East,OFF-STO-4111,Office Supplies,Storage,Storage model 164,8.38,1,0.0,0.61
1085,US-2021-101085,03/03/2021,03/08/2021,Second Class,CU-10721,Customer 518,Corporate,United States,Oregon,Oregon,53295,West,OFF-LAB-5119,Office Supplies,Labels,Labels model 179,474.77,4,0.3,99.49
1086,US-2022-101086,05/24/2022,05/28/2022,First Class,CU-10141,Customer 624,Consumer,United States,Nevada,Nevada,68348,West,TEC-MAC-1526,Technology,Machines,Machines model 241,963.02,1,0.3,179.63
1087,US-2024-101087,09/01/2024,09/02/2024,Standard Class,CU-10323,Customer 408,Corporate,United States,Illinois,Illinois,66185,Central,TEC-MAC-6822,Technology,Machines,Machines model 254,13068.93,9,0.2,76.09
1088,US-2024-101088,08/15/2024,08/19/2024,Standard Class,CU-10603,Customer 775,Home Office,United States,Michigan,Michigan,30458,Central,OFF-BIN-3692,Office Supplies,Binders,Binders model 147,706.47,6,0.0,350.79
1089,US-2022-101089,10/31/2022,11/01/2022,Standard Class,CU-10389,Customer 160,Home Office,United States,North Carolina,North Carolina,49341,South,OFF-LAB-8314,Office Supplies,Labels,Labels model 221,77.29,1,0.4,-1.94
1090,US-2022-101090,05/12/2022,05/18/2022,Standard Class,CU-10715,Customer 456,Consumer,United States,Alabama,Alabama,58487,South,TEC-PHO-6646,Technology,Phones,Phones model 274,2035.74,5,0.0,554.08
1091,US-2021-101091,10/13/2021,10/14/2021,Standard Class,CU-10606,Customer 740,Corporate,United States,Alabama,Alabama,34115,South,TEC-ACC-6602,Technology,Accessories,Accessories model 97,3486.56,8,0.2,147.71
1092,US-2024-101092,06/09/2024,06/15/2024,Same Day,CU-10010,Customer 611,Corporate,United States,Washington,Washington,11292,West,OFF-LAB-7736,Office Supplies,Labels,Labels model 98,404.59,9,0.4,-10.28
1093,US-2023-101093,06/01/2023,06/03/2023,Second Class,CU-10636,Customer 764,Consumer,United States,Alabama,Alabama,10875,South,TEC-MAC-4147,Technology,Machines,Machines model 17,2980.34,4,0.4,-507.02
1094,US-2023-101094,10/19/2023,10/22/2023,Standard Class,CU-10487,Customer 34,Corporate,United States,New York,New York,91719,East,OFF-LAB-8193,Office Supplies,Labels,Labels model 285,187.77,3,0.1,79.95
1095,US-2023-101095,11/19/2023,11/25/2023,First Class,CU-10432,Customer 188,Home Office,United States,Florida,Florida,86020,South,OFF-STO-4025,Office Supplies,Storage,Storage model 189,295.35,9,0.15,96.8
1096,US-2023-101096,03/27/2023,04/03/2023,Standard Class,CU-10796,Customer 761,Home Office,United States,New Jersey,New Jersey,50556,East,TEC-COP-2713,Technology,Copiers,Copiers model 54,1263.48,1,0.0,203.13
1097,US-2024-101097,11/17/2024,11/19/2024,Standard Class,CU-10445,Customer 220,Consumer,United States,Michigan,Michigan,88729,Central,OFF-ART-4768,Office Supplies,Art,Art model 128,197.32,4,0.3,1.97
1098,US-2024-101098,02/14/2024,02/15/2024,Standard Class,CU-10448,Customer 637,Corporate,United States,Massachusetts,Massachusetts,34029,East,OFF-BIN-2976,Office Supplies,Binders,Binders model 296,200.52,2,0.0,10.18
1099,US-2023-101099,10/16/2023,10/18/2023,Second Class,CU-10647,Customer 499,Home Office,United States,Georgia,Georgia,57688,South,FUR-CHA-2678,Furniture,Chairs,Chairs model 173,1318.73,3,0.15,-41.27
1100,US-2024-101100,11/17/2024,11/21/2024,Second Class,CU-10508,Customer 687,Home Office,United States,North Carolina,North Carolina,16963,South,OFF-LAB-6775,Office Supplies,Labels,Labels model 11,216.46,7,0.0,-7.09
1101,US-2023-101101,02/28/2023,03/06/2023,Standard Class,CU-10273,Customer 732,Corporate,United States,Florida,Florida,44954,South,OFF-BIN-6635,Office Supplies,Binders,Binders model 4,803.48,9,0.1,141.46
1102,US-2022-101102,01/26/2022,01/27/2022,Same Day,CU-10600,Customer 94,Home Office,United States,Nevada,Nevada,21357,West,TEC-COP-4119,Technology,Copiers,Copiers model 136,1583.45,1,0.2,58.48
1103,US-2022-101103,07/04/2022,07/09/2022,Second Class,CU-10207,Customer 713,Home Office,United States,Texas,Texas,40821,Central,TEC-PHO-8511,Technology,Phones,Phones model 277,5837.14,4,0.4,380.65
1104,US-2024-101104,04/22/2024,04/24/2024,Standard Class,CU-10492,Customer 776,Consumer,United States,Texas,Texas,14373,Central,OFF-BIN-4212,Office Supplies,Binders,Binders model 192,147.83,2,0.1,-18.21
1105,US-2024-101105,06/01/2024,06/02/2024,Second Class,CU-10544,Customer 556,Corporate,United States,North Carolina,North Carolina,21902,South,OFF-STO-7841,Office Supplies,Storage,Storage model 59,392.34,6,0.2,-77.85
1106,US-2024-101106,04/21/2024,04/28/2024,Second Class,CU-10590,Customer 41,Consumer,United States,Oregon,Oregon,41360,West,OFF-BIN-2273,Office Supplies,Binders,Binders model 1,507.55,4,0.15,64.35
1107,US-2024-101107,12/27/2024,01/01/2025,Standard Class,CU-10686,Customer 199,Home Office,United States,New York,New York,94784,East,FUR-FUR-9905,Furniture,Furnishings,Furnishings model 65,4786.75,8,0.4,-584.71
1108,US-2024-101108,04/04/2024,04/07/2024,Second Class,CU-10559,Customer 652,Home Office,United States,Georgia,Georgia,23242,South,FUR-BOO-7754,Furniture,Bookcases,Bookcases model 209,922.9,3,0.3,14.04
1109,US-2024-101109,08/11/2024,08/16/2024,Second Class,CU-10100,Customer 2,Home Office,United States,Georgia,Georgia,75747,South,FUR-TAB-8130,Furniture,Tables,Tables model 238,365.25,2,0.2,5.89
1110,US-2022-101110,08/11/2022,08/17/2022,Second Class,CU-10173,Customer 793,Corporate,United States,Massachusetts,Massachusetts,69139,East,OFF-BIN-4602,Office Supplies,Binders,Binders model 76,211.99,5,0.1,48.49
1111,US-2023-101111,07/30/2023,08/01/2023,Standard Class,CU-10240,Customer 48,Home Office,United States,Massachusetts,Massachusetts,81743,East,FUR-TAB-6201,Furniture,Tables,Tables model 135,5073.81,6,0.0,1255.4
1112,US-2024-101112,02/18/2024,02/24/2024,First Class,CU-10539,Customer 664,Home Office,United States,Nevada,Nevada,38031,West,OFF-BIN-8161,Office Supplies,Binders,Binders model 28,298.86,7,0.15,68.99
1113,US-2021-101113,12/17/2021,12/24/2021,Standard Class,CU-10222,Customer 415,Consumer,United States,Alabama,Alabama,93541,South,TEC-ACC-1020,Technology,Accessories,Accessories model 146,3874.93,8,0.1,706.54
1114,US-2023-101114,08/18/2023,08/24/2023,Second Class,CU-10053,Customer 792,Consumer,United States,Alabama,Alabama,59721,South,OFF-ART-2182,Office Supplies,Art,Art model 182,611.47,5,0.4,38.7
1115,US-2022-101115,04/24/2022,04/29/2022,First Class,CU-10251,Customer 531,Corporate,United States,Oregon,Oregon,89548,West,FUR-BOO-3573,Furniture,Bookcases,Bookcases model 66,2155.73,8,0.4,53.92
1116,US-2023-101116,11/30/2023,12/05/2023,Second Class,CU-10226,Customer 632,Consumer,United States,Texas,Texas,81250,Central,FUR-BOO-3297,Furniture,Bookcases,Bookcases model 293,1404.16,2,0.5,-180.21
1117,US-2024-101117,12/24/2024,12/28/2024,Standard Class,CU-10402,Customer 630,Home Office,United States,North Carolina,North Carolina,83146,South,FUR-FUR-5901,Furniture,Furnishings,Furnishings model 184,574.46,7,0.0,45.01
1118,US-2022-101118,10/05/2022,10/07/2022,Standard Class,CU-10242,Customer 23,Home Office,United States,Michigan,Michigan,69905,Central,TEC-PHO-2948,Technology,Phones,Phones model 44,10134.05,6,0.2,-1318.38
1119,US-2023-101119,05/08/2023,05/11/2023,Standard Class,CU-10192,Customer 792,Home Office,United States,Pennsylvania,Pennsylvania,34923,East,TEC-COP-8710,Technology,Copiers,Copiers model 233,3995.63,9,0.15,1252.86
1120,US-2022-101120,11/09/2022,11/15/2022,Same Day,CU-10245,Customer 486,Consumer,United States,Washington,Washington,79670,West,OFF-STO-3185,Office Supplies,Storage,Storage model 274,225.43,5,0.1,14.94
1121,US-2024-101121,07/06/2024,07/08/2024,First Class,CU-10418,Customer 594,Consumer,United States,California,California,86414,West,FUR-TAB-8145,Furniture,Tables,Tables model 69,3900.35,6,0.15,-188.64
1122,US-2024-101122,02/26/2024,02/27/2024,Second Class,CU-10261,Customer 438,Corporate,United States,Oregon,Oregon,46606,West,TEC-ACC-5524,Technology,Accessories,Accessories model 44,5943.88,4,0.0,-55.05
1123,US-2022-101123,04/19/2022,04/25/2022,Standard Class,CU-10788,Customer 648,Home Office,United States,New Jersey,New Jersey,14116,East,TEC-ACC-8550,Technology,Accessories,Accessories model 251,8703.8,9,0.2,-167.38
1124,US-2024-101124,10/08/2024,10/14/2024,Second Class,CU-10446,Customer 174,Home Office,United States,Ohio,Ohio,23055,Central,OFF-BIN-2978,Office Supplies,Binders,Binders model 276,748.64,6,0.2,120.03
1125,US-2024-101125,12/13/2024,12/18/2024,Same Day,CU-10478,Customer 798,Corporate,United States,Pennsylvania,Pennsylvania,39900,East,TEC-COP-3378,Technology,Copiers,Copiers model 105,4528.11,4,0.0,146.69
1126,US-2023-101126,08/30/2023,09/05/2023,Standard Class,CU-10409,Customer 80,Corporate,United States,Georgia,Georgia,51396,South,OFF-ART-6808,Office Supplies,Art,Art model 59,136.48,2,0.3,-24.32
1127,US-2022-101127,03/29/2022,03/30/2022,First Class,CU-10461,Customer 374,Consumer,United States,Oregon,Oregon,74851,West,TEC-MAC-5475,Technology,Machines,Machines model 118,8551.92,8,0.3,-377.52
1128,US-2021-101128,06/02/2021,06/08/2021,Second Class,CU-10697,Customer 192,Home Office,United States,Nevada,Nevada,26321,West,OFF-PAP-6974,Office Supplies,Paper,Paper model 250,34.64,2,0.0,5.51
1129,US-2021-101129,06/13/2021,06/18/2021,Standard Class,CU-10470,Customer 516,Consumer,United States,Georgia,Georgia,72078,South,TEC-ACC-9910,Technology,Accessories,Accessories model 54,628.46,5,0.0,221.59
1130,US-2021-101130,09/13/2021,09/18/2021,Standard Class,CU-10036,Customer 192,Consumer,United States,North Carolina,North Carolina,75057,South,FUR-FUR-8901,Furniture,Furnishings,Furnishings model 184,3510.33,7,0.0,597.1
1131,US-2022-101131,09/17/2022,09/18/2022,Second Class,CU-10759,Customer 216,Home Office,United States,New York,New York,34669,East,OFF-ART-1778,Office Supplies,Art,Art model 224,904.29,8,0.0,9.03
1132,US-2022-101132,09/21/2022,09/26/2022,Standard Class,CU-10405,Customer 340,Home Office,United States,North Carolina,North Carolina,96159,South,TEC-MAC-8877,Technology,Machines,Machines model 268,3185.24,2,0.2,602.93
1133,US-2023-101133,08/15/2023,08/22/2023,Standard Class,CU-10741,Customer 707,Consumer,United States,Texas,Texas,58171,Central,OFF-PAP-2213,Office Supplies,Paper,Paper model 168,179.91,4,0.0,51.03
1134,US-2024-101134,02/16/2024,02/17/2024,Standard Class,CU-10394,Customer 631,Home Office,United States,California,California,84820,West,TEC-PHO-9996,Technology,Phones,Phones model 26,4711.77,9,0.2,299.33
1135,US-2024-101135,06/06/2024,06/07/2024,First Class,CU-10445,Customer 26,Corporate,United States,Nevada,Nevada,89985,West,TEC-PHO-1496,Technology,Phones,Phones model 150,11854.61,8,0.0,2648.37
1136,US-2023-101136,04/08/2023,04/15/2023,Second Class,CU-10675,Customer 275,Consumer,United States,Oregon,Oregon,15220,West,TEC-COP-1390,Technology,Copiers,Copiers model 203,8200.48,9,0.0,2824.19
1137,US-2022-101137,05/02/2022,05/08/2022,First Class,CU-10413,Customer 469,Consumer,United States,Illinois,Illinois,11089,Central,OFF-BIN-2755,Office Supplies,Binders,Binders model 30,624.08,8,0.4,5.13
1138,US-2022-101138,01/20/2022,01/24/2022,Second Class,CU-10284,Customer 644,Corporate,United States,Washington,Washington,86338,West,TEC-COP-1764,Technology,Copiers,Copiers model 30,1335.29,2,0.3,424.3
1139,US-2024-101139,01/29/2024,02/02/2024,Standard Class,CU-10698,Customer 110,Consumer,United States,Washington,Washington,14435,West,OFF-LAB-4493,Office Supplies,Labels,Labels model 20,771.91,6,0.15,248.47
1140,US-2023-101140,07/23/2023,07/24/2023,Second Class,CU-10134,Customer 709,Home Office,United States,Washington,Washington,71673,West,OFF-PAP-8274,Office Supplies,Paper,Paper model 83,68.87,1,0.0,-9.02
1141,US-2021-101141,07/04/2021,07/06/2021,Standard Class,CU-10193,Customer 565,Corporate,United States,Nevada,Nevada,21450,West,OFF-ART-6165,Office Supplies,Art,Art model 132,315.87,8,0.0,78.85
1142,US-2023-101142,10/29/2023,11/02/2023,Standard Class,CU-10748,Customer 149,Corporate,United States,Texas,Texas,18937,Central,OFF-STO-7052,Office Supplies,Storage,Storage model 230,507.58,6,0.15,48.94
1143,US-2021-101143,06/17/2021,06/18/2021,Same Day,CU-10625,Customer 364,Consumer,United States,California,California,42181,West,FUR-FUR-6816,Furniture,Furnishings,Furnishings model 52,4051.92,7,0.3,1052.11
1144,US-2021-101144,10/23/2021,10/24/2021,Standard Class,CU-10088,Customer 718,Home Office,United States,Nevada,Nevada,41323,West,TEC-MAC-7803,Technology,Machines,Machines model 193,1465.48,1,0.1,310.56
1145,US-2024-101145,07/25/2024,07/30/2024,Second Class,CU-10207,Customer 123,Consumer,United States,Michigan,Michigan,32365,Central,OFF-BIN-4711,Office Supplies,Binders,Binders model 245,657.9,7,0.0,303.05
1146,US-2021-101146,09/09/2021,09/12/2021,Standard Class,CU-10190,Customer 353,Home Office,United States,Illinois,Illinois,36896,Central,TEC-MAC-2706,Technology,Machines,Machines model 60,835.0,1,0.2,257.75
1147,US-2023-101147,02/10/2023,02/11/2023,Second Class,CU-10417,Customer 629,Corporate,United States,Ohio,Ohio,26048,Central,TEC-PHO-3272,Technology,Phones,Phones model 239,423.8,1,0.15,114.68
1148,US-2022-101148,05/22/2022,05/28/2022,Standard Class,CU-10343,Customer 696,Consumer,United States,Pennsylvania,Pennsylvania,25307,East,OFF-BIN-7813,Office Supplies,Binders,Binders model 96,107.3,1,0.0,45.56
1149,US-2022-101149,09/02/2022,09/03/2022,Second Class,CU-10044,Customer 322,Home Office,United States,Nevada,Nevada,96532,West,OFF-PAP-2831,Office Supplies,Paper,Paper model 222,622.9,8,0.2,12.83
1150,US-2024-101150,04/08/2024,04/09/2024,Second Class,CU-10599,Customer 261,Corporate,United States,Oregon,Oregon,93611,West,TEC-MAC-7750,Technology,Machines,Machines model 192,6172.73,4,0.15,465.1
1151,US-2021-101151,06/01/2021,06/04/2021,Second Class,CU-10379,Customer 31,Home Office,United States,Alabama,Alabama,88747,South,TEC-COP-2383,Technology,Copiers,Copiers model 174,2660.54,8,0.0,706.86
1152,US-2021-101152,12/05/2021,12/08/2021,Same Day,CU-10082,Customer 516,Home Office,United States,Florida,Florida,48875,South,TEC-MAC-3970,Technology,Machines,Machines model 133,7430.28,8,0.0,1714.13
1153,US-2021-101153,11/04/2021,11/10/2021,First Class,CU-10348,Customer 83,Consumer,United States,Florida,Florida,91116,South,TEC-MAC-9546,Technology,Machines,Machines model 227,14099.82,9,0.0,-1957.62
1154,US-2022-101154,07/18/2022,07/20/2022,Standard Class,CU-10372,Customer 693,Home Office,United States,Oregon,Oregon,86144,West,OFF-LAB-2603,Office Supplies,Labels,Labels model 3,612.67,7,0.1,-5.31
1155,US-2024-101155,08/29/2024,09/04/2024,Standard Class,CU-10326,Customer 554,Home Office,United States,Ohio,Ohio,40473,Central,OFF-BIN-3356,Office Supplies,Binders,Binders model 198,149.31,8,0.15,23.4
1156,US-2024-101156,10/07/2024,10/11/2024,Standard Class,CU-10451,Customer 262,Corporate,United States,Alabama,Alabama,36337,South,TEC-COP-5623,Technology,Copiers,Copiers model 292,6861.59,5,0.2,746.51
1157,US-2021-101157,10/24/2021,10/29/2021,Standard Class,CU-10662,Customer 674,Home Office,United States,Michigan,Michigan,66238,Central,OFF-BIN-2314,Office Supplies,Binders,Binders model 171,97.12,8,0.0,19.73
1158,US-2024-101158,01/28/2024,02/02/2024,First Class,CU-10072,Customer 668,Consumer,United States,Oregon,Oregon,23205,West,OFF-STO-4598,Office Supplies,Storage,Storage model 231,554.4,7,0.2,127.26
1159,US-2021-101159,07/18/2021,07/23/2021,First Class,CU-10170,Customer 30,Consumer,United States,New York,New York,29771,East,OFF-STO-2830,Office Supplies,Storage,Storage model 190,663.04,8,0.2,233.25
1160,US-2023-101160,09/30/2023,10/03/2023,Standard Class,CU-10521,Customer 728,Corporate,United States,Pennsylvania,Pennsylvania,99129,East,FUR-TAB-6505,Furniture,Tables,Tables model 273,803.61,2,0.3,-75.1
1161,US-2023-101161,11/22/2023,11/29/2023,Standard Class,CU-10353,Customer 473,Home Office,United States,Texas,Texas,60981,Central,FUR-TAB-5478,Furniture,Tables,Tables model 252,2839.7,7,0.0,1008.04
1162,US-2022-101162,07/28/2022,08/03/2022,Standard Class,CU-10046,Customer 6,Home Office,United States,Texas,Texas,77976,Central,OFF-BIN-4508,Office Supplies,Binders,Binders model 124,518.82,7,0.15,-21.0
1163,US-2021-101163,11/21/2021,11/25/2021,Standard Class,CU-10289,Customer 217,Corporate,United States,Michigan,Michigan,98279,Central,FUR-FUR-2390,Furniture,Furnishings,Furnishings model 250,702.41,5,0.0,229.8
1164,US-2021-101164,03/29/2021,04/01/2021,Standard Class,CU-10283,Customer 280,Corporate,United States,Florida,Florida,55661,South,TEC-ACC-5259,Technology,Accessories,Accessories model 59,2549.9,9,0.0,219.03
1165,US-2022-101165,04/29/2022,05/04/2022,Standard Class,CU-10320,Customer 401,Consumer,United States,New York,New York,13828,East,FUR-TAB-1987,Furniture,Tables,Tables model 169,1861.74,3,0.0,387.44
1166,US-2023-101166,09/03/2023,09/09/2023,Standard Class,CU-10480,Customer 193,Consumer,United States,New York,New York,16300,East,TEC-MAC-3593,Technology,Machines,Machines model 99,1249.95,9,0.2,-121.97
1167,US-2024-101167,04/25/2024,05/01/2024,Second Class,CU-10750,Customer 529,Home Office,United States,Georgia,Georgia,80248,South,OFF-PAP-3386,Office Supplies,Paper,Paper model 66,214.44,8,0.0,89.74
1168,US-2023-101168,01/13/2023,01/16/2023,Standard Class,CU-10600,Customer 713,Consumer,United States,North Carolina,North Carolina,49219,South,TEC-ACC-3669,Technology,Accessories,Accessories model 232,7677.0,7,0.15,996.8
1169,US-2022-101169,11/30/2022,12/05/2022,Second Class,CU-10544,Customer 343,Corporate,United States,Texas,Texas,68950,Central,FUR-TAB-7616,Furniture,Tables,Tables model 265,3331.7,7,0.0,760.94
1170,US-2021-101170,12/25/2021,01/01/2022,Standard Class,CU-10540,Customer 283,Corporate,United States,Pennsylvania,Pennsylvania,96292,East,FUR-TAB-5294,Furniture,Tables,Tables model 267,3320.21,6,0.15,811.31
1171,US-2022-101171,03/16/2022,03/21/2022,Standard Class,CU-10096,Customer 394,Consumer,United States,Massachusetts,Massachusetts,74022,East,OFF-LAB-2788,Office Supplies,Labels,Labels model 56,190.94,7,0.0,57.85
1172,US-2021-101172,10/23/2021,10/30/2021,Standard Class,CU-10389,Customer 116,Home Office,United States,California,California,19268,West,OFF-BIN-9798,Office Supplies,Binders,Binders model 96,57.63,2,0.1,20.59
1173,US-2024-101173,11/29/2024,12/04/2024,Standard Class,CU-10705,Customer 595,Consumer,United States,Nevada,Nevada,95240,West,OFF-BIN-3629,Office Supplies,Binders,Binders model 244,817.15,8,0.5,-106.05
1174,US-2021-101174,08/18/2021,08/20/2021,First Class,CU-10621,Customer 544,Home Office,United States,California,California,26955,West,TEC-PHO-5692,Technology,Phones,Phones model 33,2013.35,9,0.2,130.08
1175,US-2022-101175,07/18/2022,07/19/2022,First Class,CU-10160,Customer 528,Corporate,United States,Florida,Florida,67443,South,TEC-PHO-1933,Technology,Phones,Phones model 87,3090.77,7,0.15,295.6
1176,US-2022-101176,08/19/2022,08/25/2022,Second Class,CU-10332,Customer 219,Home Office,United States,Oregon,Oregon,64701,West,OFF-LAB-5178,Office Supplies,Labels,Labels model 98,324.13,3,0.1,-13.5
1177,US-2024-101177,12/26/2024,12/28/2024,Standard Class,CU-10080,Customer 15,Home Office,United States,California,California,30864,West,OFF-LAB-9577,Office Supplies,Labels,Labels model 5,332.49,8,0.15,37.44
1178,US-2023-101178,03/16/2023,03/21/2023,Standard Class,CU-10167,Customer 70,Corporate,United States,New Jersey,New Jersey,48280,East,TEC-PHO-3404,Technology,Phones,Phones model 138,353.67,1,0.1,-37.93
1179,US-2024-101179,11/29/2024,12/06/2024,Standard Class,CU-10588,Customer 715,Consumer,United States,Illinois,Illinois,85649,Central,OFF-BIN-8055,Office Supplies,Binders,Binders model 143,126.25,2,0.0,16.49
1180,US-2021-101180,12/31/2021,01/07/2022,First Class,CU-10646,Customer 529,Consumer,United States,North Carolina,North Carolina,39435,South,OFF-LAB-8734,Office Supplies,Labels,Labels model 221,306.39,7,0.3,-37.54
1181,US-2021-101181,12/02/2021,12/05/2021,Standard Class,CU-10693,Customer 2,Home Office,United States,Washington,Washington,30105,West,FUR-FUR-4131,Furniture,Furnishings,Furnishings model 65,1287.41,5,0.3,-193.97
1182,US-2022-101182,01/23/2022,01/25/2022,Same Day,CU-10683,Customer 793,Consumer,United States,Michigan,Michigan,34096,Central,OFF-BIN-6319,Office Supplies,Binders,Binders model 88,32.93,1,0.3,1.45
1183,US-2022-101183,01/30/2022,02/03/2022,Second Class,CU-10715,Customer 53,Consumer,United States,Pennsylvania,Pennsylvania,81656,East,OFF-BIN-4279,Office Supplies,Binders,Binders model 224,207.78,7,0.0,74.72
1184,US-2024-101184,02/13/2024,02/19/2024,Standard Class,CU-10264,Customer 638,Consumer,United States,California,California,45424,West,OFF-BIN-1873,Office Supplies,Binders,Binders model 264,195.38,2,0.1,33.02
1185,US-2021-101185,12/18/2021,12/24/2021,Standard Class,CU-10530,Customer 398,Consumer,United States,Oregon,Oregon,95833,West,TEC-PHO-9587,Technology,Phones,Phones model 185,3985.29,9,0.1,13.09
1186,US-2022-101186,10/31/2022,11/02/2022,Standard Class,CU-10725,Customer 444,Home Office,United States,Georgia,Georgia,69413,South,OFF-LAB-2208,Office Supplies,Labels,Labels model 266,281.07,4,0.4,11.68
1187,US-2023-101187,10/09/2023,10/15/2023,Standard Class,CU-10276,Customer 155,Home Office,United States,California,California,83712,West,TEC-PHO-3388,Technology,Phones,Phones model 18,5915.92,5,0.15,1055.18
1188,US-2021-101188,10/26/2021,10/28/2021,Standard Class,CU-10178,Customer 752,Consumer,United States,Ohio,Ohio,82060,Central,FUR-BOO-4834,Furniture,Bookcases,Bookcases model 34,2278.52,6,0.1,167.1
1189,US-2021-101189,02/19/2021,02/24/2021,First Class,CU-10100,Customer 299,Consumer,United States,Illinois,Illinois,73678,Central,FUR-BOO-7679,Furniture,Bookcases,Bookcases model 18,1164.84,9,0.15,358.71
1190,US-2024-101190,10/17/2024,10/22/2024,Standard Class,CU-10574,Customer 16,Home Office,United States,Massachusetts,Massachusetts,99657,East,OFF-STO-8616,Office Supplies,Storage,Storage model 53,53.47,1,0.15,-3.54
1191,US-2021-101191,09/25/2021,09/26/2021,Standard Class,CU-10261,Customer 200,Corporate,United States,Alabama,Alabama,61371,South,OFF-LAB-2142,Office Supplies,Labels,Labels model 171,447.43,5,0.1,21.18
1192,US-2023-101192,04/01/2023,04/06/2023,Standard Class,CU-10340,Customer 359,Corporate,United States,California,California,35717,West,FUR-FUR-2513,Furniture,Furnishings,Furnishings model 286,1073.49,7,0.1,208.72
1193,US-2024-101193,07/31/2024,08/06/2024,Standard Class,CU-10085,Customer 495,Consumer,United States,Massachusetts,Massachusetts,30480,East,TEC-PHO-4498,Technology,Phones,Phones model 162,4808.47,5,0.4,1051.84
1194,US-2024-101194,11/13/2024,11/16/2024,Second Class,CU-10598,Customer 326,Home Office,United States,Alabama,Alabama,61772,South,OFF-PAP-6609,Office Supplies,Paper,Paper model 260,913.86,9,0.15,95.72
1195,US-2023-101195,06/16/2023,06/17/2023,Standard Class,CU-10722,Customer 572,Consumer,United States,California,California,42698,West,TEC-PHO-4194,Technology,Phones,Phones model 1,3828.26,4,0.3,1012.18
1196,US-2023-101196,08/10/2023,08/16/2023,Standard Class,CU-10406,Customer 139,Home Office,United States,Illinois,Illinois,29268,Central,OFF-LAB-5112,Office Supplies,Labels,Labels model 208,710.08,5,0.15,231.19
1197,US-2023-101197,04/25/2023,04/26/2023,Standard Class,CU-10229,Customer 545,Consumer,United States,New York,New York,67876,East,OFF-LAB-7989,Office Supplies,Labels,Labels model 11,603.26,5,0.0,55.93
1198,US-2023-101198,03/18/2023,03/23/2023,Standard Class,CU-10222,Customer 683,Corporate,United States,Florida,Florida,56826,South,OFF-PAP-9494,Office Supplies,Paper,Paper model 65,397.48,4,0.15,63.17
1199,US-2021-101199,08/09/2021,08/13/2021,Standard Class,CU-10025,Customer 264,Corporate,United States,Oregon,Oregon,90167,West,OFF-BIN-2837,Office Supplies,Binders,Binders model 122,796.57,7,0.0,294.3
1200,US-2023-101200,07/23/2023,07/27/2023,Standard Class,CU-10360,Customer 342,Corporate,United States,Washington,Washington,89354,West,FUR-TAB-7449,Furniture,Tables,Tables model 226,3329.87,6,0.15,523.36
1201,US-2021-101201,02/12/2021,02/16/2021,Standard Class,CU-10309,Customer 624,Consumer,United States,Ohio,Ohio,55085,Central,OFF-ART-3314,Office Supplies,Art,Art model 235,129.06,2,0.0,32.51
1202,US-2021-101202,11/01/2021,11/07/2021,Second Class,CU-10683,Customer 424,Corporate,United States,Oregon,Oregon,79586,West,OFF-BIN-3160,Office Supplies,Binders,Binders model 290,59.51,6,0.0,14.37
1203,US-2021-101203,08/17/2021,08/19/2021,Standard Class,CU-10639,Customer 684,Corporate,United States,New Jersey,New Jersey,66987,East,OFF-LAB-3509,Office Supplies,Labels,Labels model 161,587.21,4,0.0,88.78
1204,US-2022-101204,12/12/2022,12/13/2022,Standard Class,CU-10597,Customer 473,Consumer,United States,New York,New York,35270,East,TEC-PHO-9813,Technology,Phones,Phones model 284,3137.48,4,0.0,823.5
1205,US-2023-101205,09/12/2023,09/13/2023,Standard Class,CU-10128,Customer 276,Home Office,United States,Georgia,Georgia,65754,South,TEC-MAC-1986,Technology,Machines,Machines model 35,12040.25,8,0.2,1694.81
1206,US-2021-101206,12/04/2021,12/10/2021,Same Day,CU-10504,Customer 28,Consumer,United States,Nevada,Nevada,47258,West,OFF-LAB-6958,Office Supplies,Labels,Labels model 129,646.81,7,0.0,118.09
1207,US-2021-101207,08/09/2021,08/10/2021,Second Class,CU-10661,Customer 266,Home Office,United States,Michigan,Michigan,95213,Central,OFF-ART-3481,Office Supplies,Art,Art model 70,102.51,1,0.0,-3.5
1208,US-2021-101208,08/31/2021,09/07/2021,Standard Class,CU-10333,Customer 724,Corporate,United States,Georgia,Georgia,96692,South,TEC-ACC-5621,Technology,Accessories,Accessories model 36,3477.03,3,0.3,-202.57
1209,US-2023-101209,08/24/2023,08/30/2023,Standard Class,CU-10487,Customer 315,Corporate,United States,Pennsylvania,Pennsylvania,14602,East,OFF-STO-2758,Office Supplies,Storage,Storage model 235,267.12,9,0.15,16.38
1210,US-2024-101210,02/01/2024,02/03/2024,Standard Class,CU-10221,Customer 369,Consumer,United States,Pennsylvania,Pennsylvania,55962,East,OFF-STO-5976,Office Supplies,Storage,Storage model 116,645.61,6,0.0,215.46
1211,US-2024-101211,12/27/2024,12/31/2024,First Class,CU-10575,Customer 150,Corporate,United States,Georgia,Georgia,16434,South,TEC-PHO-3108,Technology,Phones,Phones model 296,2482.14,2,0.0,826.19
1212,US-2021-101212,12/19/2021,12/24/2021,Standard Class,CU-10395,Customer 313,Consumer,United States,New Jersey,New Jersey,80629,East,FUR-CHA-1276,Furniture,Chairs,Chairs model 214,198.07,1,0.5,27.75
1213,US-2024-101213,08/11/2024,08/14/2024,Standard Class,CU-10549,Customer 205,Home Office,United States,Nevada,Nevada,48600,West,FUR-FUR-5902,Furniture,Furnishings,Furnishings model 296,642.61,8,0.3,179.55
1214,US-2021-101214,04/18/2021,04/19/2021,Standard Class,CU-10043,Customer 359,Home Office,United States,North Carolina,North Carolina,79904,South,TEC-COP-4984,Technology,Copiers,Copiers model 144,4612.77,4,0.0,1867.02
1215,US-2021-101215,07/22/2021,07/28/2021,First Class,CU-10255,Customer 303,Home Office,United States,Washington,Washington,74665,West,OFF-BIN-8290,Office Supplies,Binders,Binders model 34,443.76,5,0.15,-40.53
1216,US-2024-101216,12/19/2024,12/24/2024,Standard Class,CU-10022,Customer 619,Consumer,United States,Ohio,Ohio,64185,Central,TEC-MAC-1063,Technology,Machines,Machines model 129,1398.23,1,0.4,212.16
1217,US-2023-101217,09/05/2023,09/08/2023,Standard Class,CU-10153,Customer 470,Corporate,United States,California,California,97099,West,OFF-LAB-3521,Office Supplies,Labels,Labels model 270,283.34,2,0.0,-2.14
1218,US-2022-101218,08/07/2022,08/14/2022,Standard Class,CU-10298,Customer 411,Consumer,United States,Alabama,Alabama,14475,South,OFF-BIN-7077,Office Supplies,Binders,Binders model 119,61.29,1,0.15,20.86
1219,US-2024-101219,04/19/2024,04/20/2024,Second Class,CU-10531,Customer 192,Corporate,United States,Massachusetts,Massachusetts,12878,East,TEC-PHO-9825,Technology,Phones,Phones model 128,9676.41,7,0.5,-606.92
1220,US-2022-101220,04/13/2022,04/18/2022,Standard Class,CU-10745,Customer 486,Corporate,United States,Georgia,Georgia,71427,South,OFF-LAB-2389,Office Supplies,Labels,Labels model 232,716.53,5,0.0,119.44
1221,US-2021-101221,04/22/2021,04/23/2021,Standard Class,CU-10392,Customer 708,Consumer,United States,Massachusetts,Massachusetts,61121,East,FUR-BOO-1334,Furniture,Bookcases,Bookcases model 50,440.63,3,0.4,-41.52
1222,US-2023-101222,09/18/2023,09/23/2023,Standard Class,CU-10214,Customer 127,Corporate,United States,Pennsylvania,Pennsylvania,90897,East,TEC-MAC-3891,Technology,Machines,Machines model 1,1366.79,8,0.2,-250.54
1223,US-2023-101223,08/22/2023,08/27/2023,Standard Class,CU-10690,Customer 379,Home Office,United States,Oregon,Oregon,17014,West,OFF-BIN-8808,Office Supplies,Binders,Binders model 286,417.4,4,0.0,68.03
1224,US-2021-101224,09/09/2021,09/14/2021,Standard Class,CU-10586,Customer 199,Corporate,United States,Pennsylvania,Pennsylvania,28821,East,TEC-PHO-7261,Technology,Phones,Phones model 4,9516.04,8,0.0,-133.55
1225,US-2021-101225,10/17/2021,10/21/2021,Second Class,CU-10142,Customer 163,Corporate,United States,Georgia,Georgia,35333,South,OFF-PAP-4707,Office Supplies,Paper,Paper model 38,34.3,1,0.3,6.25
1226,US-2023-101226,07/06/2023,07/13/2023,Standard Class,CU-10278,Customer 169,Corporate,United States,Massachusetts,Massachusetts,72592,East,OFF-STO-1767,Office Supplies,Storage,Storage model 210,516.29,6,0.0,38.27
1227,US-2022-101227,06/18/2022,06/22/2022,Standard Class,CU-10701,Customer 546,Corporate,United States,Georgia,Georgia,33595,South,OFF-STO-8753,Office Supplies,Storage,Storage model 47,147.07,1,0.0,36.19
1228,US-2024-101228,04/12/2024,04/16/2024,Same Day,CU-10166,Customer 751,Consumer,United States,North Carolina,North Carolina,40715,South,FUR-TAB-3574,Furniture,Tables,Tables model 224,7617.31,9,0.1,2553.46
1229,US-2024-101229,01/06/2024,01/08/2024,Second Class,CU-10066,Customer 560,Home Office,United States,Illinois,Illinois,41728,Central,OFF-ART-4840,Office Supplies,Art,Art model 132,1297.06,9,0.0,325.8
1230,US-2023-101230,09/04/2023,09/06/2023,First Class,CU-10002,Customer 198,Consumer,United States,Michigan,Michigan,68011,Central,OFF-PAP-7030,Office Supplies,Paper,Paper model 288,752.87,7,0.0,305.14
1231,US-2024-101231,01/21/2024,01/26/2024,First Class,CU-10397,Customer 553,Consumer,United States,Ohio,Ohio,30991,Central,TEC-COP-3663,Technology,Copiers,Copiers model 91,269.39,1,0.0,44.77
1232,US-2023-101232,01/07/2023,01/11/2023,First Class,CU-10152,Customer 483,Consumer,United States,Michigan,Michigan,79530,Central,TEC-PHO-3534,Technology,Phones,Phones model 215,7947.63,7,0.1,-281.67
1233,US-2023-101233,05/19/2023,05/22/2023,Standard Class,CU-10768,Customer 583,Corporate,United States,Washington,Washington,63585,West,OFF-LAB-5062,Office Supplies,Labels,Labels model 111,980.33,9,0.1,131.91
1234,US-2021-101234,11/26/2021,12/02/2021,Second Class,CU-10225,Customer 780,Consumer,United States,Illinois,Illinois,53680,Central,FUR-FUR-1887,Furniture,Furnishings,Furnishings model 23,216.38,3,0.1,93.21
1235,US-2024-101235,08/13/2024,08/15/2024,Standard Class,CU-10560,Customer 117,Consumer,United States,Georgia,Georgia,68241,South,FUR-BOO-1231,Furniture,Bookcases,Bookcases model 87,622.35,1,0.1,59.02
1236,US-2024-101236,08/17/2024,08/18/2024,Second Class,CU-10759,Customer 472,Home Office,United States,Illinois,Illinois,52643,Central,FUR-FUR-1633,Furniture,Furnishings,Furnishings model 92,1504.01,5,0.1,479.96
1237,US-2023-101237,11/03/2023,11/05/2023,First Class,CU-10556,Customer 250,Corporate,United States,Pennsylvania,Pennsylvania,12102,East,OFF-ART-8168,Office Supplies,Art,Art model 124,263.3,2,0.1,57.49
1238,US-2021-101238,09/23/2021,09/29/2021,First Class,CU-10236,Customer 102,Consumer,United States,New York,New York,37045,East,TEC-COP-7480,Technology,Copiers,Copiers model 117,2311.64,6,0.15,581.52
1239,US-2024-101239,04/10/2024,04/13/2024,First Class,CU-10159,Customer 721,Corporate,United States,Illinois,Illinois,59579,Central,TEC-PHO-4259,Technology,Phones,Phones model 110,11045.82,7,0.0,2914.7
1240,US-2024-101240,08/06/2024,08/08/2024,Standard Class,CU-10073,Customer 483,Home Office,United States,Florida,Florida,53757,South,OFF-LAB-6357,Office Supplies,Labels,Labels model 137,368.3,9,0.0,135.15
1241,US-2022-101241,05/01/2022,05/08/2022,Standard Class,CU-10767,Customer 299,Corporate,United States,Massachusetts,Massachusetts,64552,East,TEC-MAC-7649,Technology,Machines,Machines model 241,8070.94,7,0.0,537.65
1242,US-2024-101242,02/10/2024,02/11/2024,Standard Class,CU-10325,Customer 98,Home Office,United States,Illinois,Illinois,94017,Central,TEC-COP-6118,Technology,Copiers,Copiers model 276,7779.16,6,0.15,2094.72
1243,US-2024-101243,10/10/2024,10/11/2024,Standard Class,CU-10110,Customer 763,Corporate,United States,New Jersey,New Jersey,99013,East,FUR-CHA-2483,Furniture,Chairs,Chairs model 234,2225.6,4,0.0,133.98
1244,US-2021-101244,07/18/2021,07/20/2021,Standard Class,CU-10148,Customer 239,Home Office,United States,Illinois,Illinois,57903,Central,OFF-STO-5832,Office Supplies,Storage,Storage model 285,367.54,9,0.0,168.09
1245,US-2023-101245,10/27/2023,11/02/2023,Standard Class,CU-10402,Customer 481,Home Office,United States,Washington,Washington,67536,West,FUR-TAB-6152,Furniture,Tables,Tables model 171,1952.16,9,0.15,286.24
1246,US-2021-101246,10/19/2021,10/25/2021,Standard Class,CU-10346,Customer 789,Consumer,United States,Florida,Florida,86804,South,OFF-STO-6828,Office Supplies,Storage,Storage model 55,738.69,5,0.0,189.25
1247,US-2022-101247,05/14/2022,05/20/2022,Standard Class,CU-10395,Customer 371,Consumer,United States,Illinois,Illinois,33835,Central,FUR-FUR-7795,Furniture,Furnishings,Furnishings model 101,525.41,4,0.3,-65.11
1248,US-2021-101248,02/22/2021,02/28/2021,Second Class,CU-10138,Customer 275,Home Office,United States,Oregon,Oregon,17859,West,OFF-BIN-5656,Office Supplies,Binders,Binders model 247,645.73,9,0.0,143.42
1249,US-2024-101249,07/14/2024,07/21/2024,First Class,CU-10034,Customer 513,Consumer,United States,Nevada,Nevada,98049,West,TEC-PHO-2884,Technology,Phones,Phones model 297,1223.39,1,0.0,338.07
1250,US-2022-101250,07/24/2022,07/25/2022,Standard Class,CU-10119,Customer 649,Corporate,United States,New York,New York,52377,East,OFF-ART-7586,Office Supplies,Art,Art model 218,177.02,2,0.5,8.17
1251,US-2022-101251,04/19/2022,04/20/2022,Standard Class,CU-10400,Customer 642,Home Office,United States,Michigan,Michigan,24326,Central,OFF-STO-8380,Office Supplies,Storage,Storage model 288,176.99,4,0.15,2.6
1252,US-2022-101252,09/17/2022,09/22/2022,Same Day,CU-10348,Customer 168,Home Office,United States,New York,New York,96080,East,FUR-CHA-8617,Furniture,Chairs,Chairs model 211,3505.99,9,0.1,-648.73
1253,US-2022-101253,09/05/2022,09/06/2022,Second Class,CU-10797,Customer 181,Corporate,United States,Nevada,Nevada,28063,West,TEC-COP-9639,Technology,Copiers,Copiers model 183,3953.24,5,0.0,910.03
1254,US-2022-101254,09/26/2022,10/01/2022,Second Class,CU-10116,Customer 765,Consumer,United States,New York,New York,39720,East,OFF-STO-8704,Office Supplies,Storage,Storage model 34,74.82,2,0.4,6.28
1255,US-2021-101255,12/11/2021,12/15/2021,First Class,CU-10540,Customer 478,Consumer,United States,Nevada,Nevada,99895,West,FUR-TAB-2579,Furniture,Tables,Tables model 111,1931.49,6,0.0,140.19
1256,US-2021-101256,03/17/2021,03/24/2021,Standard Class,CU-10569,Customer 752,Home Office,United States,New York,New York,38174,East,OFF-STO-4206,Office Supplies,Storage,Storage model 265,672.18,6,0.1,68.11
1257,US-2024-101257,12/24/2024,12/27/2024,Second Class,CU-10400,Customer 328,Home Office,United States,Washington,Washington,68153,West,FUR-CHA-2191,Furniture,Chairs,Chairs model 245,2643.13,7,0.15,278.5
1258,US-2021-101258,01/24/2021,01/27/2021,Standard Class,CU-10799,Customer 491,Corporate,United States,Texas,Texas,43525,Central,FUR-CHA-2111,Furniture,Chairs,Chairs model 195,960.05,3,0.1,16.2
1259,US-2021-101259,03/14/2021,03/18/2021,Standard Class,CU-10785,Customer 496,Home Office,United States,Illinois,Illinois,90661,Central,TEC-COP-9525,Technology,Copiers,Copiers model 83,6848.01,9,0.15,1113.01
1260,US-2021-101260,03/07/2021,03/10/2021,Second Class,CU-10243,Customer 302,Consumer,United States,Alabama,Alabama,95430,South,OFF-STO-5473,Office Supplies,Storage,Storage model 159,694.25,6,0.0,130.83
1261,US-2023-101261,09/09/2023,09/13/2023,Standard Class,CU-10110,Customer 644,Corporate,United States,Michigan,Michigan,39349,Central,OFF-STO-4230,Office Supplies,Storage,Storage model 38,743.18,7,0.1,223.43
1262,US-2024-101262,06/15/2024,06/17/2024,Standard Class,CU-10665,Customer 464,Consumer,United States,New York,New York,44098,East,OFF-BIN-7991,Office Supplies,Binders,Binders model 89,114.24,4,0.1,4.96
1263,US-2023-101263,07/25/2023,07/27/2023,Second Class,CU-10514,Customer 433,Consumer,United States,Ohio,Ohio,28460,Central,TEC-PHO-9533,Technology,Phones,Phones model 143,1186.42,4,0.0,262.25
1264,US-2023-101264,12/21/2023,12/28/2023,Standard Class,CU-10708,Customer 608,Home Office,United States,Florida,Florida,78426,South,TEC-ACC-2779,Technology,Accessories,Accessories model 208,3244.27,2,0.0,800.32
1265,US-2024-101265,03/21/2024,03/24/2024,Standard Class,CU-10625,Customer 15,Home Office,United States,Alabama,Alabama,76722,South,OFF-PAP-4056,Office Supplies,Paper,Paper model 110,1204.9,9,0.2,375.73
1266,US-2024-101266,06/22/2024,06/24/2024,Standard Class,CU-10776,Customer 610,Consumer,United States,Ohio,Ohio,14131,Central,OFF-LAB-5508,Office Supplies,Labels,Labels model 165,184.06,2,0.1,25.67
1267,US-2021-101267,10/26/2021,11/01/2021,Second Class,CU-10634,Customer 423,Corporate,United States,North Carolina,North Carolina,50128,South,OFF-BIN-9335,Office Supplies,Binders,Binders model 238,208.59,5,0.0,33.9
1268,US-2023-101268,05/23/2023,05/24/2023,Standard Class,CU-10222,Customer 199,Home Office,United States,Georgia,Georgia,58431,South,OFF-PAP-1767,Office Supplies,Paper,Paper model 145,411.25,8,0.0,-37.3
1269,US-2021-101269,12/10/2021,12/16/2021,Standard Class,CU-10049,Customer 643,Corporate,United States,New Jersey,New Jersey,61622,East,FUR-FUR-7212,Furniture,Furnishings,Furnishings model 47,4138.25,9,0.0,-157.84
1270,US-2021-101270,03/12/2021,03/14/2021,First Class,CU-10327,Customer 303,Corporate,United States,Alabama,Alabama,93465,South,OFF-LAB-2452,Office Supplies,Labels,Labels model 149,428.22,8,0.5,-128.89
1271,US-2022-101271,05/25/2022,05/29/2022,Standard Class,CU-10183,Customer 110,Home Office,United States,Washington,Washington,57851,West,FUR-CHA-8072,Furniture,Chairs,Chairs model 78,3160.64,6,0.3,-490.99
1272,US-2023-101272,01/12/2023,01/13/2023,Standard Class,CU-10407,Customer 500,Consumer,United States,Texas,Texas,67409,Central,OFF-ART-6373,Office Supplies,Art,Art model 216,902.58,9,0.1,109.44
1273,US-2022-101273,10/06/2022,10/09/2022,Standard Class,CU-10041,Customer 87,Corporate,United States,Michigan,Michigan,82900,Central,TEC-PHO-4649,Technology,Phones,Phones model 294,419.53,3,0.2,133.07
1274,US-2021-101274,08/31/2021,09/06/2021,Standard Class,CU-10404,Customer 479,Consumer,United States,Florida,Florida,39651,South,TEC-ACC-9897,Technology,Accessories,Accessories model 54,4664.13,8,0.0,899.52
1275,US-2023-101275,12/23/2023,12/25/2023,Standard Class,CU-10102,Customer 162,Corporate,United States,Nevada,Nevada,86978,West,OFF-ART-6389,Office Supplies,Art,Art model 110,589.48,7,0.4,-27.43
1276,US-2024-101276,12/28/2024,12/31/2024,Standard Class,CU-10658,Customer 61,Corporate,United States,Pennsylvania,Pennsylvania,71979,East,OFF-BIN-5338,Office Supplies,Binders,Binders model 199,373.9,3,0.2,61.43
1277,US-2023-101277,11/13/2023,11/17/2023,Standard Class,CU-10089,Customer 66,Corporate,United States,California,California,46024,West,OFF-ART-2262,Office Supplies,Art,Art model 294,14.38,2,0.0,2.76
1278,US-2024-101278,01/30/2024,02/03/2024,Standard Class,CU-10289,Customer 649,Corporate,United States,Ohio,Ohio,85191,Central,OFF-BIN-9960,Office Supplies,Binders,Binders model 289,891.61,9,0.1,-33.28
1279,US-2023-101279,10/22/2023,10/26/2023,Standard Class,CU-10070,Customer 597,Home Office,United States,Georgia,Georgia,98529,South,TEC-COP-3490,Technology,Copiers,Copiers model 74,3345.42,8,0.15,-148.5
1280,US-2022-101280,11/09/2022,11/15/2022,Standard Class,CU-10518,Customer 766,Consumer,United States,Michigan,Michigan,56508,Central,FUR-TAB-3322,Furniture,Tables,Tables model 276,2137.09,5,0.3,455.66
1281,US-2024-101281,11/13/2024,11/16/2024,Same Day,CU-10216,Customer 49,Home Office,United States,Massachusetts,Massachusetts,34327,East,TEC-MAC-5134,Technology,Machines,Machines model 153,2232.05,2,0.1,81.24
1282,US-2024-101282,01/04/2024,01/09/2024,First Class,CU-10119,Customer 636,Home Office,United States,North Carolina,North Carolina,44042,South,TEC-PHO-5060,Technology,Phones,Phones model 24,383.79,1,0.0,45.3
1283,US-2024-101283,07/31/2024,08/03/2024,Standard Class,CU-10269,Customer 479,Home Office,United States,Florida,Florida,59115,South,OFF-ART-9690,Office Supplies,Art,Art model 34,393.26,4,0.0,10.63
1284,US-2021-101284,08/26/2021,08/31/2021,Standard Class,CU-10298,Customer 518,Home Office,United States,Texas,Texas,92355,Central,OFF-STO-9906,Office Supplies,Storage,Storage model 58,200.35,2,0.0,50.92
1285,US-2023-101285,06/14/2023,06/18/2023,First Class,CU-10522,Customer 698,Corporate,United States,Nevada,Nevada,83541,West,FUR-FUR-7840,Furniture,Furnishings,Furnishings model 217,1328.67,3,0.2,442.12
1286,US-2023-101286,12/20/2023,12/21/2023,Standard Class,CU-10466,Customer 250,Corporate,United States,Michigan,Michigan,40827,Central,OFF-LAB-7910,Office Supplies,Labels,Labels model 202,1226.07,9,0.15,-65.99
1287,US-2021-101287,09/05/2021,09/09/2021,First Class,CU-10369,Customer 84,Consumer,United States,Oregon,Oregon,99280,West,OFF-STO-1793,Office Supplies,Storage,Storage model 38,1212.11,9,0.0,344.76
1288,US-2023-101288,10/08/2023,10/15/2023,Standard Class,CU-10746,Customer 487,Home Office,United States,North Carolina,North Carolina,56501,South,FUR-CHA-7876,Furniture,Chairs,Chairs model 12,4833.29,6,0.3,35.95
1289,US-2021-101289,01/18/2021,01/20/2021,Second Class,CU-10414,Customer 474,Consumer,United States,Oregon,Oregon,60322,West,FUR-FUR-1330,Furniture,Furnishings,Furnishings model 129,2971.26,6,0.2,-751.33
1290,US-2023-101290,04/12/2023,04/16/2023,Second Class,CU-10348,Customer 711,Home Office,United States,North Carolina,North Carolina,21965,South,OFF-ART-9052,Office Supplies,Art,Art model 272,221.71,3,0.1,-18.93
1291,US-2021-101291,10/27/2021,10/30/2021,First Class,CU-10743,Customer 391,Corporate,United States,Oregon,Oregon,24404,West,OFF-BIN-8865,Office Supplies,Binders,Binders model 271,697.02,6,0.3,16.83
1292,US-2024-101292,09/25/2024,09/30/2024,Second Class,CU-10726,Customer 352,Corporate,United States,Oregon,Oregon,34728,West,TEC-MAC-3772,Technology,Machines,Machines model 206,5222.22,4,0.0,799.59
1293,US-2023-101293,01/13/2023,01/17/2023,Standard Class,CU-10405,Customer 376,Corporate,United States,Texas,Texas,69103,Central,TEC-COP-9350,Technology,Copiers,Copiers model 244,14232.47,9,0.0,1720.45
1294,US-2024-101294,02/05/2024,02/07/2024,Standard Class,CU-10325,Customer 1,Home Office,United States,California,California,32050,West,FUR-CHA-8082,Furniture,Chairs,Chairs model 229,2710.27,4,0.15,481.17
1295,US-2023-101295,07/24/2023,07/31/2023,Standard Class,CU-10071,Customer 488,Home Office,United States,Texas,Texas,67933,Central,TEC-COP-7002,Technology,Copiers,Copiers model 283,5223.17,6,0.1,-182.53
1296,US-2022-101296,11/24/2022,11/29/2022,Standard Class,CU-10045,Customer 601,Consumer,United States,Michigan,Michigan,65615,Central,TEC-MAC-3753,Technology,Machines,Machines model 86,2905.28,5,0.15,814.51
1297,US-2021-101297,01/19/2021,01/26/2021,Standard Class,CU-10069,Customer 117,Home Office,United States,Oregon,Oregon,79163,West,OFF-PAP-4452,Office Supplies,Paper,Paper model 238,241.24,9,0.1,-1.1
1298,US-2021-101298,07/17/2021,07/18/2021,First Class,CU-10008,Customer 730,Consumer,United States,Ohio,Ohio,50650,Central,OFF-LAB-6915,Office Supplies,Labels,Labels model 217,648.91,5,0.0,222.58
1299,US-2021-101299,03/31/2021,04/06/2021,Standard Class,CU-10603,Customer 430,Corporate,United States,Pennsylvania,Pennsylvania,72093,East,OFF-PAP-3593,Office Supplies,Paper,Paper model 245,394.24,9,0.0,2.38
1300,US-2023-101300,05/08/2023,05/15/2023,Standard Class,CU-10215,Customer 27,Corporate,United States,Oregon,Oregon,65209,West,TEC-ACC-6171,Technology,Accessories,Accessories model 179,11343.1,7,0.0,-1421.96
1301,US-2023-101301,07/29/2023,07/30/2023,First Class,CU-10687,Customer 261,Consumer,United States,Alabama,Alabama,44392,South,TEC-ACC-1363,Technology,Accessories,Accessories model 69,6201.25,4,0.4,1271.41
1302,US-2024-101302,04/04/2024,04/11/2024,Standard Class,CU-10678,Customer 375,Consumer,United States,New York,New York,92395,East,TEC-COP-7740,Technology,Copiers,Copiers model 205,1763.16,5,0.1,384.43
1303,US-2021-101303,05/02/2021,05/08/2021,First Class,CU-10308,Customer 322,Corporate,United States,Illinois,Illinois,17829,Central,OFF-LAB-1022,Office Supplies,Labels,Labels model 294,25.68,4,0.2,1.6
1304,US-2021-101304,03/19/2021,03/26/2021,Standard Class,CU-10759,Customer 178,Home Office,United States,Texas,Texas,19835,Central,OFF-BIN-9893,Office Supplies,Binders,Binders model 139,242.98,7,0.0,16.31
1305,US-2024-101305,03/19/2024,03/22/2024,Standard Class,CU-10532,Customer 391,Corporate,United States,Michigan,Michigan,60909,Central,OFF-ART-1806,Office Supplies,Art,Art model 178,272.35,7,0.4,4.31
1306,US-2024-101306,03/17/2024,03/21/2024,Standard Class,CU-10153,Customer 650,Consumer,United States,New York,New York,97572,East,TEC-PHO-1413,Technology,Phones,Phones model 187,4712.28,4,0.0,352.13
1307,US-2024-101307,09/12/2024,09/16/2024,Standard Class,CU-10532,Customer 573,Corporate,United States,Massachusetts,Massachusetts,11258,East,OFF-BIN-1111,Office Supplies,Binders,Binders model 273,855.23,9,0.0,96.07
1308,US-2024-101308,12/12/2024,12/18/2024,Standard Class,CU-10037,Customer 540,Consumer,United States,Pennsylvania,Pennsylvania,23070,East,TEC-ACC-7998,Technology,Accessories,Accessories model 220,3206.05,5,0.2,-184.37
1309,US-2023-101309,05/11/2023,05/12/2023,Standard Class,CU-10558,Customer 762,Home Office,United States,Washington,Washington,35096,West,FUR-FUR-7954,Furniture,Furnishings,Furnishings model 208,2605.92,3,0.1,243.5
1310,US-2023-101310,03/25/2023,03/31/2023,Standard Class,CU-10740,Customer 195,Corporate,United States,Pennsylvania,Pennsylvania,89265,East,FUR-CHA-5035,Furniture,Chairs,Chairs model 88,1571.34,4,0.0,532.61
1311,US-2022-101311,06/14/2022,06/16/2022,Standard Class,CU-10795,Customer 755,Consumer,United States,Washington,Washington,81137,West,FUR-CHA-7415,Furniture,Chairs,Chairs model 247,1522.55,6,0.1,274.33
1312,US-2023-101312,06/11/2023,06/14/2023,Second Class,CU-10749,Customer 155,Consumer,United States,New York,New York,18340,East,OFF-ART-4963,Office Supplies,Art,Art model 276,356.35,6,0.0,82.0
1313,US-2021-101313,06/08/2021,06/14/2021,First Class,CU-10250,Customer 617,Home Office,United States,New Jersey,New Jersey,98934,East,TEC-PHO-9625,Technology,Phones,Phones model 22,13961.41,8,0.0,3631.03
1314,US-2024-101314,06/16/2024,06/20/2024,First Class,CU-10467,Customer 467,Home Office,United States,Michigan,Michigan,47753,Central,FUR-FUR-2658,Furniture,Furnishings,Furnishings model 13,2338.33,5,0.2,141.97
1315,US-2023-101315,02/03/2023,02/05/2023,Standard Class,CU-10471,Customer 455,Corporate,United States,Ohio,Ohio,17654,Central,OFF-ART-2548,Office Supplies,Art,Art model 280,141.22,3,0.0,40.8
1316,US-2024-101316,05/09/2024,05/11/2024,Standard Class,CU-10736,Customer 92,Home Office,United States,New York,New York,15712,East,FUR-FUR-8301,Furniture,Furnishings,Furnishings model 208,609.76,1,0.0,-176.88
1317,US-2022-101317,03/11/2022,03/13/2022,Standard Class,CU-10096,Customer 253,Consumer,United States,Alabama,Alabama,59390,South,OFF-LAB-1035,Office Supplies,Labels,Labels model 275,113.81,7,0.1,58.31
1318,US-2021-101318,01/14/2021,01/19/2021,Second Class,CU-10341,Customer 470,Consumer,United States,Nevada,Nevada,23473,West,TEC-ACC-5942,Technology,Accessories,Accessories model 207,2568.9,2,0.0,1366.36
1319,US-2024-101319,03/27/2024,03/30/2024,Standard Class,CU-10287,Customer 42,Corporate,United States,Oregon,Oregon,85476,West,OFF-PAP-8560,Office Supplies,Paper,Paper model 23,790.01,7,0.0,-88.44
1320,US-2023-101320,11/26/2023,12/03/2023,Standard Class,CU-10085,Customer 214,Consumer,United States,Michigan,Michigan,88097,Central,OFF-STO-6307,Office Supplies,Storage,Storage model 171,492.09,5,0.0,213.91
1321,US-2021-101321,03/09/2021,03/16/2021,Standard Class,CU-10055,Customer 257,Home Office,United States,Texas,Texas,88652,Central,TEC-MAC-8275,Technology,Machines,Machines model 218,1208.62,3,0.3,26.76
1322,US-2024-101322,11/12/2024,11/19/2024,Second Class,CU-10160,Customer 274,Home Office,United States,Nevada,Nevada,38110,West,OFF-ART-4646,Office Supplies,Art,Art model 72,255.95,5,0.0,108.24
1323,US-2022-101323,08/09/2022,08/12/2022,Second Class,CU-10436,Customer 602,Consumer,United States,Washington,Washington,56521,West,OFF-ART-6416,Office Supplies,Art,Art model 21,109.36,1,0.3,-18.52
1324,US-2021-101324,04/07/2021,04/08/2021,Standard Class,CU-10184,Customer 137,Consumer,United States,Michigan,Michigan,22572,Central,OFF-STO-2653,Office Supplies,Storage,Storage model 108,40.01,2,0.2,9.57
1325,US-2021-101325,01/10/2021,01/17/2021,Second Class,CU-10162,Customer 494,Home Office,United States,Massachusetts,Massachusetts,65871,East,TEC-ACC-5535,Technology,Accessories,Accessories model 96,6501.48,7,0.0,2718.5
1326,US-2024-101326,03/20/2024,03/24/2024,Standard Class,CU-10002,Customer 767,Consumer,United States,California,California,68704,West,OFF-STO-7586,Office Supplies,Storage,Storage model 38,117.89,1,0.0,46.43
1327,US-2024-101327,10/10/2024,10/13/2024,Standard Class,CU-10022,Customer 763,Corporate,United States,Oregon,Oregon,60521,West,OFF-LAB-6716,Office Supplies,Labels,Labels model 203,840.47,6,0.0,82.49
1328,US-2023-101328,10/08/2023,10/10/2023,Standard Class,CU-10795,Customer 608,Consumer,United States,Pennsylvania,Pennsylvania,12324,East,OFF-STO-2165,Office Supplies,Storage,Storage model 80,31.52,5,0.1,6.55
1329,US-2021-101329,05/10/2021,05/17/2021,Standard Class,CU-10729,Customer 588,Consumer,United States,Georgia,Georgia,27570,South,OFF-STO-9142,Office Supplies,Storage,Storage model 272,1014.71,8,0.4,270.85
1330,US-2021-101330,06/20/2021,06/22/2021,Standard Class,CU-10307,Customer 646,Corporate,United States,New Jersey,New Jersey,59230,East,OFF-LAB-2654,Office Supplies,Labels,Labels model 253,59.97,9,0.5,-16.38
1331,US-2022-101331,02/19/2022,02/22/2022,Second Class,CU-10258,Customer 380,Home Office,United States,North Carolina,North Carolina,66280,South,FUR-BOO-8175,Furniture,Bookcases,Bookcases model 45,861.69,4,0.3,152.75
1332,US-2021-101332,10/04/2021,10/09/2021,Standard Class,CU-10000,Customer 513,Consumer,United States,Oregon,Oregon,59414,West,OFF-PAP-4463,Office Supplies,Paper,Paper model 160,100.13,1,0.0,18.15
1333,US-2024-101333,08/13/2024,08/18/2024,Standard Class,CU-10422,Customer 427,Home Office,United States,New York,New York,79511,East,TEC-ACC-1997,Technology,Accessories,Accessories model 14,13656.95,8,0.0,5327.83
1334,US-2023-101334,10/22/2023,10/24/2023,First Class,CU-10376,Customer 84,Consumer,United States,Ohio,Ohio,81452,Central,OFF-BIN-7386,Office Supplies,Binders,Binders model 221,330.55,3,0.1,83.13
1335,US-2024-101335,06/15/2024,06/22/2024,Same Day,CU-10642,Customer 255,Home Office,United States,Pennsylvania,Pennsylvania,59085,East,OFF-LAB-5347,Office Supplies,Labels,Labels model 105,33.85,3,0.15,-3.09
1336,US-2023-101336,04/18/2023,04/25/2023,Standard Class,CU-10003,Customer 760,Home Office,United States,Michigan,Michigan,32069,Central,OFF-BIN-1274,Office Supplies,Binders,Binders model 87,772.55,7,0.3,22.77
1337,US-2023-101337,08/08/2023,08/15/2023,Standard Class,CU-10583,Customer 44,Consumer,United States,New Jersey,New Jersey,20152,East,OFF-PAP-2901,Office Supplies,Paper,Paper model 234,1292.5,9,0.0,210.27
1338,US-2021-101338,12/30/2021,01/04/2022,Standard Class,CU-10252,Customer 577,Home Office,United States,California,California,38433,West,OFF-STO-5431,Office Supplies,Storage,Storage model 55,1168.97,9,0.1,113.09
1339,US-2024-101339,12/25/2024,12/27/2024,Standard Class,CU-10669,Customer 523,Home Office,United States,Texas,Texas,65931,Central,OFF-BIN-8909,Office Supplies,Binders,Binders model 210,548.8,9,0.3,90.08
1340,US-2022-101340,06/08/2022,06/11/2022,Standard Class,CU-10454,Customer 256,Corporate,United States,Alabama,Alabama,92926,South,OFF-STO-8418,Office Supplies,Storage,Storage model 220,138.79,3,0.4,-14.41
1341,US-2024-101341,12/25/2024,12/31/2024,Standard Class,CU-10200,Customer 164,Home Office,United States,Michigan,Michigan,80315,Central,FUR-TAB-4111,Furniture,Tables,Tables model 64,3347.59,4,0.1,399.94
1342,US-2023-101342,06/11/2023,06/16/2023,Standard Class,CU-10376,Customer 795,Corporate,United States,Alabama,Alabama,16378,South,OFF-PAP-8327,Office Supplies,Paper,Paper model 48,754.19,7,0.15,359.83
1343,US-2022-101343,01/08/2022,01/12/2022,Standard Class,CU-10201,Customer 355,Corporate,United States,New Jersey,New Jersey,55861,East,FUR-FUR-5227,Furniture,Furnishings,Furnishings model 79,1983.32,4,0.2,49.18
1344,US-2021-101344,04/03/2021,04/05/2021,Second Class,CU-10364,Customer 3,Consumer,United States,Nevada,Nevada,31652,West,FUR-FUR-2835,Furniture,Furnishings,Furnishings model 235,6947.78,8,0.0,1393.64
1345,US-2022-101345,09/06/2022,09/11/2022,Standard Class,CU-10277,Customer 633,Home Office,United States,Texas,Texas,65941,Central,FUR-FUR-6410,Furniture,Furnishings,Furnishings model 130,3409.88,6,0.0,416.02
1346,US-2024-101346,03/08/2024,03/15/2024,Standard Class,CU-10336,Customer 121,Home Office,United States,Ohio,Ohio,78461,Central,TEC-MAC-3578,Technology,Machines,Machines model 214,4137.38,3,0.0,1700.98
1347,US-2024-101347,06/05/2024,06/12/2024,Second Class,CU-10142,Customer 422,Corporate,United States,Texas,Texas,58784,Central,OFF-STO-2290,Office Supplies,Storage,Storage model 48,55.51,1,0.0,4.13
1348,US-2024-101348,04/06/2024,04/09/2024,Standard Class,CU-10089,Customer 547,Corporate,United States,Washington,Washington,82911,West,OFF-BIN-1826,Office Supplies,Binders,Binders model 263,664.16,5,0.0,139.73
1349,US-2024-101349,02/14/2024,02/16/2024,Second Class,CU-10399,Customer 610,Consumer,United States,Michigan,Michigan,62991,Central,OFF-ART-1162,Office Supplies,Art,Art model 159,102.47,1,0.0,32.71
1350,US-2021-101350,12/28/2021,12/31/2021,First Class,CU-10154,Customer 664,Home Office,United States,Alabama,Alabama,16297,South,OFF-BIN-5962,Office Supplies,Binders,Binders model 170,63.55,1,0.0,-13.21
1351,US-2021-101351,04/20/2021,04/21/2021,Standard Class,CU-10445,Customer 790,Corporate,United States,New York,New York,59020,East,OFF-ART-6895,Office Supplies,Art,Art model 71,287.62,6,0.4,-5.99
1352,US-2023-101352,01/25/2023,01/29/2023,Standard Class,CU-10673,Customer 303,Consumer,United States,California,California,64472,West,FUR-BOO-3638,Furniture,Bookcases,Bookcases model 105,157.74,1,0.0,8.94
1353,US-2024-101353,01/14/2024,01/21/2024,Second Class,CU-10163,Customer 511,Consumer,United States,Oregon,Oregon,47136,West,OFF-LAB-8542,Office Supplies,Labels,Labels model 267,31.46,1,0.15,12.5
1354,US-2024-101354,06/14/2024,06/20/2024,Same Day,CU-10143,Customer 43,Consumer,United States,Massachusetts,Massachusetts,88420,East,OFF-ART-7096,Office Supplies,Art,Art model 224,749.68,5,0.0,98.69
1355,US-2023-101355,10/26/2023,10/28/2023,Second Class,CU-10146,Customer 445,Consumer,United States,Nevada,Nevada,17940,West,TEC-ACC-3520,Technology,Accessories,Accessories model 254,4646.98,6,0.2,763.49
1356,US-2022-101356,12/21/2022,12/24/2022,Standard Class,CU-10214,Customer 624,Corporate,United States,New York,New York,30084,East,OFF-ART-2603,Office Supplies,Art,Art model 102,56.24,1,0.0,-1.48
1357,US-2022-101357,10/03/2022,10/08/2022,Standard Class,CU-10385,Customer 611,Consumer,United States,Georgia,Georgia,67054,South,OFF-STO-2297,Office Supplies,Storage,Storage model 153,174.16,4,0.0,45.66
1358,US-2021-101358,10/11/2021,10/18/2021,Standard Class,CU-10483,Customer 276,Corporate,United States,Massachusetts,Massachusetts,11751,East,OFF-STO-2153,Office Supplies,Storage,Storage model 293,242.59,6,0.2,40.09
1359,US-2021-101359,04/25/2021,04/28/2021,Standard Class,CU-10635,Customer 48,Home Office,United States,North Carolina,North Carolina,83930,South,TEC-MAC-9610,Technology,Machines,Machines model 121,2485.77,2,0.4,364.2
1360,US-2022-101360,10/02/2022,10/08/2022,Standard Class,CU-10762,Customer 38,Consumer,United States,Michigan,Michigan,60649,Central,TEC-PHO-8727,Technology,Phones,Phones model 67,1831.06,2,0.15,-45.74
1361,US-2024-101361,10/17/2024,10/22/2024,Standard Class,CU-10243,Customer 365,Home Office,United States,Georgia,Georgia,46127,South,FUR-TAB-4523,Furniture,Tables,Tables model 24,1484.0,6,0.4,433.96
1362,US-2022-101362,11/14/2022,11/21/2022,Standard Class,CU-10097,Customer 447,Corporate,United States,Massachusetts,Massachusetts,89676,East,TEC-PHO-8361,Technology,Phones,Phones model 136,2021.54,2,0.0,663.26
1363,US-2023-101363,02/11/2023,02/15/2023,Second Class,CU-10322,Customer 399,Corporate,United States,New Jersey,New Jersey,42790,East,OFF-LAB-5310,Office Supplies,Labels,Labels model 266,163.63,3,0.0,11.54
1364,US-2021-101364,03/16/2021,03/20/2021,Standard Class,CU-10746,Customer 559,Consumer,United States,Florida,Florida,59527,South,OFF-BIN-8863,Office Supplies,Binders,Binders model 272,95.68,4,0.1,4.46
1365,US-2024-101365,06/28/2024,07/04/2024,First Class,CU-10215,Customer 644,Corporate,United States,Illinois,Illinois,33954,Central,OFF-ART-2455,Office Supplies,Art,Art model 292,48.54,1,0.0,14.18
1366,US-2023-101366,11/19/2023,11/21/2023,Second Class,CU-10666,Customer 516,Home Office,United States,Illinois,Illinois,56108,Central,OFF-PAP-2981,Office Supplies,Paper,Paper model 281,658.31,5,0.0,104.17
1367,US-2022-101367,06/22/2022,06/27/2022,First Class,CU-10661,Customer 93,Home Office,United States,Washington,Washington,29119,West,OFF-BIN-7216,Office Supplies,Binders,Binders model 234,571.38,6,0.5,-53.89
1368,US-2023-101368,07/19/2023,07/23/2023,Second Class,CU-10667,Customer 714,Corporate,United States,Ohio,Ohio,27683,Central,OFF-LAB-6050,Office Supplies,Labels,Labels model 122,553.4,6,0.1,-35.78
1369,US-2021-101369,11/12/2021,11/14/2021,Standard Class,CU-10351,Customer 54,Consumer,United States,Nevada,Nevada,66627,West,TEC-ACC-9808,Technology,Accessories,Accessories model 249,1257.33,1,0.0,288.49
1370,US-2023-101370,03/31/2023,04/06/2023,First Class,CU-10059,Customer 442,Corporate,United States,Texas,Texas,16960,Central,OFF-STO-5340,Office Supplies,Storage,Storage model 28,223.52,2,0.2,-4.06
1371,US-2023-101371,08/12/2023,08/14/2023,Second Class,CU-10180,Customer 209,Home Office,United States,North Carolina,North Carolina,89155,South,OFF-STO-7378,Office Supplies,Storage,Storage model 245,316.24,7,0.15,-52.4
1372,US-2024-101372,11/04/2024,11/09/2024,Standard Class,CU-10232,Customer 500,Consumer,United States,New York,New York,64348,East,TEC-ACC-2628,Technology,Accessories,Accessories model 31,7679.8,6,0.3,117.94
1373,US-2022-101373,12/27/2022,12/29/2022,Standard Class,CU-10385,Customer 388,Consumer,United States,Texas,Texas,82296,Central,TEC-PHO-5882,Technology,Phones,Phones model 210,5024.48,5,0.0,828.05
1374,US-2022-101374,10/08/2022,10/11/2022,Second Class,CU-10770,Customer 143,Consumer,United States,Ohio,Ohio,48676,Central,FUR-CHA-8364,Furniture,Chairs,Chairs model 148,1634.54,8,0.4,-71.37
1375,US-2023-101375,07/16/2023,07/22/2023,Second Class,CU-10004,Customer 585,Corporate,United States,Georgia,Georgia,32840,South,FUR-FUR-1554,Furniture,Furnishings,Furnishings model 297,4113.6,8,0.4,64.22
1376,US-2021-101376,12/17/2021,12/20/2021,Same Day,CU-10474,Customer 734,Consumer,United States,Pennsylvania,Pennsylvania,47414,East,OFF-STO-3030,Office Supplies,Storage,Storage model 116,35.02,1,0.4,-7.72
1377,US-2021-101377,10/10/2021,10/13/2021,Second Class,CU-10325,Customer 498,Consumer,United States,Nevada,Nevada,45178,West,OFF-ART-6516,Office Supplies,Art,Art model 230,563.29,4,0.1,-14.43
1378,US-2023-101378,03/26/2023,03/28/2023,Same Day,CU-10579,Customer 605,Consumer,United States,North Carolina,North Carolina,77763,South,FUR-BOO-9914,Furniture,Bookcases,Bookcases model 27,2262.71,3,0.0,417.83
1379,US-2022-101379,03/12/2022,03/17/2022,First Class,CU-10750,Customer 746,Corporate,United States,Pennsylvania,Pennsylvania,48794,East,OFF-LAB-9960,Office Supplies,Labels,Labels model 227,738.82,9,0.4,-11.26
1380,US-2022-101380,11/09/2022,11/10/2022,Second Class,CU-10647,Customer 533,Consumer,United States,Alabama,Alabama,97891,South,OFF-STO-4313,Office Supplies,Storage,Storage model 262,75.93,2,0.4,4.26
1381,US-2024-101381,09/15/2024,09/22/2024,First Class,CU-10608,Customer 694,Corporate,United States,Texas,Texas,10211,Central,OFF-LAB-8560,Office Supplies,Labels,Labels model 63,209.47,4,0.0,-4.07
1382,US-2021-101382,12/05/2021,12/06/2021,Same Day,CU-10510,Customer 620,Consumer,United States,Michigan,Michigan,42434,Central,FUR-CHA-7899,Furniture,Chairs,Chairs model 259,1111.26,2,0.0,30.28
1383,US-2022-101383,01/06/2022,01/07/2022,Standard Class,CU-10094,Customer 386,Corporate,United States,Ohio,Ohio,92675,Central,OFF-LAB-4488,Office Supplies,Labels,Labels model 120,781.1,6,0.0,75.88
1384,US-2023-101384,05/25/2023,05/31/2023,Standard Class,CU-10159,Customer 102,Home Office,United States,Oregon,Oregon,69923,West,TEC-ACC-7717,Technology,Accessories,Accessories model 82,6417.71,4,0.15,1377.43
1385,US-2022-101385,10/29/2022,11/01/2022,First Class,CU-10000,Customer 529,Corporate,United States,Ohio,Ohio,60881,Central,TEC-PHO-4279,Technology,Phones,Phones model 82,12224.37,8,0.1,3544.25
1386,US-2024-101386,09/28/2024,10/02/2024,Standard Class,CU-10499,Customer 23,Corporate,United States,Ohio,Ohio,26710,Central,FUR-BOO-3291,Furniture,Bookcases,Bookcases model 24,823.34,2,0.5,-63.17
1387,US-2021-101387,10/14/2021,10/20/2021,Standard Class,CU-10005,Customer 681,Corporate,United States,Georgia,Georgia,93355,South,TEC-COP-5133,Technology,Copiers,Copiers model 79,11323.01,9,0.2,2257.16
1388,US-2021-101388,02/26/2021,03/01/2021,First Class,CU-10362,Customer 592,Corporate,United States,North Carolina,North Carolina,64022,South,OFF-LAB-7873,Office Supplies,Labels,Labels model 288,343.48,5,0.0,90.65
1389,US-2022-101389,02/27/2022,03/01/2022,Standard Class,CU-10708,Customer 93,Consumer,United States,Michigan,Michigan,46754,Central,FUR-FUR-5650,Furniture,Furnishings,Furnishings model 38,1165.75,3,0.15,-39.21
1390,US-2021-101390,04/10/2021,04/13/2021,Standard Class,CU-10306,Customer 476,Consumer,United States,Texas,Texas,50303,Central,TEC-ACC-7064,Technology,Accessories,Accessories model 179,734.89,1,0.0,163.0
1391,US-2022-101391,08/19/2022,08/24/2022,Second Class,CU-10279,Customer 571,Corporate,United States,Ohio,Ohio,72282,Central,TEC-ACC-8228,Technology,Accessories,Accessories model 96,5017.06,9,0.0,2293.09
1392,US-2023-101392,10/06/2023,10/10/2023,Standard Class,CU-10241,Customer 41,Consumer,United States,New Jersey,New Jersey,42095,East,OFF-PAP-7154,Office Supplies,Paper,Paper model 289,702.11,5,0.15,74.35
1393,US-2023-101393,08/16/2023,08/20/2023,Standard Class,CU-10254,Customer 231,Corporate,United States,Texas,Texas,82599,Central,TEC-MAC-9615,Technology,Machines,Machines model 254,6907.25,4,0.0,507.64
1394,US-2024-101394,10/26/2024,10/27/2024,Same Day,CU-10041,Customer 282,Consumer,United States,Massachusetts,Massachusetts,46051,East,OFF-LAB-7663,Office Supplies,Labels,Labels model 235,433.07,6,0.2,147.82
1395,US-2022-101395,05/18/2022,05/20/2022,Second Class,CU-10012,Customer 482,Corporate,United States,New Jersey,New Jersey,93650,East,TEC-COP-8086,Technology,Copiers,Copiers model 274,11112.18,8,0.2,426.45
1396,US-2024-101396,01/26/2024,01/30/2024,Second Class,CU-10667,Customer 366,Corporate,United States,Pennsylvania,Pennsylvania,22582,East,FUR-BOO-5630,Furniture,Bookcases,Bookcases model 109,5231.49,7,0.1,1114.51
1397,US-2024-101397,10/19/2024,10/26/2024,Standard Class,CU-10080,Customer 772,Consumer,United States,New Jersey,New Jersey,85451,East,TEC-ACC-9332,Technology,Accessories,Accessories model 31,5149.0,9,0.1,370.01
1398,US-2024-101398,11/22/2024,11/23/2024,Standard Class,CU-10010,Customer 450,Corporate,United States,Nevada,Nevada,78965,West,OFF-PAP-6263,Office Supplies,Paper,Paper model 62,882.89,7,0.0,190.97
1399,US-2022-101399,01/31/2022,02/05/2022,First Class,CU-10131,Customer 76,Corporate,United States,Texas,Texas,51653,Central,TEC-COP-2658,Technology,Copiers,Copiers model 238,3484.32,3,0.2,417.95
1400,US-2021-101400,10/07/2021,10/13/2021,Second Class,CU-10063,Customer 516,Home Office,United States,Florida,Florida,67714,South,FUR-CHA-8851,Furniture,Chairs,Chairs model 105,2578.83,8,0.15,-525.84
1401,US-2021-101401,11/13/2021,11/17/2021,Standard Class,CU-10371,Customer 552,Corporate,United States,Florida,Florida,33582,South,FUR-CHA-7412,Furniture,Chairs,Chairs model 55,1542.62,8,0.15,316.52
1402,US-2021-101402,04/29/2021,05/02/2021,Second Class,CU-10392,Customer 363,Home Office,United States,New Jersey,New Jersey,51415,East,TEC-PHO-3388,Technology,Phones,Phones model 135,7735.97,6,0.15,1081.05
1403,US-2022-101403,06/08/2022,06/10/2022,Standard Class,CU-10543,Customer 199,Home Office,United States,Michigan,Michigan,39020,Central,OFF-PAP-3313,Office Supplies,Paper,Paper model 215,432.5,3,0.1,158.95
1404,US-2022-101404,08/21/2022,08/24/2022,Standard Class,CU-10752,Customer 685,Corporate,United States,Florida,Florida,87838,South,FUR-CHA-4290,Furniture,Chairs,Chairs model 146,1447.6,4,0.1,-49.51
1405,US-2022-101405,12/04/2022,12/11/2022,Standard Class,CU-10749,Customer 200,Consumer,United States,Pennsylvania,Pennsylvania,28504,East,OFF-LAB-6771,Office Supplies,Labels,Labels model 150,435.1,8,0.0,160.29
1406,US-2021-101406,11/03/2021,11/05/2021,Standard Class,CU-10332,Customer 352,Home Office,United States,Oregon,Oregon,72320,West,OFF-ART-5008,Office Supplies,Art,Art model 7,388.21,9,0.15,-31.0
1407,US-2021-101407,03/11/2021,03/18/2021,Standard Class,CU-10479,Customer 466,Home Office,United States,Massachusetts,Massachusetts,35003,East,FUR-CHA-1659,Furniture,Chairs,Chairs model 100,4978.88,7,0.15,956.15
1408,US-2022-101408,01/07/2022,01/14/2022,Standard Class,CU-10207,Customer 25,Home Office,United States,New York,New York,77026,East,OFF-ART-9182,Office Supplies,Art,Art model 58,185.38,4,0.2,-10.41
1409,US-2024-101409,03/11/2024,03/16/2024,Standard Class,CU-10588,Customer 725,Corporate,United States,Michigan,Michigan,38689,Central,OFF-ART-4670,Office Supplies,Art,Art model 2,146.55,3,0.2,29.53
1410,US-2022-101410,02/05/2022,02/06/2022,Same Day,CU-10482,Customer 294,Home Office,United States,California,California,56979,West,FUR-BOO-3758,Furniture,Bookcases,Bookcases model 11,2258.55,4,0.0,391.39
1411,US-2022-101411,07/23/2022,07/30/2022,First Class,CU-10340,Customer 512,Consumer,United States,Washington,Washington,22506,West,OFF-ART-2076,Office Supplies,Art,Art model 24,485.28,6,0.1,1.19
1412,US-2023-101412,01/05/2023,01/07/2023,First Class,CU-10760,Customer 625,Consumer,United States,Pennsylvania,Pennsylvania,41599,East,OFF-ART-9621,Office Supplies,Art,Art model 251,729.65,6,0.0,162.95
1413,US-2023-101413,08/23/2023,08/27/2023,Standard Class,CU-10595,Customer 740,Home Office,United States,Washington,Washington,50869,West,TEC-MAC-8803,Technology,Machines,Machines model 31,1370.58,8,0.0,675.52
1414,US-2023-101414,06/26/2023,07/03/2023,Standard Class,CU-10013,Customer 133,Home Office,United States,Oregon,Oregon,92559,West,OFF-LAB-3496,Office Supplies,Labels,Labels model 9,148.03,2,0.15,7.42
1415,US-2021-101415,11/18/2021,11/19/2021,Standard Class,CU-10749,Customer 446,Corporate,United States,Oregon,Oregon,63026,West,OFF-PAP-8795,Office Supplies,Paper,Paper model 257,536.89,7,0.15,-39.59
1416,US-2021-101416,02/24/2021,02/26/2021,Standard Class,CU-10132,Customer 156,Consumer,United States,North Carolina,North Carolina,54108,South,TEC-PHO-9659,Technology,Phones,Phones model 21,1685.69,7,0.15,438.86
1417,US-2023-101417,01/31/2023,02/07/2023,First Class,CU-10507,Customer 602,Consumer,United States,Washington,Washington,56815,West,FUR-CHA-1685,Furniture,Chairs,Chairs model 82,2882.41,4,0.2,-0.92
1418,US-2022-101418,10/12/2022,10/18/2022,Second Class,CU-10387,Customer 227,Corporate,United States,Illinois,Illinois,86474,Central,OFF-PAP-3412,Office Supplies,Paper,Paper model 153,34.29,2,0.1,-1.76
1419,US-2021-101419,02/10/2021,02/14/2021,Second Class,CU-10575,Customer 6,Corporate,United States,Oregon,Oregon,41442,West,TEC-PHO-1087,Technology,Phones,Phones model 262,4852.09,7,0.1,1752.52
1420,US-2024-101420,03/27/2024,03/30/2024,Second Class,CU-10716,Customer 455,Home Office,United States,Texas,Texas,91850,Central,FUR-TAB-3422,Furniture,Tables,Tables model 167,285.66,5,0.15,103.46
1421,US-2021-101421,07/27/2021,07/28/2021,Standard Class,CU-10532,Customer 391,Consumer,United States,Washington,Washington,55764,West,OFF-ART-1681,Office Supplies,Art,Art model 296,884.86,8,0.1,309.36
1422,US-2022-101422,07/12/2022,07/17/2022,Standard Class,CU-10773,Customer 171,Corporate,United States,Texas,Texas,59112,Central,OFF-PAP-1052,Office Supplies,Paper,Paper model 121,50.4,1,0.0,14.83
1423,US-2022-101423,02/02/2022,02/03/2022,Standard Class,CU-10772,Customer 645,Consumer,United States,California,California,82799,West,OFF-PAP-7384,Office Supplies,Paper,Paper model 200,17.27,1,0.0,1.91
1424,US-2023-101424,11/24/2023,11/30/2023,Second Class,CU-10432,Customer 125,Home Office,United States,New York,New York,70761,East,OFF-ART-2526,Office Supplies,Art,Art model 101,829.06,9,0.2,161.69
1425,US-2023-101425,11/13/2023,11/19/2023,Standard Class,CU-10501,Customer 194,Home Office,United States,Texas,Texas,10568,Central,TEC-ACC-2438,Technology,Accessories,Accessories model 181,8019.72,6,0.1,2781.91
1426,US-2022-101426,04/18/2022,04/24/2022,Standard Class,CU-10389,Customer 239,Home Office,United States,North Carolina,North Carolina,68369,South,OFF-ART-9528,Office Supplies,Art,Art model 26,536.38,6,0.15,106.51
1427,US-2022-101427,07/26/2022,08/01/2022,Standard Class,CU-10184,Customer 123,Corporate,United States,Ohio,Ohio,10452,Central,OFF-PAP-4580,Office Supplies,Paper,Paper model 98,131.94,2,0.0,31.44
1428,US-2022-101428,12/07/2022,12/08/2022,Standard Class,CU-10056,Customer 190,Home Office,United States,Washington,Washington,25155,West,OFF-STO-8217,Office Supplies,Storage,Storage model 199,148.13,3,0.1,36.78
1429,US-2023-101429,02/21/2023,02/27/2023,Standard Class,CU-10781,Customer 622,Corporate,United States,Washington,Washington,39299,West,TEC-PHO-4076,Technology,Phones,Phones model 3,1222.16,1,0.1,128.74
1430,US-2021-101430,10/02/2021,10/04/2021,Standard Class,CU-10652,Customer 249,Home Office,United States,Oregon,Oregon,26508,West,TEC-ACC-6135,Technology,Accessories,Accessories model 241,3812.93,5,0.0,502.88
1431,US-2021-101431,07/16/2021,07/17/2021,Standard Class,CU-10704,Customer 576,Corporate,United States,Florida,Florida,16510,South,OFF-ART-7988,Office Supplies,Art,Art model 211,230.02,2,0.15,3.51
1432,US-2021-101432,10/02/2021,10/05/2021,Standard Class,CU-10714,Customer 732,Consumer,United States,Illinois,Illinois,89389,Central,OFF-ART-6388,Office Supplies,Art,Art model 183,243.67,8,0.2,-3.9
1433,US-2021-101433,12/11/2021,12/15/2021,Standard Class,CU-10461,Customer 679,Consumer,United States,Ohio,Ohio,88344,Central,OFF-BIN-3526,Office Supplies,Binders,Binders model 180,161.22,2,0.1,22.8
1434,US-2021-101434,04/07/2021,04/09/2021,Second Class,CU-10513,Customer 799,Home Office,United States,New Jersey,New Jersey,94328,East,OFF-LAB-8505,Office Supplies,Labels,Labels model 201,67.33,8,0.0,6.91
1435,US-2023-101435,09/18/2023,09/20/2023,Second Class,CU-10066,Customer 591,Consumer,United States,Florida,Florida,52443,South,TEC-ACC-5566,Technology,Accessories,Accessories model 146,1456.77,9,0.0,1.25
1436,US-2023-101436,08/01/2023,08/04/2023,Standard Class,CU-10334,Customer 97,Home Office,United States,Ohio,Ohio,59203,Central,OFF-PAP-7466,Office Supplies,Paper,Paper model 69,846.95,8,0.0,312.91
1437,US-2022-101437,12/27/2022,12/31/2022,Standard Class,CU-10032,Customer 203,Home Office,United States,Nevada,Nevada,24387,West,OFF-ART-3016,Office Supplies,Art,Art model 281,177.28,2,0.1,42.8
1438,US-2022-101438,02/26/2022,02/27/2022,Standard Class,CU-10561,Customer 138,Corporate,United States,Nevada,Nevada,90296,West,TEC-COP-8752,Technology,Copiers,Copiers model 276,2647.1,3,0.15,278.69
1439,US-2021-101439,12/24/2021,12/29/2021,Standard Class,CU-10257,Customer 354,Corporate,United States,Alabama,Alabama,92068,South,OFF-BIN-2720,Office Supplies,Binders,Binders model 123,224.32,2,0.1,4.69
1440,US-2024-101440,05/07/2024,05/10/2024,Standard Class,CU-10677,Customer 384,Consumer,United States,Illinois,Illinois,33391,Central,OFF-BIN-3022,Office Supplies,Binders,Binders model 68,15.62,2,0.15,3.9
1441,US-2021-101441,01/02/2021,01/05/2021,Standard Class,CU-10341,Customer 702,Corporate,United States,New Jersey,New Jersey,48921,East,OFF-BIN-3125,Office Supplies,Binders,Binders model 71,306.39,9,0.15,130.25
1442,US-2024-101442,10/21/2024,10/23/2024,Standard Class,CU-10218,Customer 674,Corporate,United States,North Carolina,North Carolina,36667,South,OFF-STO-7499,Office Supplies,Storage,Storage model 47,406.1,9,0.4,48.93
1443,US-2023-101443,02/12/2023,02/18/2023,Standard Class,CU-10392,Customer 652,Corporate,United States,Oregon,Oregon,41807,West,TEC-PHO-2997,Technology,Phones,Phones model 280,1789.28,1,0.0,-146.89
1444,US-2021-101444,11/28/2021,11/30/2021,Standard Class,CU-10284,Customer 378,Consumer,United States,Georgia,Georgia,78082,South,FUR-BOO-7212,Furniture,Bookcases,Bookcases model 227,3672.43,9,0.0,242.29
1445,US-2023-101445,03/20/2023,03/27/2023,First Class,CU-10575,Customer 64,Consumer,United States,Nevada,Nevada,57147,West,OFF-BIN-9395,Office Supplies,Binders,Binders model 59,752.2,8,0.0,144.92
1446,US-2021-101446,08/28/2021,09/02/2021,Second Class,CU-10346,Customer 23,Home Office,United States,Michigan,Michigan,16202,Central,OFF-STO-1057,Office Supplies,Storage,Storage model 155,1045.73,9,0.1,-11.3
1447,US-2024-101447,08/23/2024,08/26/2024,Same Day,CU-10333,Customer 108,Home Office,United States,California,California,19023,West,OFF-STO-2093,Office Supplies,Storage,Storage model 89,399.41,9,0.3,45.11
1448,US-2023-101448,12/19/2023,12/25/2023,Standard Class,CU-10396,Customer 191,Consumer,United States,Georgia,Georgia,93383,South,OFF-ART-9957,Office Supplies,Art,Art model 256,271.25,2,0.2,111.3
1449,US-2023-101449,07/25/2023,07/30/2023,Standard Class,CU-10085,Customer 252,Consumer,United States,Nevada,Nevada,58921,West,FUR-BOO-2049,Furniture,Bookcases,Bookcases model 17,137.54,1,0.2,32.27
1450,US-2021-101450,05/14/2021,05/17/2021,Standard Class,CU-10497,Customer 201,Consumer,United States,New York,New York,71763,East,OFF-STO-4966,Office Supplies,Storage,Storage model 235,84.7,1,0.2,-15.93
1451,US-2022-101451,05/28/2022,05/29/2022,Second Class,CU-10721,Customer 598,Corporate,United States,Texas,Texas,32652,Central,TEC-ACC-8736,Technology,Accessories,Accessories model 87,2764.82,2,0.5,-349.97
1452,US-2023-101452,11/24/2023,11/25/2023,Second Class,CU-10174,Customer 87,Consumer,United States,Alabama,Alabama,78452,South,TEC-MAC-3753,Technology,Machines,Machines model 41,1748.1,8,0.0,-271.44
1453,US-2024-101453,11/24/2024,11/28/2024,First Class,CU-10742,Customer 35,Home Office,United States,Pennsylvania,Pennsylvania,64336,East,FUR-TAB-3235,Furniture,Tables,Tables model 225,239.98,2,0.0,69.16
1454,US-2021-101454,06/25/2021,06/30/2021,Same Day,CU-10601,Customer 235,Consumer,United States,Pennsylvania,Pennsylvania,44695,East,OFF-LAB-8161,Office Supplies,Labels,Labels model 36,661.65,7,0.3,43.49
1455,US-2024-101455,08/31/2024,09/06/2024,First Class,CU-10545,Customer 576,Corporate,United States,Washington,Washington,13237,West,OFF-STO-8676,Office Supplies,Storage,Storage model 203,680.87,9,0.3,26.62
1456,US-2023-101456,03/28/2023,04/02/2023,Same Day,CU-10274,Customer 750,Consumer,United States,Massachusetts,Massachusetts,78292,East,FUR-CHA-8277,Furniture,Chairs,Chairs model 164,895.21,5,0.0,-54.29
1457,US-2023-101457,12/01/2023,12/03/2023,Standard Class,CU-10066,Customer 118,Consumer,United States,North Carolina,North Carolina,73506,South,OFF-BIN-4118,Office Supplies,Binders,Binders model 125,464.79,5,0.0,53.37
1458,US-2022-101458,01/22/2022,01/28/2022,Standard Class,CU-10380,Customer 261,Corporate,United States,Oregon,Oregon,64254,West,FUR-BOO-7929,Furniture,Bookcases,Bookcases model 243,995.5,9,0.0,101.63
1459,US-2023-101459,10/21/2023,10/25/2023,Standard Class,CU-10524,Customer 496,Home Office,United States,Georgia,Georgia,79342,South,OFF-LAB-5688,Office Supplies,Labels,Labels model 276,5.86,1,0.4,-0.07
1460,US-2024-101460,08/01/2024,08/02/2024,Standard Class,CU-10536,Customer 5,Corporate,United States,North Carolina,North Carolina,26345,South,OFF-BIN-9690,Office Supplies,Binders,Binders model 67,189.92,2,0.1,89.07
1461,US-2023-101461,05/19/2023,05/23/2023,Second Class,CU-10667,Customer 314,Consumer,United States,Massachusetts,Massachusetts,78327,East,OFF-STO-9986,Office Supplies,Storage,Storage model 214,92.66,5,0.0,32.92
1462,US-2023-101462,06/26/2023,06/28/2023,Standard Class,CU-10081,Customer 352,Consumer,United States,Nevada,Nevada,35792,West,OFF-LAB-3139,Office Supplies,Labels,Labels model 252,467.04,4,0.0,-2.93
1463,US-2024-101463,05/13/2024,05/18/2024,Standard Class,CU-10338,Customer 72,Consumer,United States,Oregon,Oregon,39885,West,OFF-PAP-7314,Office Supplies,Paper,Paper model 102,841.66,9,0.0,171.23
1464,US-2021-101464,07/18/2021,07/22/2021,Standard Class,CU-10794,Customer 779,Corporate,United States,Georgia,Georgia,54502,South,TEC-MAC-7384,Technology,Machines,Machines model 282,8664.91,9,0.2,1116.53
1465,US-2022-101465,03/17/2022,03/18/2022,Second Class,CU-10349,Customer 257,Home Office,United States,Massachusetts,Massachusetts,30658,East,FUR-FUR-1051,Furniture,Furnishings,Furnishings model 252,3858.23,6,0.15,-365.74
1466,US-2022-101466,02/10/2022,02/13/2022,Standard Class,CU-10351,Customer 433,Corporate,United States,Washington,Washington,52168,West,OFF-STO-1494,Office Supplies,Storage,Storage model 146,635.51,8,0.2,114.45
1467,US-2021-101467,01/19/2021,01/22/2021,First Class,CU-10497,Customer 172,Home Office,United States,Florida,Florida,28462,South,FUR-CHA-5197,Furniture,Chairs,Chairs model 36,2893.47,5,0.15,543.73
1468,US-2022-101468,12/26/2022,12/27/2022,Standard Class,CU-10057,Customer 209,Consumer,United States,Pennsylvania,Pennsylvania,98533,East,OFF-ART-4501,Office Supplies,Art,Art model 5,192.24,4,0.0,1.19
1469,US-2024-101469,11/25/2024,11/27/2024,Standard Class,CU-10210,Customer 554,Consumer,United States,Florida,Florida,81316,South,FUR-FUR-5326,Furniture,Furnishings,Furnishings model 259,3623.35,6,0.2,249.48
1470,US-2021-101470,11/21/2021,11/26/2021,First Class,CU-10754,Customer 777,Corporate,United States,Nevada,Nevada,42361,West,OFF-BIN-1857,Office Supplies,Binders,Binders model 48,541.54,5,0.3,100.65
1471,US-2023-101471,11/08/2023,11/13/2023,Standard Class,CU-10790,Customer 248,Consumer,United States,Illinois,Illinois,80441,Central,FUR-FUR-9084,Furniture,Furnishings,Furnishings model 85,7296.86,9,0.0,-29.92
1472,US-2021-101472,06/06/2021,06/12/2021,Standard Class,CU-10385,Customer 743,Home Office,United States,Florida,Florida,90926,South,OFF-ART-3823,Office Supplies,Art,Art model 70,73.92,1,0.2,8.27
1473,US-2022-101473,11/21/2022,11/23/2022,Same Day,CU-10475,Customer 732,Home Office,United States,New Jersey,New Jersey,80609,East,OFF-BIN-7883,Office Supplies,Binders,Binders model 193,188.42,6,0.3,7.71
1474,US-2024-101474,06/25/2024,06/28/2024,Standard Class,CU-10667,Customer 487,Consumer,United States,Michigan,Michigan,77308,Central,OFF-LAB-2309,Office Supplies,Labels,Labels model 159,142.19,2,0.15,-20.07
1475,US-2021-101475,08/02/2021,08/08/2021,Same Day,CU-10002,Customer 273,Consumer,United States,Illinois,Illinois,54961,Central,OFF-ART-5963,Office Supplies,Art,Art model 157,92.97,2,0.2,-11.47
1476,US-2023-101476,10/24/2023,10/31/2023,Standard Class,CU-10263,Customer 108,Corporate,United States,Massachusetts,Massachusetts,14354,East,OFF-LAB-5152,Office Supplies,Labels,Labels model 106,26.48,3,0.15,7.13
1477,US-2021-101477,03/13/2021,03/19/2021,Standard Class,CU-10455,Customer 593,Corporate,United States,Michigan,Michigan,66083,Central,OFF-BIN-9059,Office Supplies,Binders,Binders model 213,1095.67,8,0.15,-5.35
1478,US-2021-101478,11/24/2021,11/29/2021,Standard Class,CU-10093,Customer 101,Consumer,United States,Ohio,Ohio,61037,Central,TEC-ACC-6924,Technology,Accessories,Accessories model 117,3932.19,3,0.0,372.9
1479,US-2022-101479,10/21/2022,10/25/2022,Standard Class,CU-10743,Customer 438,Home Office,United States,Texas,Texas,92921,Central,OFF-BIN-1113,Office Supplies,Binders,Binders model 285,454.26,6,0.15,87.08
1480,US-2022-101480,10/19/2022,10/20/2022,Standard Class,CU-10061,Customer 178,Consumer,United States,Georgia,Georgia,58750,South,FUR-TAB-2275,Furniture,Tables,Tables model 174,4067.61,6,0.0,897.74
1481,US-2021-101481,01/09/2021,01/12/2021,Standard Class,CU-10190,Customer 652,Corporate,United States,Illinois,Illinois,86712,Central,OFF-STO-4793,Office Supplies,Storage,Storage model 178,104.94,1,0.0,21.14
1482,US-2023-101482,12/13/2023,12/15/2023,First Class,CU-10438,Customer 556,Corporate,United States,New York,New York,98200,East,OFF-BIN-7704,Office Supplies,Binders,Binders model 94,241.92,2,0.3,40.5
1483,US-2022-101483,05/01/2022,05/06/2022,Standard Class,CU-10070,Customer 702,Corporate,United States,New York,New York,24325,East,OFF-BIN-7576,Office Supplies,Binders,Binders model 181,1034.89,9,0.1,274.93
1484,US-2022-101484,12/02/2022,12/07/2022,Same Day,CU-10293,Customer 47,Home Office,United States,Illinois,Illinois,75527,Central,OFF-PAP-8531,Office Supplies,Paper,Paper model 193,5.86,1,0.0,0.01
1485,US-2023-101485,04/27/2023,04/29/2023,Standard Class,CU-10635,Customer 326,Consumer,United States,New Jersey,New Jersey,87907,East,TEC-MAC-6653,Technology,Machines,Machines model 194,5165.47,4,0.15,973.63
1486,US-2023-101486,01/08/2023,01/14/2023,Standard Class,CU-10648,Customer 277,Corporate,United States,Washington,Washington,30681,West,FUR-FUR-7089,Furniture,Furnishings,Furnishings model 13,1709.75,7,0.0,-179.53
1487,US-2023-101487,12/06/2023,12/13/2023,First Class,CU-10488,Customer 662,Consumer,United States,Alabama,Alabama,66502,South,TEC-ACC-3618,Technology,Accessories,Accessories model 181,3139.94,2,0.0,670.9
1488,US-2022-101488,10/25/2022,10/29/2022,First Class,CU-10387,Customer 65,Corporate,United States,Nevada,Nevada,47587,West,OFF-ART-7681,Office Supplies,Art,Art model 221,935.78,7,0.2,26.58
1489,US-2023-101489,09/30/2023,10/04/2023,Standard Class,CU-10242,Customer 1,Home Office,United States,New York,New York,73277,East,OFF-LAB-6206,Office Supplies,Labels,Labels model 126,332.66,7,0.1,85.39
1490,US-2023-101490,10/14/2023,10/19/2023,Standard Class,CU-10743,Customer 24,Consumer,United States,New York,New York,66384,East,OFF-LAB-6524,Office Supplies,Labels,Labels model 259,75.64,1,0.3,-13.73
1491,US-2021-101491,01/03/2021,01/07/2021,First Class,CU-10206,Customer 523,Corporate,United States,Ohio,Ohio,83112,Central,OFF-BIN-8332,Office Supplies,Binders,Binders model 274,296.21,4,0.0,23.64
1492,US-2024-101492,06/29/2024,07/05/2024,Standard Class,CU-10506,Customer 643,Consumer,United States,Ohio,Ohio,87429,Central,FUR-CHA-4069,Furniture,Chairs,Chairs model 228,2378.81,7,0.3,440.22
1493,US-2022-101493,06/05/2022,06/07/2022,Standard Class,CU-10023,Customer 66,Consumer,United States,Michigan,Michigan,32856,Central,FUR-TAB-3187,Furniture,Tables,Tables model 284,1629.15,9,0.0,118.15
1494,US-2023-101494,06/16/2023,06/22/2023,Standard Class,CU-10142,Customer 12,Consumer,United States,Massachusetts,Massachusetts,18542,East,FUR-FUR-8484,Furniture,Furnishings,Furnishings model 244,3758.22,8,0.4,-504.67
1495,US-2023-101495,12/11/2023,12/18/2023,Standard Class,CU-10194,Customer 334,Consumer,United States,Pennsylvania,Pennsylvania,16727,East,FUR-BOO-6943,Furniture,Bookcases,Bookcases model 69,3381.82,4,0.1,633.06
1496,US-2021-101496,01/21/2021,01/23/2021,First Class,CU-10379,Customer 114,Corporate,United States,Nevada,Nevada,71353,West,OFF-ART-9426,Office Supplies,Art,Art model 200,122.48,8,0.3,-9.8
1497,US-2022-101497,03/27/2022,04/02/2022,Standard Class,CU-10239,Customer 441,Corporate,United States,Texas,Texas,89086,Central,OFF-LAB-6829,Office Supplies,Labels,Labels model 275,1303.92,9,0.0,40.54
1498,US-2021-101498,06/09/2021,06/16/2021,Standard Class,CU-10420,Customer 757,Corporate,United States,New York,New York,47798,East,TEC-ACC-4084,Technology,Accessories,Accessories model 255,410.26,1,0.15,-26.33
1499,US-2023-101499,08/25/2023,08/27/2023,First Class,CU-10782,Customer 272,Home Office,United States,Florida,Florida,79553,South,FUR-CHA-2287,Furniture,Chairs,Chairs model 57,2931.53,7,0.0,791.8
1500,US-2022-101500,09/19/2022,09/21/2022,Standard Class,CU-10648,Customer 105,Home Office,United States,Michigan,Michigan,14867,Central,OFF-ART-4302,Office Supplies,Art,Art model 172,400.9,4,0.3,-2.55
1501,US-2023-101501,04/13/2023,04/17/2023,Second Class,CU-10134,Customer 158,Corporate,United States,Florida,Florida,15469,South,OFF-ART-2975,Office Supplies,Art,Art model 173,174.59,2,0.15,51.41
1502,US-2022-101502,10/29/2022,10/30/2022,Standard Class,CU-10713,Customer 115,Consumer,United States,Texas,Texas,19656,Central,OFF-PAP-3738,Office Supplies,Paper,Paper model 177,80.68,9,0.2,6.84
1503,US-2023-101503,05/19/2023,05/26/2023,Second Class,CU-10788,Customer 315,Corporate,United States,Massachusetts,Massachusetts,66584,East,TEC-PHO-2257,Technology,Phones,Phones model 18,7024.25,7,0.3,-2298.87
1504,US-2024-101504,08/02/2024,08/04/2024,Standard Class,CU-10219,Customer 283,Consumer,United States,Georgia,Georgia,13427,South,OFF-PAP-4970,Office Supplies,Paper,Paper model 299,551.84,6,0.0,175.36
1505,US-2024-101505,09/05/2024,09/11/2024,Same Day,CU-10365,Customer 331,Corporate,United States,Georgia,Georgia,60574,South,OFF-PAP-7956,Office Supplies,Paper,Paper model 21,253.32,3,0.1,-12.9
1506,US-2023-101506,04/09/2023,04/11/2023,Standard Class,CU-10152,Customer 499,Corporate,United States,Michigan,Michigan,89434,Central,TEC-COP-2598,Technology,Copiers,Copiers model 123,5537.37,6,0.0,2195.2
1507,US-2023-101507,09/01/2023,09/07/2023,Standard Class,CU-10657,Customer 392,Home Office,United States,New York,New York,80306,East,OFF-ART-9375,Office Supplies,Art,Art model 219,29.83,6,0.2,4.65
1508,US-2022-101508,08/03/2022,08/09/2022,Standard Class,CU-10655,Customer 47,Consumer,United States,Ohio,Ohio,31824,Central,FUR-CHA-2390,Furniture,Chairs,Chairs model 47,1865.7,3,0.15,204.29
1509,US-2023-101509,05/17/2023,05/20/2023,Second Class,CU-10343,Customer 683,Home Office,United States,California,California,73492,West,TEC-ACC-6914,Technology,Accessories,Accessories model 46,1077.0,2,0.15,138.56
1510,US-2023-101510,11/22/2023,11/29/2023,Second Class,CU-10384,Customer 485,Corporate,United States,Washington,Washington,13792,West,OFF-BIN-3034,Office Supplies,Binders,Binders model 39,279.99,9,0.4,-11.07
1511,US-2024-101511,06/08/2024,06/14/2024,First Class,CU-10134,Customer 379,Corporate,United States,Georgia,Georgia,61249,South,FUR-FUR-3624,Furniture,Furnishings,Furnishings model 64,3425.49,6,0.0,922.72
1512,US-2024-101512,02/16/2024,02/19/2024,Second Class,CU-10106,Customer 318,Home Office,United States,Georgia,Georgia,35193,South,OFF-BIN-5386,Office Supplies,Binders,Binders model 200,734.95,8,0.2,71.41
1513,US-2024-101513,06/02/2024,06/04/2024,First Class,CU-10550,Customer 677,Corporate,United States,Florida,Florida,39739,South,OFF-BIN-5705,Office Supplies,Binders,Binders model 251,108.73,8,0.15,26.29
1514,US-2022-101514,01/20/2022,01/22/2022,Standard Class,CU-10099,Customer 597,Corporate,United States,Pennsylvania,Pennsylvania,82226,East,OFF-BIN-5033,Office Supplies,Binders,Binders model 96,330.13,3,0.4,30.16
1515,US-2024-101515,03/09/2024,03/14/2024,Same Day,CU-10254,Customer 510,Corporate,United States,Washington,Washington,66717,West,OFF-PAP-2767,Office Supplies,Paper,Paper model 179,446.83,4,0.0,103.81
1516,US-2022-101516,03/08/2022,03/10/2022,Second Class,CU-10301,Customer 392,Home Office,United States,North Carolina,North Carolina,43469,South,OFF-LAB-1140,Office Supplies,Labels,Labels model 83,157.77,7,0.0,26.46
1517,US-2021-101517,02/02/2021,02/04/2021,Standard Class,CU-10722,Customer 440,Corporate,United States,Alabama,Alabama,79342,South,OFF-BIN-7860,Office Supplies,Binders,Binders model 169,196.27,2,0.0,67.51
1518,US-2022-101518,07/19/2022,07/26/2022,Standard Class,CU-10297,Customer 217,Consumer,United States,North Carolina,North Carolina,66525,South,OFF-LAB-2300,Office Supplies,Labels,Labels model 4,472.06,4,0.0,153.31
1519,US-2022-101519,09/26/2022,09/27/2022,Standard Class,CU-10138,Customer 688,Home Office,United States,California,California,45825,West,OFF-PAP-8443,Office Supplies,Paper,Paper model 271,959.26,9,0.0,-64.5
1520,US-2022-101520,07/10/2022,07/15/2022,Second Class,CU-10748,Customer 792,Corporate,United States,North Carolina,North Carolina,31385,South,FUR-CHA-3293,Furniture,Chairs,Chairs model 162,109.36,1,0.2,20.5
1521,US-2023-101521,12/10/2023,12/11/2023,Same Day,CU-10562,Customer 711,Consumer,United States,Oregon,Oregon,66772,West,OFF-ART-7553,Office Supplies,Art,Art model 27,900.67,9,0.1,158.27
1522,US-2021-101522,06/08/2021,06/11/2021,Standard Class,CU-10620,Customer 139,Home Office,United States,New Jersey,New Jersey,62453,East,OFF-BIN-2415,Office Supplies,Binders,Binders model 293,695.14,5,0.0,222.61
1523,US-2023-101523,12/12/2023,12/17/2023,Standard Class,CU-10750,Customer 308,Consumer,United States,California,California,55255,West,TEC-MAC-7683,Technology,Machines,Machines model 97,4130.7,3,0.2,891.23
1524,US-2021-101524,02/16/2021,02/20/2021,Second Class,CU-10764,Customer 67,Home Office,United States,Pennsylvania,Pennsylvania,86708,East,TEC-COP-2543,Technology,Copiers,Copiers model 118,2203.31,2,0.2,-210.06
1525,US-2023-101525,05/13/2023,05/19/2023,Same Day,CU-10600,Customer 442,Corporate,United States,Ohio,Ohio,87203,Central,FUR-BOO-8272,Furniture,Bookcases,Bookcases model 147,5547.13,7,0.1,772.93
1526,US-2022-101526,10/08/2022,10/12/2022,Same Day,CU-10311,Customer 238,Consumer,United States,Alabama,Alabama,67327,South,TEC-PHO-3413,Technology,Phones,Phones model 43,1479.03,3,0.0,709.67
1527,US-2022-101527,02/11/2022,02/12/2022,Standard Class,CU-10390,Customer 183,Home Office,United States,Michigan,Michigan,59031,Central,OFF-BIN-6617,Office Supplies,Binders,Binders model 226,36.56,2,0.15,0.96
1528,US-2022-101528,09/01/2022,09/07/2022,Same Day,CU-10538,Customer 277,Corporate,United States,Alabama,Alabama,28798,South,OFF-STO-7879,Office Supplies,Storage,Storage model 162,27.38,2,0.0,4.48
1529,US-2024-101529,08/11/2024,08/18/2024,First Class,CU-10269,Customer 64,Corporate,United States,Nevada,Nevada,13255,West,FUR-TAB-3702,Furniture,Tables,Tables model 278,426.24,5,0.2,155.51
1530,US-2021-101530,01/21/2021,01/28/2021,Second Class,CU-10665,Customer 763,Home Office,United States,Texas,Texas,97128,Central,FUR-FUR-6558,Furniture,Furnishings,Furnishings model 298,4242.19,8,0.15,1101.62
1531,US-2022-101531,08/22/2022,08/28/2022,Second Class,CU-10785,Customer 785,Consumer,United States,New Jersey,New Jersey,20607,East,FUR-BOO-5596,Furniture,Bookcases,Bookcases model 101,3672.25,9,0.1,875.54
1532,US-2023-101532,11/16/2023,11/17/2023,Second Class,CU-10268,Customer 83,Corporate,United States,New York,New York,95736,East,OFF-ART-5716,Office Supplies,Art,Art model 22,121.14,1,0.1,-8.53
1533,US-2023-101533,08/22/2023,08/27/2023,Standard Class,CU-10142,Customer 751,Consumer,United States,California,California,71989,West,TEC-PHO-8525,Technology,Phones,Phones model 67,445.32,1,0.15,23.8
1534,US-2021-101534,11/24/2021,11/30/2021,Standard Class,CU-10131,Customer 762,Home Office,United States,Massachusetts,Massachusetts,56634,East,TEC-COP-7076,Technology,Copiers,Copiers model 206,2989.76,5,0.2,715.52
1535,US-2022-101535,09/29/2022,10/05/2022,Standard Class,CU-10519,Customer 457,Corporate,United States,Michigan,Michigan,87412,Central,OFF-ART-5367,Office Supplies,Art,Art model 243,476.9,7,0.0,34.37
1536,US-2021-101536,02/27/2021,02/28/2021,Second Class,CU-10592,Customer 51,Home Office,United States,New Jersey,New Jersey,62775,East,OFF-LAB-2987,Office Supplies,Labels,Labels model 236,94.04,9,0.15,14.28
1537,US-2023-101537,10/19/2023,10/22/2023,Second Class,CU-10403,Customer 749,Corporate,United States,New York,New York,89224,East,TEC-MAC-4323,Technology,Machines,Machines model 256,5958.14,7,0.1,1907.16
1538,US-2024-101538,01/19/2024,01/22/2024,Second Class,CU-10277,Customer 333,Corporate,United States,New York,New York,34263,East,TEC-PHO-7151,Technology,Phones,Phones model 216,1685.36,3,0.0,294.77
1539,US-2024-101539,11/13/2024,11/15/2024,Second Class,CU-10266,Customer 585,Consumer,United States,Illinois,Illinois,85404,Central,OFF-STO-9057,Office Supplies,Storage,Storage model 43,39.63,2,0.0,16.24
1540,US-2024-101540,07/31/2024,08/05/2024,Second Class,CU-10656,Customer 519,Home Office,United States,Texas,Texas,98581,Central,OFF-ART-5689,Office Supplies,Art,Art model 246,347.94,3,0.3,39.26
1541,US-2023-101541,10/03/2023,10/07/2023,Same Day,CU-10498,Customer 627,Home Office,United States,New York,New York,41127,East,FUR-BOO-5273,Furniture,Bookcases,Bookcases model 98,2755.51,6,0.0,-370.27
1542,US-2023-101542,02/27/2023,03/04/2023,Same Day,CU-10033,Customer 294,Home Office,United States,Texas,Texas,60253,Central,OFF-LAB-8114,Office Supplies,Labels,Labels model 290,624.16,6,0.15,-47.5
1543,US-2021-101543,12/04/2021,12/10/2021,Standard Class,CU-10598,Customer 757,Corporate,United States,Florida,Florida,20612,South,OFF-STO-1282,Office Supplies,Storage,Storage model 106,36.71,5,0.0,1.02
1544,US-2023-101544,11/15/2023,11/22/2023,First Class,CU-10546,Customer 723,Home Office,United States,California,California,43116,West,OFF-LAB-6246,Office Supplies,Labels,Labels model 106,211.86,3,0.15,27.66
1545,US-2021-101545,10/29/2021,11/01/2021,Second Class,CU-10050,Customer 722,Consumer,United States,Georgia,Georgia,78052,South,OFF-ART-8830,Office Supplies,Art,Art model 284,133.37,5,0.0,37.11
1546,US-2023-101546,03/26/2023,03/27/2023,Standard Class,CU-10293,Customer 529,Consumer,United States,New York,New York,14897,East,FUR-TAB-8571,Furniture,Tables,Tables model 176,2369.28,4,0.2,1174.23
1547,US-2024-101547,05/01/2024,05/05/2024,First Class,CU-10654,Customer 168,Home Office,United States,Georgia,Georgia,52969,South,FUR-CHA-3148,Furniture,Chairs,Chairs model 120,210.03,2,0.1,15.16
1548,US-2021-101548,09/01/2021,09/07/2021,Standard Class,CU-10099,Customer 13,Home Office,United States,Nevada,Nevada,78109,West,OFF-LAB-4819,Office Supplies,Labels,Labels model 150,407.9,8,0.1,92.39
1549,US-2023-101549,05/19/2023,05/23/2023,First Class,CU-10308,Customer 779,Corporate,United States,Nevada,Nevada,70568,West,FUR-BOO-7059,Furniture,Bookcases,Bookcases model 241,3046.52,5,0.1,858.76
1550,US-2024-101550,03/12/2024,03/18/2024,Second Class,CU-10705,Customer 48,Corporate,United States,Pennsylvania,Pennsylvania,53581,East,FUR-TAB-1800,Furniture,Tables,Tables model 102,4891.19,6,0.0,1896.3
1551,US-2022-101551,12/10/2022,12/14/2022,Standard Class,CU-10564,Customer 57,Home Office,United States,North Carolina,North Carolina,92064,South,OFF-ART-1142,Office Supplies,Art,Art model 259,28.15,2,0.2,6.19
1552,US-2021-101552,09/15/2021,09/19/2021,Second Class,CU-10195,Customer 48,Home Office,United States,Michigan,Michigan,46164,Central,TEC-COP-8374,Technology,Copiers,Copiers model 296,7602.33,6,0.0,822.18
1553,US-2023-101553,05/31/2023,06/01/2023,Second Class,CU-10619,Customer 117,Consumer,United States,Michigan,Michigan,36689,Central,TEC-COP-2929,Technology,Copiers,Copiers model 122,7242.24,5,0.3,141.53
1554,US-2021-101554,07/22/2021,07/27/2021,First Class,CU-10196,Customer 572,Home Office,United States,Florida,Florida,24805,South,OFF-LAB-5920,Office Supplies,Labels,Labels model 31,193.58,3,0.3,24.31
1555,US-2021-101555,05/11/2021,05/13/2021,Standard Class,CU-10429,Customer 518,Consumer,United States,North Carolina,North Carolina,10675,South,FUR-TAB-4473,Furniture,Tables,Tables model 37,90.99,1,0.4,18.2
1556,US-2022-101556,07/03/2022,07/10/2022,Standard Class,CU-10630,Customer 309,Corporate,United States,Ohio,Ohio,79786,Central,FUR-CHA-1802,Furniture,Chairs,Chairs model 23,140.59,1,0.15,63.41
1557,US-2021-101557,07/04/2021,07/05/2021,First Class,CU-10161,Customer 14,Corporate,United States,Illinois,Illinois,15520,Central,OFF-ART-1624,Office Supplies,Art,Art model 161,69.87,3,0.0,4.78
1558,US-2023-101558,09/23/2023,09/26/2023,Standard Class,CU-10666,Customer 360,Home Office,United States,Michigan,Michigan,17260,Central,OFF-BIN-7384,Office Supplies,Binders,Binders model 20,874.45,8,0.3,59.05
1559,US-2022-101559,07/29/2022,08/05/2022,Standard Class,CU-10114,Customer 81,Corporate,United States,Pennsylvania,Pennsylvania,28857,East,TEC-MAC-9909,Technology,Machines,Machines model 74,825.09,1,0.4,-149.15
1560,US-2023-101560,11/22/2023,11/24/2023,Standard Class,CU-10384,Customer 170,Corporate,United States,Ohio,Ohio,24417,Central,FUR-BOO-8724,Furniture,Bookcases,Bookcases model 82,2045.7,6,0.3,724.51
1561,US-2024-101561,09/07/2024,09/14/2024,Standard Class,CU-10655,Customer 525,Corporate,United States,Ohio,Ohio,47173,Central,OFF-ART-3534,Office Supplies,Art,Art model 76,349.15,4,0.2,20.56
1562,US-2024-101562,09/15/2024,09/17/2024,First Class,CU-10469,Customer 481,Consumer,United States,California,California,90257,West,OFF-ART-8154,Office Supplies,Art,Art model 182,495.83,9,0.3,174.0
1563,US-2022-101563,07/02/2022,07/08/2022,Same Day,CU-10392,Customer 92,Consumer,United States,Massachusetts,Massachusetts,35326,East,FUR-BOO-7547,Furniture,Bookcases,Bookcases model 245,2755.89,8,0.0,712.94
1564,US-2024-101564,08/10/2024,08/12/2024,Second Class,CU-10227,Customer 216,Home Office,United States,Florida,Florida,21440,South,TEC-MAC-2408,Technology,Machines,Machines model 66,754.49,5,0.4,61.02
1565,US-2023-101565,08/14/2023,08/21/2023,First Class,CU-10624,Customer 305,Corporate,United States,Pennsylvania,Pennsylvania,54045,East,OFF-ART-7678,Office Supplies,Art,Art model 280,67.29,1,0.2,8.32
1566,US-2022-101566,02/17/2022,02/21/2022,Same Day,CU-10431,Customer 447,Home Office,United States,Nevada,Nevada,20998,West,OFF-BIN-1668,Office Supplies,Binders,Binders model 161,134.43,6,0.4,13.09
1567,US-2021-101567,03/26/2021,03/28/2021,Standard Class,CU-10240,Customer 177,Consumer,United States,Texas,Texas,19631,Central,FUR-TAB-6770,Furniture,Tables,Tables model 138,4745.96,6,0.15,325.71
1568,US-2021-101568,07/09/2021,07/15/2021,Standard Class,CU-10725,Customer 675,Corporate,United States,Massachusetts,Massachusetts,83131,East,OFF-PAP-3225,Office Supplies,Paper,Paper model 195,135.83,1,0.1,14.05
1569,US-2023-101569,01/17/2023,01/18/2023,First Class,CU-10238,Customer 78,Consumer,United States,Alabama,Alabama,78582,South,OFF-LAB-1736,Office Supplies,Labels,Labels model 113,651.22,7,0.1,87.2
1570,US-2023-101570,04/15/2023,04/19/2023,Standard Class,CU-10436,Customer 205,Consumer,United States,California,California,83324,West,TEC-COP-6975,Technology,Copiers,Copiers model 142,360.7,1,0.0,-42.24
1571,US-2021-101571,05/22/2021,05/27/2021,Second Class,CU-10729,Customer 479,Home Office,United States,Florida,Florida,47435,South,FUR-CHA-4917,Furniture,Chairs,Chairs model 22,5253.58,8,0.2,-485.37
1572,US-2024-101572,09/12/2024,09/19/2024,Second Class,CU-10042,Customer 748,Corporate,United States,Michigan,Michigan,95840,Central,OFF-ART-1175,Office Supplies,Art,Art model 196,1058.73,8,0.3,205.43
1573,US-2023-101573,10/17/2023,10/20/2023,Standard Class,CU-10065,Customer 736,Consumer,United States,Washington,Washington,61816,West,OFF-ART-4656,Office Supplies,Art,Art model 53,722.71,7,0.5,176.86
1574,US-2024-101574,05/06/2024,05/08/2024,Standard Class,CU-10667,Customer 211,Corporate,United States,Oregon,Oregon,20537,West,TEC-MAC-1081,Technology,Machines,Machines model 293,898.49,2,0.0,8.21
1575,US-2021-101575,08/08/2021,08/12/2021,First Class,CU-10672,Customer 365,Corporate,United States,Ohio,Ohio,35516,Central,FUR-TAB-2773,Furniture,Tables,Tables model 46,1258.84,4,0.15,178.09
1576,US-2023-101576,11/25/2023,12/02/2023,Standard Class,CU-10129,Customer 405,Corporate,United States,Ohio,Ohio,45054,Central,OFF-LAB-2131,Office Supplies,Labels,Labels model 298,260.21,8,0.2,101.02
1577,US-2023-101577,09/02/2023,09/05/2023,Standard Class,CU-10358,Customer 28,Consumer,United States,New Jersey,New Jersey,43402,East,OFF-PAP-3612,Office Supplies,Paper,Paper model 265,532.98,7,0.1,128.82
1578,US-2022-101578,09/19/2022,09/24/2022,Standard Class,CU-10384,Customer 754,Corporate,United States,Ohio,Ohio,25026,Central,OFF-BIN-5009,Office Supplies,Binders,Binders model 191,290.23,2,0.1,45.09
1579,US-2023-101579,08/17/2023,08/20/2023,Standard Class,CU-10791,Customer 148,Home Office,United States,California,California,62276,West,OFF-ART-6546,Office Supplies,Art,Art model 196,75.74,1,0.3,6.17
1580,US-2022-101580,08/13/2022,08/17/2022,Standard Class,CU-10630,Customer 334,Consumer,United States,Nevada,Nevada,21981,West,FUR-CHA-7450,Furniture,Chairs,Chairs model 143,2371.95,7,0.15,536.1
1581,US-2024-101581,08/24/2024,08/26/2024,Standard Class,CU-10123,Customer 272,Home Office,United States,New York,New York,99412,East,OFF-BIN-8104,Office Supplies,Binders,Binders model 130,32.94,3,0.1,19.28
1582,US-2023-101582,04/08/2023,04/14/2023,Second Class,CU-10438,Customer 706,Corporate,United States,North Carolina,North Carolina,50504,South,OFF-LAB-9867,Office Supplies,Labels,Labels model 79,893.16,7,0.3,291.21
1583,US-2022-101583,08/24/2022,08/31/2022,First Class,CU-10232,Customer 1,Home Office,United States,Florida,Florida,54558,South,OFF-LAB-8155,Office Supplies,Labels,Labels model 105,104.16,2,0.1,21.82
1584,US-2023-101584,09/24/2023,09/28/2023,Standard Class,CU-10021,Customer 289,Consumer,United States,New Jersey,New Jersey,38975,East,OFF-ART-2063,Office Supplies,Art,Art model 272,771.92,6,0.4,123.84
1585,US-2021-101585,12/04/2021,12/05/2021,Second Class,CU-10124,Customer 225,Home Office,United States,Illinois,Illinois,15736,Central,FUR-TAB-3552,Furniture,Tables,Tables model 243,3820.28,8,0.15,171.59
1586,US-2023-101586,10/24/2023,10/26/2023,Standard Class,CU-10295,Customer 734,Corporate,United States,Ohio,Ohio,18507,Central,FUR-TAB-9393,Furniture,Tables,Tables model 203,3298.15,4,0.1,294.73
1587,US-2024-101587,12/01/2024,12/03/2024,Second Class,CU-10737,Customer 193,Corporate,United States,Georgia,Georgia,11426,South,OFF-PAP-6423,Office Supplies,Paper,Paper model 298,297.42,2,0.0,55.81
1588,US-2022-101588,09/15/2022,09/22/2022,Second Class,CU-10515,Customer 559,Corporate,United States,Florida,Florida,16265,South,OFF-STO-8731,Office Supplies,Storage,Storage model 101,410.75,9,0.2,31.4
1589,US-2024-101589,06/21/2024,06/25/2024,Standard Class,CU-10749,Customer 130,Consumer,United States,Massachusetts,Massachusetts,47017,East,OFF-PAP-7858,Office Supplies,Paper,Paper model 280,369.86,8,0.15,114.2
1590,US-2024-101590,06/14/2024,06/18/2024,Second Class,CU-10487,Customer 449,Corporate,United States,Michigan,Michigan,88291,Central,TEC-COP-5592,Technology,Copiers,Copiers model 127,10922.43,9,0.0,786.96
1591,US-2022-101591,11/02/2022,11/03/2022,Standard Class,CU-10325,Customer 273,Corporate,United States,Pennsylvania,Pennsylvania,12422,East,TEC-ACC-3856,Technology,Accessories,Accessories model 162,300.08,3,0.0,-20.75
1592,US-2023-101592,04/03/2023,04/10/2023,Second Class,CU-10382,Customer 203,Consumer,United States,North Carolina,North Carolina,71380,South,OFF-STO-5634,Office Supplies,Storage,Storage model 133,84.89,2,0.3,6.97
1593,US-2023-101593,06/21/2023,06/28/2023,Second Class,CU-10142,Customer 771,Corporate,United States,Nevada,Nevada,57434,West,OFF-PAP-6525,Office Supplies,Paper,Paper model 294,102.48,4,0.0,20.17
1594,US-2022-101594,08/16/2022,08/19/2022,Standard Class,CU-10719,Customer 576,Consumer,United States,Texas,Texas,91629,Central,OFF-ART-9599,Office Supplies,Art,Art model 36,285.04,7,0.0,37.39
1595,US-2021-101595,10/26/2021,10/27/2021,First Class,CU-10642,Customer 726,Corporate,United States,Massachusetts,Massachusetts,60389,East,FUR-FUR-6392,Furniture,Furnishings,Furnishings model 234,952.96,9,0.3,77.27
1596,US-2021-101596,09/10/2021,09/15/2021,Same Day,CU-10793,Customer 474,Home Office,United States,Illinois,Illinois,45289,Central,OFF-ART-4043,Office Supplies,Art,Art model 204,94.79,1,0.0,22.25
1597,US-2021-101597,08/01/2021,08/02/2021,Same Day,CU-10284,Customer 761,Consumer,United States,New Jersey,New Jersey,93641,East,OFF-LAB-6929,Office Supplies,Labels,Labels model 224,141.98,5,0.0,9.29
1598,US-2021-101598,06/09/2021,06/16/2021,Standard Class,CU-10034,Customer 525,Home Office,United States,New York,New York,99968,East,OFF-LAB-5376,Office Supplies,Labels,Labels model 240,309.6,3,0.0,39.25
1599,US-2022-101599,08/09/2022,08/13/2022,First Class,CU-10099,Customer 405,Corporate,United States,Ohio,Ohio,42776,Central,TEC-ACC-8028,Technology,Accessories,Accessories model 278,5488.81,6,0.0,525.24
1600,US-2024-101600,02/02/2024,02/06/2024,Standard Class,CU-10063,Customer 562,Corporate,United States,Washington,Washington,18021,West,FUR-BOO-6860,Furniture,Bookcases,Bookcases model 70,3607.15,6,0.3,-469.33
1601,US-2023-101601,06/23/2023,06/28/2023,Second Class,CU-10484,Customer 763,Corporate,United States,New Jersey,New Jersey,70491,East,OFF-STO-2015,Office Supplies,Storage,Storage model 151,338.21,8,0.3,45.05
1602,US-2023-101602,07/01/2023,07/02/2023,Standard Class,CU-10255,Customer 535,Corporate,United States,Florida,Florida,11256,South,FUR-BOO-2018,Furniture,Bookcases,Bookcases model 83,6476.14,9,0.0,908.94
1603,US-2022-101603,05/13/2022,05/17/2022,Standard Class,CU-10183,Customer 590,Corporate,United States,Alabama,Alabama,52650,South,FUR-CHA-8925,Furniture,Chairs,Chairs model 92,3238.3,7,0.4,281.06
1604,US-2022-101604,12/01/2022,12/04/2022,Standard Class,CU-10384,Customer 785,Home Office,United States,Alabama,Alabama,87041,South,OFF-BIN-2577,Office Supplies,Binders,Binders model 148,442.31,8,0.15,182.92
1605,US-2024-101605,06/20/2024,06/25/2024,Standard Class,CU-10012,Customer 141,Corporate,United States,New Jersey,New Jersey,82283,East,OFF-STO-6556,Office Supplies,Storage,Storage model 259,365.69,5,0.2,80.4
1606,US-2024-101606,01/21/2024,01/27/2024,Standard Class,CU-10371,Customer 487,Home Office,United States,Texas,Texas,47091,Central,FUR-TAB-5796,Furniture,Tables,Tables model 179,658.49,1,0.3,15.94
1607,US-2021-101607,06/02/2021,06/07/2021,First Class,CU-10725,Customer 327,Home Office,United States,Texas,Texas,83031,Central,OFF-STO-6793,Office Supplies,Storage,Storage model 284,341.66,4,0.0,85.2
1608,US-2024-101608,09/29/2024,10/06/2024,First Class,CU-10464,Customer 382,Corporate,United States,Illinois,Illinois,59197,Central,FUR-TAB-8234,Furniture,Tables,Tables model 155,1678.07,7,0.4,-22.53
1609,US-2024-101609,07/06/2024,07/13/2024,Standard Class,CU-10733,Customer 18,Corporate,United States,Massachusetts,Massachusetts,40715,East,FUR-BOO-5769,Furniture,Bookcases,Bookcases model 264,2354.11,3,0.3,30.65
1610,US-2023-101610,08/27/2023,08/28/2023,First Class,CU-10584,Customer 92,Consumer,United States,New Jersey,New Jersey,47489,East,OFF-PAP-8532,Office Supplies,Paper,Paper model 149,92.1,1,0.0,11.91
1611,US-2023-101611,10/10/2023,10/11/2023,Standard Class,CU-10486,Customer 361,Corporate,United States,Georgia,Georgia,43623,South,TEC-COP-3221,Technology,Copiers,Copiers model 193,3375.32,2,0.2,-576.02
1612,US-2024-101612,05/20/2024,05/21/2024,First Class,CU-10173,Customer 356,Home Office,United States,New Jersey,New Jersey,80280,East,OFF-PAP-9602,Office Supplies,Paper,Paper model 247,100.83,4,0.1,18.36
1613,US-2024-101613,06/07/2024,06/13/2024,Second Class,CU-10632,Customer 489,Corporate,United States,Washington,Washington,63927,West,OFF-PAP-3934,Office Supplies,Paper,Paper model 277,169.78,5,0.4,-26.02
1614,US-2022-101614,11/24/2022,11/27/2022,Second Class,CU-10352,Customer 403,Home Office,United States,Massachusetts,Massachusetts,57425,East,TEC-MAC-1373,Technology,Machines,Machines model 123,554.02,1,0.15,-114.95
1615,US-2023-101615,10/16/2023,10/22/2023,Second Class,CU-10788,Customer 125,Corporate,United States,Michigan,Michigan,77571,Central,TEC-ACC-4017,Technology,Accessories,Accessories model 59,9498.56,7,0.15,2573.78
1616,US-2024-101616,04/04/2024,04/11/2024,Standard Class,CU-10135,Customer 330,Corporate,United States,Illinois,Illinois,57849,Central,OFF-STO-7650,Office Supplies,Storage,Storage model 68,571.44,5,0.1,88.57
1617,US-2023-101617,01/22/2023,01/25/2023,Standard Class,CU-10686,Customer 723,Consumer,United States,Nevada,Nevada,61284,West,FUR-TAB-9020,Furniture,Tables,Tables model 109,754.58,3,0.4,-63.6
1618,US-2024-101618,09/28/2024,09/30/2024,Standard Class,CU-10508,Customer 550,Home Office,United States,North Carolina,North Carolina,41503,South,FUR-BOO-5500,Furniture,Bookcases,Bookcases model 35,6068.72,8,0.2,-380.23
1619,US-2024-101619,03/19/2024,03/25/2024,Standard Class,CU-10234,Customer 545,Corporate,United States,Nevada,Nevada,90708,West,OFF-STO-8322,Office Supplies,Storage,Storage model 293,484.15,5,0.1,66.6
1620,US-2021-101620,08/30/2021,08/31/2021,Standard Class,CU-10761,Customer 701,Home Office,United States,New Jersey,New Jersey,25287,East,OFF-ART-8720,Office Supplies,Art,Art model 214,269.28,2,0.0,20.29
1621,US-2021-101621,06/13/2021,06/17/2021,Standard Class,CU-10239,Customer 648,Home Office,United States,Florida,Florida,51548,South,OFF-LAB-4920,Office Supplies,Labels,Labels model 93,603.62,7,0.15,147.33
1622,US-2021-101622,12/31/2021,01/02/2022,Standard Class,CU-10424,Customer 59,Home Office,United States,Florida,Florida,13291,South,FUR-FUR-4242,Furniture,Furnishings,Furnishings model 246,2992.08,7,0.2,242.68
1623,US-2024-101623,05/27/2024,06/02/2024,First Class,CU-10418,Customer 294,Corporate,United States,Washington,Washington,92317,West,OFF-PAP-7443,Office Supplies,Paper,Paper model 122,976.02,8,0.4,173.93
1624,US-2024-101624,02/11/2024,02/14/2024,Standard Class,CU-10487,Customer 482,Consumer,United States,Alabama,Alabama,25426,South,FUR-BOO-3377,Furniture,Bookcases,Bookcases model 79,368.97,7,0.3,-93.33
1625,US-2021-101625,05/28/2021,05/30/2021,First Class,CU-10307,Customer 659,Corporate,United States,Nevada,Nevada,77638,West,OFF-LAB-2985,Office Supplies,Labels,Labels model 161,52.21,3,0.1,12.87
1626,US-2023-101626,10/24/2023,10/31/2023,Standard Class,CU-10039,Customer 183,Consumer,United States,Illinois,Illinois,11713,Central,FUR-FUR-4605,Furniture,Furnishings,Furnishings model 232,4174.43,5,0.0,1265.25
1627,US-2022-101627,09/29/2022,10/05/2022,Standard Class,CU-10682,Customer 23,Consumer,United States,Texas,Texas,30699,Central,OFF-STO-8516,Office Supplies,Storage,Storage model 138,658.38,6,0.15,-22.9
1628,US-2024-101628,12/14/2024,12/19/2024,Standard Class,CU-10088,Customer 558,Home Office,United States,Florida,Florida,72862,South,OFF-LAB-5462,Office Supplies,Labels,Labels model 210,945.9,9,0.4,46.25
1629,US-2024-101629,10/30/2024,11/01/2024,Standard Class,CU-10025,Customer 349,Home Office,United States,Texas,Texas,16140,Central,FUR-TAB-3827,Furniture,Tables,Tables model 84,548.27,1,0.2,77.74
1630,US-2023-101630,03/04/2023,03/05/2023,Standard Class,CU-10410,Customer 25,Consumer,United States,California,California,46799,West,TEC-COP-5709,Technology,Copiers,Copiers model 141,2537.43,4,0.0,901.58
1631,US-2023-101631,03/29/2023,04/01/2023,Second Class,CU-10771,Customer 331,Home Office,United States,North Carolina,North Carolina,97994,South,OFF-PAP-8592,Office Supplies,Paper,Paper model 148,610.85,7,0.1,139.67
1632,US-2024-101632,01/06/2024,01/10/2024,Standard Class,CU-10677,Customer 741,Consumer,United States,Georgia,Georgia,40199,South,OFF-ART-2786,Office Supplies,Art,Art model 151,514.57,6,0.0,-88.31
1633,US-2024-101633,09/22/2024,09/26/2024,First Class,CU-10351,Customer 710,Corporate,United States,Washington,Washington,85642,West,FUR-BOO-4135,Furniture,Bookcases,Bookcases model 95,3642.32,5,0.0,235.23
1634,US-2024-101634,08/01/2024,08/04/2024,Second Class,CU-10425,Customer 418,Consumer,United States,Georgia,Georgia,21433,South,FUR-FUR-2258,Furniture,Furnishings,Furnishings model 220,1992.06,3,0.4,359.13
1635,US-2022-101635,11/16/2022,11/23/2022,Standard Class,CU-10377,Customer 400,Consumer,United States,Michigan,Michigan,74436,Central,OFF-PAP-4257,Office Supplies,Paper,Paper model 91,25.23,2,0.15,1.6
1636,US-2023-101636,06/24/2023,07/01/2023,First Class,CU-10473,Customer 3,Consumer,United States,Texas,Texas,89104,Central,OFF-STO-7363,Office Supplies,Storage,Storage model 259,663.53,6,0.4,-71.15
1637,US-2021-101637,12/24/2021,12/27/2021,Standard Class,CU-10392,Customer 48,Corporate,United States,New York,New York,48154,East,OFF-LAB-8337,Office Supplies,Labels,Labels model 237,1100.47,8,0.1,207.95
1638,US-2021-101638,05/05/2021,05/08/2021,Standard Class,CU-10594,Customer 426,Home Office,United States,North Carolina,North Carolina,54814,South,OFF-ART-5978,Office Supplies,Art,Art model 246,1069.42,8,0.3,56.3
1639,US-2024-101639,10/27/2024,11/03/2024,Standard Class,CU-10432,Customer 223,Home Office,United States,Washington,Washington,18188,West,FUR-FUR-7552,Furniture,Furnishings,Furnishings model 177,2024.17,3,0.4,264.53
1640,US-2023-101640,08/26/2023,08/27/2023,Second Class,CU-10716,Customer 163,Consumer,United States,North Carolina,North Carolina,67478,South,FUR-TAB-2821,Furniture,Tables,Tables model 192,2564.71,4,0.0,714.11
1641,US-2022-101641,02/16/2022,02/19/2022,Second Class,CU-10791,Customer 211,Home Office,United States,Nevada,Nevada,98920,West,OFF-PAP-1400,Office Supplies,Paper,Paper model 47,505.8,6,0.0,119.5
1642,US-2023-101642,09/25/2023,09/30/2023,First Class,CU-10205,Customer 319,Home Office,United States,Georgia,Georgia,25397,South,OFF-LAB-9639,Office Supplies,Labels,Labels model 93,389.94,7,0.2,105.03
1643,US-2022-101643,05/30/2022,06/02/2022,Standard Class,CU-10149,Customer 793,Corporate,United States,Alabama,Alabama,57775,South,FUR-BOO-2730,Furniture,Bookcases,Bookcases model 152,585.34,5,0.0,156.6
1644,US-2023-101644,11/12/2023,11/19/2023,First Class,CU-10326,Customer 698,Corporate,United States,Florida,Florida,62305,South,OFF-BIN-2168,Office Supplies,Binders,Binders model 197,1108.44,8,0.2,117.01
1645,US-2022-101645,03/12/2022,03/19/2022,First Class,CU-10469,Customer 295,Consumer,United States,Nevada,Nevada,96316,West,TEC-MAC-8926,Technology,Machines,Machines model 29,5449.9,9,0.15,-263.27
1646,US-2023-101646,03/05/2023,03/07/2023,Standard Class,CU-10313,Customer 75,Consumer,United States,Oregon,Oregon,66789,West,FUR-FUR-9764,Furniture,Furnishings,Furnishings model 8,4567.48,6,0.0,-458.88
1647,US-2023-101647,06/30/2023,07/02/2023,Standard Class,CU-10482,Customer 743,Home Office,United States,Massachusetts,Massachusetts,93659,East,TEC-ACC-6546,Technology,Accessories,Accessories model 250,609.97,2,0.0,312.17
1648,US-2023-101648,06/05/2023,06/06/2023,Second Class,CU-10062,Customer 334,Consumer,United States,Michigan,Michigan,86271,Central,OFF-LAB-9264,Office Supplies,Labels,Labels model 260,401.11,7,0.0,-12.89
1649,US-2022-101649,06/03/2022,06/10/2022,Second Class,CU-10191,Customer 518,Home Office,United States,New York,New York,33218,East,OFF-PAP-8167,Office Supplies,Paper,Paper model 77,154.86,6,0.0,41.38
1650,US-2021-101650,08/21/2021,08/26/2021,Standard Class,CU-10139,Customer 721,Consumer,United States,New Jersey,New Jersey,31474,East,OFF-ART-5943,Office Supplies,Art,Art model 180,102.64,4,0.4,-5.1
1651,US-2021-101651,04/14/2021,04/16/2021,Second Class,CU-10328,Customer 227,Home Office,United States,Georgia,Georgia,78384,South,OFF-ART-6091,Office Supplies,Art,Art model 264,713.07,6,0.0,377.82
1652,US-2023-101652,10/23/2023,10/25/2023,First Class,CU-10447,Customer 665,Consumer,United States,Alabama,Alabama,95340,South,TEC-ACC-7892,Technology,Accessories,Accessories model 137,8458.63,6,0.0,1306.19
1653,US-2024-101653,07/26/2024,07/30/2024,Standard Class,CU-10673,Customer 769,Home Office,United States,Alabama,Alabama,51205,South,OFF-ART-4975,Office Supplies,Art,Art model 102,449.53,5,0.0,75.07
1654,US-2022-101654,06/14/2022,06/15/2022,First Class,CU-10579,Customer 488,Consumer,United States,Washington,Washington,61151,West,FUR-CHA-1363,Furniture,Chairs,Chairs model 118,628.54,2,0.0,43.64
1655,US-2021-101655,12/19/2021,12/26/2021,Second Class,CU-10104,Customer 434,Corporate,United States,Michigan,Michigan,29596,Central,OFF-BIN-9704,Office Supplies,Binders,Binders model 247,288.47,3,0.0,89.18
1656,US-2024-101656,05/07/2024,05/12/2024,Second Class,CU-10480,Customer 544,Home Office,United States,Texas,Texas,33331,Central,OFF-PAP-8705,Office Supplies,Paper,Paper model 228,94.29,1,0.15,10.2
1657,US-2022-101657,09/14/2022,09/19/2022,Standard Class,CU-10068,Customer 358,Consumer,United States,Georgia,Georgia,54092,South,OFF-STO-6674,Office Supplies,Storage,Storage model 22,238.07,2,0.1,86.52
1658,US-2024-101658,02/17/2024,02/20/2024,Standard Class,CU-10022,Customer 37,Home Office,United States,Nevada,Nevada,89652,West,OFF-STO-9030,Office Supplies,Storage,Storage model 109,635.67,9,0.15,52.54
1659,US-2023-101659,04/21/2023,04/25/2023,Standard Class,CU-10640,Customer 243,Consumer,United States,Georgia,Georgia,58599,South,OFF-LAB-5722,Office Supplies,Labels,Labels model 56,408.6,3,0.1,101.06
1660,US-2022-101660,03/16/2022,03/20/2022,First Class,CU-10517,Customer 565,Consumer,United States,Washington,Washington,46588,West,FUR-CHA-7418,Furniture,Chairs,Chairs model 126,675.0,2,0.0,-39.44
1661,US-2023-101661,08/12/2023,08/13/2023,Second Class,CU-10104,Customer 177,Home Office,United States,Alabama,Alabama,89726,South,FUR-TAB-4287,Furniture,Tables,Tables model 159,3568.25,5,0.0,1155.32
1662,US-2024-101662,06/27/2024,07/01/2024,Second Class,CU-10070,Customer 704,Consumer,United States,Ohio,Ohio,54410,Central,OFF-PAP-9841,Office Supplies,Paper,Paper model 52,619.75,5,0.1,-1.43
1663,US-2024-101663,12/18/2024,12/19/2024,Second Class,CU-10367,Customer 500,Consumer,United States,Alabama,Alabama,25775,South,OFF-BIN-7380,Office Supplies,Binders,Binders model 57,106.19,1,0.5,-11.94
1664,US-2022-101664,07/03/2022,07/07/2022,First Class,CU-10284,Customer 639,Corporate,United States,Michigan,Michigan,19148,Central,FUR-TAB-5990,Furniture,Tables,Tables model 27,845.9,2,0.0,265.3
1665,US-2021-101665,11/24/2021,11/28/2021,Standard Class,CU-10682,Customer 506,Home Office,United States,Washington,Washington,23399,West,TEC-MAC-7708,Technology,Machines,Machines model 149,3946.35,3,0.2,852.15
1666,US-2022-101666,09/30/2022,10/06/2022,Standard Class,CU-10197,Customer 355,Consumer,United States,Massachusetts,Massachusetts,56834,East,OFF-LAB-8610,Office Supplies,Labels,Labels model 57,180.02,2,0.0,31.4
1667,US-2021-101667,02/01/2021,02/03/2021,Standard Class,CU-10649,Customer 634,Consumer,United States,California,California,29967,West,TEC-ACC-2966,Technology,Accessories,Accessories model 121,6289.09,6,0.1,1305.72
1668,US-2022-101668,02/05/2022,02/08/2022,Second Class,CU-10227,Customer 784,Corporate,United States,Pennsylvania,Pennsylvania,46688,East,TEC-ACC-9605,Technology,Accessories,Accessories model 163,631.39,7,0.3,91.01
1669,US-2023-101669,05/05/2023,05/12/2023,Second Class,CU-10493,Customer 740,Home Office,United States,Massachusetts,Massachusetts,10154,East,FUR-FUR-5913,Furniture,Furnishings,Furnishings model 238,545.15,8,0.4,-44.32
1670,US-2024-101670,12/26/2024,01/01/2025,Second Class,CU-10503,Customer 664,Consumer,United States,Pennsylvania,Pennsylvania,92048,East,OFF-LAB-3188,Office Supplies,Labels,Labels model 269,389.01,3,0.3,53.13
1671,US-2021-101671,09/08/2021,09/11/2021,Standard Class,CU-10749,Customer 356,Corporate,United States,Georgia,Georgia,98238,South,TEC-MAC-8524,Technology,Machines,Machines model 171,2730.96,2,0.1,230.67
1672,US-2024-101672,07/22/2024,07/24/2024,Standard Class,CU-10344,Customer 25,Corporate,United States,Nevada,Nevada,50104,West,OFF-PAP-6892,Office Supplies,Paper,Paper model 158,4.78,1,0.2,-0.05
1673,US-2024-101673,05/27/2024,05/29/2024,Same Day,CU-10366,Customer 185,Consumer,United States,Ohio,Ohio,48333,Central,TEC-COP-6387,Technology,Copiers,Copiers model 50,5901.08,6,0.1,616.79
1674,US-2022-101674,10/08/2022,10/11/2022,Standard Class,CU-10442,Customer 278,Home Office,United States,Nevada,Nevada,54833,West,FUR-TAB-9862,Furniture,Tables,Tables model 164,671.75,1,0.0,202.94
1675,US-2023-101675,02/26/2023,03/04/2023,Same Day,CU-10516,Customer 110,Consumer,United States,Illinois,Illinois,12948,Central,FUR-FUR-4658,Furniture,Furnishings,Furnishings model 166,904.53,2,0.2,-34.79
1676,US-2023-101676,04/17/2023,04/19/2023,Second Class,CU-10048,Customer 236,Consumer,United States,California,California,33784,West,FUR-CHA-8151,Furniture,Chairs,Chairs model 132,397.62,7,0.0,49.43
1677,US-2021-101677,12/23/2021,12/28/2021,Second Class,CU-10782,Customer 606,Corporate,United States,Pennsylvania,Pennsylvania,12198,East,TEC-ACC-6735,Technology,Accessories,Accessories model 39,7848.48,8,0.15,-1212.12
1678,US-2024-101678,03/11/2024,03/17/2024,Standard Class,CU-10114,Customer 65,Corporate,United States,Texas,Texas,95754,Central,TEC-MAC-9164,Technology,Machines,Machines model 197,5486.81,4,0.3,480.44
1679,US-2023-101679,04/09/2023,04/14/2023,First Class,CU-10109,Customer 623,Corporate,United States,Nevada,Nevada,41694,West,FUR-CHA-1650,Furniture,Chairs,Chairs model 237,6668.99,9,0.1,1309.08
1680,US-2023-101680,01/22/2023,01/24/2023,Standard Class,CU-10591,Customer 734,Corporate,United States,California,California,28715,West,OFF-LAB-6283,Office Supplies,Labels,Labels model 266,952.88,9,0.2,228.53
1681,US-2021-101681,12/16/2021,12/17/2021,First Class,CU-10648,Customer 708,Corporate,United States,North Carolina,North Carolina,94180,South,TEC-MAC-9887,Technology,Machines,Machines model 240,13181.76,8,0.2,4544.04
1682,US-2021-101682,02/20/2021,02/27/2021,Second Class,CU-10172,Customer 22,Home Office,United States,California,California,67576,West,OFF-BIN-5412,Office Supplies,Binders,Binders model 137,78.63,3,0.15,12.97
1683,US-2022-101683,09/19/2022,09/23/2022,First Class,CU-10426,Customer 141,Consumer,United States,Ohio,Ohio,58252,Central,FUR-BOO-8144,Furniture,Bookcases,Bookcases model 6,1106.74,4,0.0,95.54
1684,US-2021-101684,04/30/2021,05/05/2021,Standard Class,CU-10313,Customer 740,Consumer,United States,Washington,Washington,23553,West,OFF-PAP-6808,Office Supplies,Paper,Paper model 4,691.08,6,0.0,151.37
1685,US-2023-101685,07/14/2023,07/17/2023,Second Class,CU-10423,Customer 625,Home Office,United States,Michigan,Michigan,27376,Central,OFF-ART-8225,Office Supplies,Art,Art model 96,847.43,7,0.1,-77.24
1686,US-2024-101686,05/14/2024,05/18/2024,Standard Class,CU-10469,Customer 467,Home Office,United States,Ohio,Ohio,11558,Central,FUR-BOO-5401,Furniture,Bookcases,Bookcases model 170,1115.16,2,0.0,383.67
1687,US-2021-101687,07/01/2021,07/04/2021,Second Class,CU-10143,Customer 361,Home Office,United States,New York,New York,25013,East,OFF-ART-8162,Office Supplies,Art,Art model 25,123.98,5,0.0,14.62
1688,US-2024-101688,01/03/2024,01/06/2024,Standard Class,CU-10777,Customer 64,Consumer,United States,Florida,Florida,16906,South,OFF-PAP-7980,Office Supplies,Paper,Paper model 18,81.69,5,0.0,13.81
1689,US-2023-101689,09/23/2023,09/30/2023,Standard Class,CU-10304,Customer 61,Consumer,United States,Texas,Texas,38980,Central,FUR-TAB-4164,Furniture,Tables,Tables model 9,1956.1,6,0.1,-16.45
1690,US-2024-101690,10/11/2024,10/18/2024,Standard Class,CU-10378,Customer 306,Home Office,United States,Oregon,Oregon,55884,West,OFF-ART-3638,Office Supplies,Art,Art model 21,132.5,2,0.15,45.87
1691,US-2024-101691,10/18/2024,10/19/2024,Standard Class,CU-10048,Customer 140,Home Office,United States,Texas,Texas,80663,Central,OFF-ART-6706,Office Supplies,Art,Art model 161,574.9,4,0.0,309.6
1692,US-2021-101692,07/19/2021,07/23/2021,Standard Class,CU-10333,Customer 185,Home Office,United States,Nevada,Nevada,39211,West,TEC-MAC-3363,Technology,Machines,Machines model 89,14124.03,9,0.1,730.66
1693,US-2022-101693,07/24/2022,07/27/2022,Standard Class,CU-10200,Customer 701,Corporate,United States,California,California,93157,West,FUR-FUR-4968,Furniture,Furnishings,Furnishings model 36,4096.63,6,0.0,1629.6
1694,US-2023-101694,06/30/2023,07/06/2023,First Class,CU-10271,Customer 604,Home Office,United States,Nevada,Nevada,89053,West,OFF-LAB-5200,Office Supplies,Labels,Labels model 47,340.13,6,0.2,-51.88
1695,US-2024-101695,03/14/2024,03/19/2024,First Class,CU-10590,Customer 28,Corporate,United States,Texas,Texas,75002,Central,FUR-CHA-3859,Furniture,Chairs,Chairs model 37,2533.22,4,0.15,-63.52
1696,US-2022-101696,04/30/2022,05/04/2022,First Class,CU-10265,Customer 533,Home Office,United States,Nevada,Nevada,46199,West,OFF-PAP-9956,Office Supplies,Paper,Paper model 236,259.06,8,0.15,0.27
1697,US-2021-101697,05/07/2021,05/14/2021,First Class,CU-10089,Customer 759,Corporate,United States,New Jersey,New Jersey,56419,East,TEC-MAC-3099,Technology,Machines,Machines model 18,11214.55,7,0.15,452.15
1698,US-2022-101698,07/13/2022,07/19/2022,First Class,CU-10032,Customer 393,Home Office,United States,Alabama,Alabama,60219,South,OFF-ART-2189,Office Supplies,Art,Art model 173,99.54,1,0.1,22.22
1699,US-2024-101699,12/24/2024,12/28/2024,Standard Class,CU-10152,Customer 173,Consumer,United States,Ohio,Ohio,48008,Central,FUR-FUR-1368,Furniture,Furnishings,Furnishings model 46,453.97,4,0.2,17.89
1700,US-2022-101700,10/31/2022,11/01/2022,First Class,CU-10605,Customer 497,Corporate,United States,Florida,Florida,32684,South,TEC-PHO-2877,Technology,Phones,Phones model 241,1391.33,1,0.4,308.96
1701,US-2024-101701,01/12/2024,01/18/2024,Standard Class,CU-10672,Customer 601,Corporate,United States,Florida,Florida,20659,South,OFF-STO-1324,Office Supplies,Storage,Storage model 202,1029.65,8,0.0,181.51
1702,US-2022-101702,05/09/2022,05/14/2022,First Class,CU-10228,Customer 797,Consumer,United States,New York,New York,65108,East,FUR-TAB-1423,Furniture,Tables,Tables model 272,265.53,1,0.5,30.33
1703,US-2022-101703,09/30/2022,10/06/2022,Standard Class,CU-10110,Customer 100,Home Office,United States,California,California,92274,West,FUR-BOO-2816,Furniture,Bookcases,Bookcases model 17,382.19,2,0.15,-42.17
1704,US-2024-101704,12/04/2024,12/09/2024,Second Class,CU-10543,Customer 262,Consumer,United States,Washington,Washington,22459,West,OFF-STO-3696,Office Supplies,Storage,Storage model 28,24.98,4,0.0,5.88
1705,US-2021-101705,06/07/2021,06/09/2021,Second Class,CU-10417,Customer 707,Corporate,United States,Nevada,Nevada,30653,West,TEC-COP-7352,Technology,Copiers,Copiers model 252,3015.79,4,0.15,112.64
1706,US-2021-101706,09/12/2021,09/17/2021,Standard Class,CU-10623,Customer 270,Consumer,United States,New York,New York,13729,East,FUR-FUR-2435,Furniture,Furnishings,Furnishings model 87,3404.68,9,0.0,682.5
1707,US-2022-101707,10/11/2022,10/12/2022,Standard Class,CU-10739,Customer 13,Consumer,United States,Washington,Washington,69678,West,OFF-BIN-5788,Office Supplies,Binders,Binders model 42,242.3,4,0.15,-4.24
1708,US-2021-101708,07/20/2021,07/25/2021,First Class,CU-10124,Customer 380,Corporate,United States,New Jersey,New Jersey,72439,East,OFF-BIN-5249,Office Supplies,Binders,Binders model 173,737.53,6,0.0,-58.67
1709,US-2024-101709,01/13/2024,01/18/2024,Same Day,CU-10691,Customer 720,Consumer,United States,Massachusetts,Massachusetts,78350,East,TEC-ACC-5138,Technology,Accessories,Accessories model 232,1356.51,9,0.0,227.26
1710,US-2021-101710,09/13/2021,09/15/2021,Standard Class,CU-10399,Customer 694,Consumer,United States,Oregon,Oregon,92474,West,OFF-LAB-9675,Office Supplies,Labels,Labels model 103,202.87,7,0.0,68.26
1711,US-2021-101711,05/12/2021,05/18/2021,Standard Class,CU-10725,Customer 133,Consumer,United States,Ohio,Ohio,13289,Central,TEC-PHO-6183,Technology,Phones,Phones model 262,5436.72,8,0.1,770.48
1712,US-2023-101712,09/09/2023,09/12/2023,First Class,CU-10234,Customer 711,Home Office,United States,California,California,18067,West,FUR-TAB-5633,Furniture,Tables,Tables model 35,1400.36,3,0.0,124.84
1713,US-2023-101713,03/28/2023,03/29/2023,Second Class,CU-10774,Customer 41,Corporate,United States,Washington,Washington,51715,West,OFF-ART-5069,Office Supplies,Art,Art model 69,175.17,2,0.4,1.06
1714,US-2023-101714,07/12/2023,07/17/2023,First Class,CU-10653,Customer 51,Consumer,United States,Alabama,Alabama,88808,South,OFF-ART-1360,Office Supplies,Art,Art model 204,111.14,1,0.15,36.27
1715,US-2022-101715,11/21/2022,11/25/2022,Standard Class,CU-10431,Customer 488,Consumer,United States,Washington,Washington,20596,West,OFF-ART-2865,Office Supplies,Art,Art model 270,453.17,7,0.0,-17.27
1716,US-2021-101716,09/17/2021,09/23/2021,Standard Class,CU-10576,Customer 535,Home Office,United States,Florida,Florida,89718,South,OFF-LAB-6441,Office Supplies,Labels,Labels model 261,1049.47,8,0.0,267.12
1717,US-2021-101717,08/28/2021,09/02/2021,Standard Class,CU-10491,Customer 194,Home Office,United States,Georgia,Georgia,47951,South,OFF-ART-4214,Office Supplies,Art,Art model 21,746.56,6,0.2,-15.25
1718,US-2024-101718,05/23/2024,05/24/2024,Standard Class,CU-10379,Customer 543,Corporate,United States,Michigan,Michigan,65374,Central,FUR-FUR-6398,Furniture,Furnishings,Furnishings model 119,280.37,1,0.1,8.08
1719,US-2023-101719,02/15/2023,02/22/2023,First Class,CU-10033,Customer 207,Home Office,United States,Washington,Washington,59734,West,OFF-STO-8241,Office Supplies,Storage,Storage model 46,265.4,3,0.3,27.84
1720,US-2024-101720,11/06/2024,11/12/2024,Standard Class,CU-10460,Customer 135,Home Office,United States,New Jersey,New Jersey,78234,East,OFF-BIN-9973,Office Supplies,Binders,Binders model 231,130.67,2,0.15,17.82
1721,US-2022-101721,04/13/2022,04/17/2022,Standard Class,CU-10653,Customer 225,Consumer,United States,New Jersey,New Jersey,13594,East,OFF-PAP-1599,Office Supplies,Paper,Paper model 32,122.75,1,0.2,-9.82
1722,US-2021-101722,03/23/2021,03/27/2021,Standard Class,CU-10628,Customer 303,Consumer,United States,Michigan,Michigan,86722,Central,FUR-CHA-3650,Furniture,Chairs,Chairs model 268,742.46,1,0.15,-54.12
1723,US-2023-101723,07/24/2023,07/27/2023,First Class,CU-10105,Customer 572,Corporate,United States,Oregon,Oregon,49997,West,OFF-STO-9356,Office Supplies,Storage,Storage model 67,473.86,8,0.3,54.74
1724,US-2024-101724,01/02/2024,01/07/2024,Standard Class,CU-10180,Customer 711,Home Office,United States,Georgia,Georgia,32532,South,FUR-FUR-3770,Furniture,Furnishings,Furnishings model 5,2801.56,8,0.0,1070.24
1725,US-2023-101725,10/12/2023,10/16/2023,Standard Class,CU-10694,Customer 544,Home Office,United States,Nevada,Nevada,18117,West,OFF-ART-1983,Office Supplies,Art,Art model 85,239.93,2,0.0,40.09
1726,US-2024-101726,12/10/2024,12/14/2024,Second Class,CU-10511,Customer 185,Consumer,United States,Illinois,Illinois,85055,Central,OFF-BIN-7139,Office Supplies,Binders,Binders model 186,471.82,8,0.3,24.31
1727,US-2023-101727,04/30/2023,05/06/2023,Second Class,CU-10614,Customer 12,Home Office,United States,Florida,Florida,48718,South,OFF-BIN-8360,Office Supplies,Binders,Binders model 203,15.76,3,0.15,0.64
1728,US-2024-101728,03/14/2024,03/16/2024,Second Class,CU-10070,Customer 652,Home Office,United States,North Carolina,North Carolina,78771,South,OFF-PAP-8520,Office Supplies,Paper,Paper model 129,176.63,3,0.1,-2.59
1729,US-2023-101729,09/28/2023,10/02/2023,Same Day,CU-10188,Customer 55,Consumer,United States,Massachusetts,Massachusetts,67885,East,TEC-MAC-6350,Technology,Machines,Machines model 52,4663.57,9,0.1,1015.4
1730,US-2024-101730,01/26/2024,01/31/2024,First Class,CU-10048,Customer 273,Home Office,United States,Alabama,Alabama,49521,South,OFF-ART-1140,Office Supplies,Art,Art model 208,766.36,7,0.2,97.55
1731,US-2023-101731,02/02/2023,02/04/2023,Standard Class,CU-10627,Customer 687,Corporate,United States,Pennsylvania,Pennsylvania,88655,East,TEC-COP-7114,Technology,Copiers,Copiers model 177,1102.23,2,0.2,21.07
1732,US-2023-101732,10/10/2023,10/16/2023,Second Class,CU-10025,Customer 371,Corporate,United States,Massachusetts,Massachusetts,53640,East,OFF-ART-2635,Office Supplies,Art,Art model 129,186.21,2,0.1,-6.98
1733,US-2021-101733,11/26/2021,11/30/2021,Standard Class,CU-10190,Customer 734,Corporate,United States,Texas,Texas,80109,Central,FUR-TAB-2936,Furniture,Tables,Tables model 186,6695.66,8,0.1,1029.26
1734,US-2021-101734,10/09/2021,10/15/2021,First Class,CU-10047,Customer 785,Corporate,United States,Washington,Washington,59050,West,FUR-FUR-1866,Furniture,Furnishings,Furnishings model 108,2369.19,3,0.0,317.08
1735,US-2021-101735,07/26/2021,07/27/2021,Second Class,CU-10515,Customer 598,Consumer,United States,Pennsylvania,Pennsylvania,80141,East,OFF-BIN-3241,Office Supplies,Binders,Binders model 188,86.45,3,0.4,-7.44
1736,US-2024-101736,10/30/2024,11/03/2024,Standard Class,CU-10164,Customer 682,Corporate,United States,Georgia,Georgia,87935,South,OFF-ART-2106,Office Supplies,Art,Art model 230,452.02,6,0.15,-20.31
1737,US-2023-101737,03/17/2023,03/18/2023,Standard Class,CU-10480,Customer 360,Consumer,United States,Oregon,Oregon,47562,West,OFF-STO-2478,Office Supplies,Storage,Storage model 143,5.77,1,0.0,1.08
1738,US-2024-101738,05/09/2024,05/15/2024,Standard Class,CU-10232,Customer 218,Corporate,United States,Pennsylvania,Pennsylvania,83640,East,OFF-BIN-3051,Office Supplies,Binders,Binders model 254,251.13,3,0.0,9.69
1739,US-2023-101739,11/29/2023,12/03/2023,Standard Class,CU-10794,Customer 212,Consumer,United States,Pennsylvania,Pennsylvania,70820,East,TEC-MAC-7039,Technology,Machines,Machines model 162,2370.2,5,0.0,593.17
1740,US-2022-101740,11/01/2022,11/04/2022,Standard Class,CU-10416,Customer 321,Home Office,United States,Ohio,Ohio,88347,Central,FUR-FUR-7176,Furniture,Furnishings,Furnishings model 158,2756.43,4,0.2,209.09
1741,US-2022-101741,08/04/2022,08/07/2022,Standard Class,CU-10327,Customer 213,Home Office,United States,Massachusetts,Massachusetts,61854,East,OFF-PAP-6614,Office Supplies,Paper,Paper model 205,562.66,5,0.0,191.8
1742,US-2023-101742,04/25/2023,04/26/2023,Second Class,CU-10417,Customer 707,Home Office,United States,North Carolina,North Carolina,71336,South,OFF-STO-2535,Office Supplies,Storage,Storage model 199,574.12,8,0.0,182.54
1743,US-2024-101743,02/08/2024,02/12/2024,Second Class,CU-10040,Customer 567,Consumer,United States,California,California,76662,West,OFF-ART-1481,Office Supplies,Art,Art model 276,1196.85,9,0.1,385.75
1744,US-2022-101744,12/20/2022,12/22/2022,Second Class,CU-10494,Customer 111,Home Office,United States,Michigan,Michigan,51688,Central,FUR-CHA-7188,Furniture,Chairs,Chairs model 80,1676.96,2,0.15,-105.58
1745,US-2022-101745,01/09/2022,01/11/2022,Second Class,CU-10396,Customer 722,Consumer,United States,Georgia,Georgia,19857,South,OFF-PAP-4377,Office Supplies,Paper,Paper model 255,72.26,1,0.4,24.18
1746,US-2024-101746,11/20/2024,11/25/2024,First Class,CU-10211,Customer 512,Corporate,United States,California,California,56059,West,TEC-MAC-4463,Technology,Machines,Machines model 134,535.72,1,0.1,89.03
1747,US-2022-101747,11/21/2022,11/27/2022,First Class,CU-10544,Customer 543,Consumer,United States,North Carolina,North Carolina,57552,South,FUR-CHA-7264,Furniture,Chairs,Chairs model 124,936.31,3,0.15,203.55
1748,US-2021-101748,05/25/2021,05/29/2021,Standard Class,CU-10285,Customer 693,Consumer,United States,Oregon,Oregon,17871,West,TEC-COP-9700,Technology,Copiers,Copiers model 76,6841.45,4,0.1,84.81
1749,US-2021-101749,03/29/2021,04/03/2021,Standard Class,CU-10492,Customer 714,Home Office,United States,California,California,40757,West,OFF-STO-7436,Office Supplies,Storage,Storage model 191,205.41,2,0.0,-25.92
1750,US-2023-101750,09/12/2023,09/17/2023,Same Day,CU-10414,Customer 371,Corporate,United States,Washington,Washington,76061,West,OFF-PAP-1465,Office Supplies,Paper,Paper model 65,144.74,7,0.0,21.34
1751,US-2024-101751,03/27/2024,03/30/2024,Standard Class,CU-10735,Customer 194,Consumer,United States,Illinois,Illinois,89532,Central,OFF-PAP-6981,Office Supplies,Paper,Paper model 201,456.39,9,0.3,2.0
1752,US-2021-101752,10/14/2021,10/18/2021,Standard Class,CU-10145,Customer 244,Corporate,United States,Michigan,Michigan,96652,Central,TEC-ACC-8091,Technology,Accessories,Accessories model 106,1852.94,2,0.0,425.73
1753,US-2023-101753,07/19/2023,07/23/2023,Standard Class,CU-10023,Customer 548,Corporate,United States,Oregon,Oregon,91386,West,FUR-TAB-4292,Furniture,Tables,Tables model 46,5597.73,8,0.1,265.24
1754,US-2023-101754,09/15/2023,09/22/2023,First Class,CU-10539,Customer 555,Corporate,United States,New York,New York,60230,East,OFF-STO-6207,Office Supplies,Storage,Storage model 105,289.4,3,0.2,14.62
1755,US-2023-101755,09/16/2023,09/19/2023,First Class,CU-10307,Customer 518,Consumer,United States,Illinois,Illinois,87103,Central,OFF-STO-3666,Office Supplies,Storage,Storage model 9,376.29,3,0.0,122.57
1756,US-2023-101756,01/02/2023,01/07/2023,Standard Class,CU-10542,Customer 239,Corporate,United States,Illinois,Illinois,83229,Central,OFF-STO-5179,Office Supplies,Storage,Storage model 36,907.87,7,0.3,143.9
1757,US-2021-101757,02/28/2021,03/04/2021,Standard Class,CU-10760,Customer 577,Corporate,United States,Texas,Texas,83175,Central,OFF-LAB-3282,Office Supplies,Labels,Labels model 99,343.61,9,0.1,84.97
1758,US-2023-101758,06/16/2023,06/21/2023,Standard Class,CU-10359,Customer 420,Corporate,United States,Oregon,Oregon,30110,West,OFF-BIN-8811,Office Supplies,Binders,Binders model 50,300.53,6,0.0,-23.23
1759,US-2024-101759,07/17/2024,07/22/2024,First Class,CU-10317,Customer 256,Consumer,United States,Nevada,Nevada,75915,West,OFF-STO-4677,Office Supplies,Storage,Storage model 20,234.56,4,0.1,41.96
1760,US-2024-101760,07/21/2024,07/23/2024,Standard Class,CU-10746,Customer 323,Consumer,United States,Alabama,Alabama,73958,South,FUR-BOO-4795,Furniture,Bookcases,Bookcases model 119,1847.66,8,0.1,808.44
1761,US-2024-101761,04/22/2024,04/27/2024,Standard Class,CU-10423,Customer 681,Home Office,United States,North Carolina,North Carolina,10127,South,TEC-PHO-5337,Technology,Phones,Phones model 10,3344.67,5,0.0,1155.71
1762,US-2023-101762,01/12/2023,01/15/2023,First Class,CU-10326,Customer 625,Corporate,United States,Texas,Texas,89183,Central,OFF-STO-2097,Office Supplies,Storage,Storage model 167,258.14,3,0.2,-57.41
1763,US-2023-101763,07/16/2023,07/19/2023,Standard Class,CU-10730,Customer 451,Home Office,United States,Michigan,Michigan,55461,Central,FUR-TAB-3710,Furniture,Tables,Tables model 147,1977.39,4,0.0,695.79
1764,US-2022-101764,03/21/2022,03/24/2022,Standard Class,CU-10517,Customer 772,Home Office,United States,Texas,Texas,11985,Central,FUR-CHA-3793,Furniture,Chairs,Chairs model 274,1256.15,8,0.0,262.15
1765,US-2021-101765,11/15/2021,11/22/2021,Standard Class,CU-10716,Customer 416,Consumer,United States,Michigan,Michigan,81770,Central,OFF-ART-7069,Office Supplies,Art,Art model 3,32.47,1,0.0,4.89
1766,US-2023-101766,11/04/2023,11/10/2023,Standard Class,CU-10357,Customer 30,Consumer,United States,Ohio,Ohio,95106,Central,FUR-CHA-6441,Furniture,Chairs,Chairs model 241,3330.09,5,0.0,-262.76
1767,US-2023-101767,10/24/2023,10/26/2023,Second Class,CU-10011,Customer 23,Corporate,United States,Pennsylvania,Pennsylvania,68280,East,TEC-ACC-2272,Technology,Accessories,Accessories model 83,344.97,1,0.1,30.43
1768,US-2024-101768,04/24/2024,04/29/2024,Same Day,CU-10360,Customer 85,Consumer,United States,Ohio,Ohio,82929,Central,OFF-STO-7285,Office Supplies,Storage,Storage model 38,264.53,8,0.15,40.13
1769,US-2023-101769,07/01/2023,07/08/2023,First Class,CU-10510,Customer 466,Consumer,United States,Florida,Florida,74898,South,FUR-TAB-2507,Furniture,Tables,Tables model 272,103.06,1,0.1,53.83
1770,US-2023-101770,02/22/2023,02/25/2023,Standard Class,CU-10303,Customer 248,Corporate,United States,California,California,50525,West,TEC-MAC-5518,Technology,Machines,Machines model 39,12110.3,8,0.1,2948.11
1771,US-2022-101771,09/17/2022,09/23/2022,Second Class,CU-10618,Customer 798,Consumer,United States,Ohio,Ohio,80186,Central,OFF-PAP-3757,Office Supplies,Paper,Paper model 282,852.16,9,0.0,220.69
1772,US-2022-101772,05/01/2022,05/08/2022,Standard Class,CU-10679,Customer 190,Home Office,United States,Washington,Washington,17412,West,FUR-CHA-8858,Furniture,Chairs,Chairs model 22,2475.25,3,0.15,718.34
1773,US-2023-101773,03/11/2023,03/17/2023,First Class,CU-10187,Customer 754,Consumer,United States,Georgia,Georgia,85625,South,OFF-LAB-6978,Office Supplies,Labels,Labels model 86,124.0,2,0.1,19.55
1774,US-2022-101774,02/18/2022,02/23/2022,Standard Class,CU-10608,Customer 745,Home Office,United States,New Jersey,New Jersey,15147,East,FUR-CHA-6494,Furniture,Chairs,Chairs model 100,3542.57,5,0.0,211.82
1775,US-2022-101775,10/04/2022,10/05/2022,Standard Class,CU-10757,Customer 624,Consumer,United States,Pennsylvania,Pennsylvania,18830,East,OFF-ART-2539,Office Supplies,Art,Art model 218,115.06,5,0.0,43.6
1776,US-2024-101776,10/17/2024,10/20/2024,Standard Class,CU-10214,Customer 250,Corporate,United States,New Jersey,New Jersey,41582,East,OFF-PAP-2111,Office Supplies,Paper,Paper model 216,810.43,7,0.15,247.06
1777,US-2022-101777,10/29/2022,11/04/2022,Second Class,CU-10473,Customer 499,Consumer,United States,New York,New York,69204,East,FUR-BOO-7381,Furniture,Bookcases,Bookcases model 131,2595.82,6,0.0,438.91
1778,US-2021-101778,03/14/2021,03/21/2021,Standard Class,CU-10622,Customer 371,Home Office,United States,Texas,Texas,45037,Central,OFF-LAB-7246,Office Supplies,Labels,Labels model 123,44.72,6,0.0,4.66
1779,US-2021-101779,04/01/2021,04/04/2021,Standard Class,CU-10549,Customer 4,Consumer,United States,New Jersey,New Jersey,68242,East,OFF-PAP-2619,Office Supplies,Paper,Paper model 276,432.82,4,0.15,65.04
1780,US-2022-101780,02/05/2022,02/11/2022,Standard Class,CU-10493,Customer 531,Corporate,United States,New York,New York,80268,East,TEC-MAC-5930,Technology,Machines,Machines model 173,2971.36,2,0.15,557.8
1781,US-2021-101781,06/30/2021,07/03/2021,Standard Class,CU-10385,Customer 472,Home Office,United States,Nevada,Nevada,51297,West,OFF-STO-7437,Office Supplies,Storage,Storage model 202,124.9,8,0.0,33.8
1782,US-2021-101782,03/27/2021,04/01/2021,Standard Class,CU-10385,Customer 18,Corporate,United States,New York,New York,37297,East,TEC-ACC-2531,Technology,Accessories,Accessories model 131,5789.33,4,0.1,-685.54
1783,US-2022-101783,03/07/2022,03/14/2022,Standard Class,CU-10245,Customer 603,Consumer,United States,Nevada,Nevada,33413,West,TEC-MAC-9048,Technology,Machines,Machines model 89,2110.67,6,0.2,317.42
1784,US-2023-101784,07/13/2023,07/18/2023,First Class,CU-10761,Customer 393,Home Office,United States,Alabama,Alabama,67370,South,FUR-BOO-2760,Furniture,Bookcases,Bookcases model 282,3119.5,9,0.3,325.34
1785,US-2021-101785,05/12/2021,05/14/2021,Same Day,CU-10736,Customer 419,Corporate,United States,Georgia,Georgia,12155,South,OFF-ART-9720,Office Supplies,Art,Art model 186,950.92,8,0.3,130.84
1786,US-2022-101786,05/17/2022,05/24/2022,Standard Class,CU-10698,Customer 679,Home Office,United States,Texas,Texas,15688,Central,OFF-ART-4844,Office Supplies,Art,Art model 155,593.87,5,0.1,164.08
1787,US-2024-101787,09/10/2024,09/11/2024,Second Class,CU-10680,Customer 143,Home Office,United States,Oregon,Oregon,84953,West,TEC-MAC-1101,Technology,Machines,Machines model 71,6879.98,7,0.0,2294.19
1788,US-2022-101788,10/27/2022,11/02/2022,Standard Class,CU-10138,Customer 352,Home Office,United States,New Jersey,New Jersey,70764,East,OFF-STO-9977,Office Supplies,Storage,Storage model 238,33.97,3,0.0,0.84
1789,US-2022-101789,02/08/2022,02/11/2022,Standard Class,CU-10201,Customer 415,Corporate,United States,Washington,Washington,24145,West,OFF-BIN-8776,Office Supplies,Binders,Binders model 232,128.15,1,0.4,2.15
1790,US-2021-101790,09/17/2021,09/21/2021,Standard Class,CU-10093,Customer 302,Consumer,United States,New Jersey,New Jersey,61798,East,TEC-ACC-3174,Technology,Accessories,Accessories model 38,8847.21,9,0.3,-2322.83
1791,US-2021-101791,03/01/2021,03/02/2021,First Class,CU-10468,Customer 447,Consumer,United States,Pennsylvania,Pennsylvania,21723,East,OFF-STO-8660,Office Supplies,Storage,Storage model 275,123.28,2,0.0,15.45
1792,US-2022-101792,02/07/2022,02/10/2022,Second Class,CU-10660,Customer 247,Corporate,United States,Oregon,Oregon,75084,West,OFF-STO-4053,Office Supplies,Storage,Storage model 4,766.17,7,0.2,-10.17
1793,US-2022-101793,04/10/2022,04/11/2022,Standard Class,CU-10190,Customer 705,Corporate,United States,Ohio,Ohio,66930,Central,TEC-PHO-9677,Technology,Phones,Phones model 175,2787.01,7,0.0,1070.38
1794,US-2024-101794,05/07/2024,05/14/2024,First Class,CU-10628,Customer 44,Consumer,United States,Oregon,Oregon,13876,West,OFF-PAP-1278,Office Supplies,Paper,Paper model 33,490.23,5,0.4,50.64
1795,US-2021-101795,03/28/2021,04/01/2021,First Class,CU-10430,Customer 476,Consumer,United States,Pennsylvania,Pennsylvania,37834,East,OFF-STO-7237,Office Supplies,Storage,Storage model 2,155.54,3,0.2,7.53
1796,US-2023-101796,02/08/2023,02/11/2023,Standard Class,CU-10338,Customer 732,Home Office,United States,Nevada,Nevada,58426,West,OFF-BIN-6502,Office Supplies,Binders,Binders model 131,433.22,7,0.2,34.99
1797,US-2023-101797,08/22/2023,08/25/2023,Standard Class,CU-10709,Customer 138,Corporate,United States,New Jersey,New Jersey,65497,East,OFF-PAP-4034,Office Supplies,Paper,Paper model 271,959.07,7,0.1,326.99
1798,US-2021-101798,03/02/2021,03/05/2021,Standard Class,CU-10620,Customer 487,Home Office,United States,Massachusetts,Massachusetts,10764,East,OFF-STO-9449,Office Supplies,Storage,Storage model 203,92.93,8,0.0,40.83
1799,US-2023-101799,10/15/2023,10/16/2023,Standard Class,CU-10018,Customer 451,Corporate,United States,Michigan,Michigan,72672,Central,OFF-LAB-9265,Office Supplies,Labels,Labels model 40,58.86,3,0.0,16.17
1800,US-2023-101800,12/24/2023,12/29/2023,Standard Class,CU-10263,Customer 713,Consumer,United States,New York,New York,47955,East,OFF-PAP-8085,Office Supplies,Paper,Paper model 187,1325.74,9,0.0,149.92
1801,US-2024-101801,02/27/2024,02/28/2024,First Class,CU-10632,Customer 98,Home Office,United States,North Carolina,North Carolina,38937,South,FUR-TAB-7687,Furniture,Tables,Tables model 294,441.01,2,0.2,6.73
1802,US-2024-101802,04/02/2024,04/08/2024,Same Day,CU-10369,Customer 65,Home Office,United States,Georgia,Georgia,93283,South,OFF-ART-2544,Office Supplies,Art,Art model 42,1028.89,9,0.0,156.19
1803,US-2023-101803,01/31/2023,02/03/2023,Standard Class,CU-10670,Customer 606,Corporate,United States,Florida,Florida,28511,South,FUR-BOO-1534,Furniture,Bookcases,Bookcases model 219,392.71,3,0.0,118.11
1804,US-2023-101804,06/16/2023,06/19/2023,Standard Class,CU-10124,Customer 589,Consumer,United States,North Carolina,North Carolina,71664,South,TEC-PHO-9791,Technology,Phones,Phones model 110,1096.07,6,0.0,15.26
1805,US-2023-101805,10/02/2023,10/09/2023,Second Class,CU-10619,Customer 569,Consumer,United States,Michigan,Michigan,51088,Central,OFF-BIN-5835,Office Supplies,Binders,Binders model 22,134.19,3,0.3,6.86
1806,US-2022-101806,12/05/2022,12/06/2022,Same Day,CU-10348,Customer 396,Corporate,United States,Florida,Florida,50015,South,OFF-BIN-5281,Office Supplies,Binders,Binders model 262,182.81,2,0.0,25.58
1807,US-2022-101807,01/21/2022,01/26/2022,Standard Class,CU-10717,Customer 712,Corporate,United States,Washington,Washington,89465,West,OFF-ART-6264,Office Supplies,Art,Art model 219,323.8,3,0.2,55.69
1808,US-2021-101808,12/20/2021,12/26/2021,Standard Class,CU-10685,Customer 414,Consumer,United States,Nevada,Nevada,89658,West,TEC-MAC-6721,Technology,Machines,Machines model 43,5974.58,5,0.15,2103.22
1809,US-2024-101809,12/24/2024,12/29/2024,Standard Class,CU-10243,Customer 416,Consumer,United States,Illinois,Illinois,88297,Central,TEC-ACC-4479,Technology,Accessories,Accessories model 6,3291.46,6,0.2,342.31
1810,US-2022-101810,12/03/2022,12/05/2022,Standard Class,CU-10788,Customer 338,Corporate,United States,California,California,18848,West,FUR-CHA-2154,Furniture,Chairs,Chairs model 90,3838.55,5,0.0,-487.75
1811,US-2022-101811,07/06/2022,07/09/2022,Standard Class,CU-10371,Customer 448,Consumer,United States,New Jersey,New Jersey,66126,East,OFF-BIN-2015,Office Supplies,Binders,Binders model 197,415.37,5,0.15,-47.03
1812,US-2024-101812,03/09/2024,03/11/2024,Standard Class,CU-10425,Customer 448,Home Office,United States,California,California,36272,West,TEC-ACC-4888,Technology,Accessories,Accessories model 179,6610.61,9,0.4,501.11
1813,US-2023-101813,09/29/2023,10/04/2023,Second Class,CU-10611,Customer 481,Consumer,United States,New York,New York,34094,East,OFF-STO-7724,Office Supplies,Storage,Storage model 263,304.71,9,0.3,66.92
1814,US-2021-101814,04/25/2021,04/27/2021,Standard Class,CU-10221,Customer 673,Consumer,United States,North Carolina,North Carolina,25095,South,FUR-TAB-2480,Furniture,Tables,Tables model 122,2423.33,5,0.0,784.17
1815,US-2021-101815,05/10/2021,05/12/2021,Same Day,CU-10614,Customer 762,Corporate,United States,Oregon,Oregon,96781,West,FUR-FUR-9778,Furniture,Furnishings,Furnishings model 7,2303.37,9,0.3,222.05
1816,US-2023-101816,05/31/2023,06/07/2023,Second Class,CU-10139,Customer 509,Corporate,United States,Pennsylvania,Pennsylvania,46809,East,OFF-STO-7715,Office Supplies,Storage,Storage model 142,45.08,8,0.3,-3.17
1817,US-2023-101817,10/02/2023,10/07/2023,Standard Class,CU-10345,Customer 497,Corporate,United States,Oregon,Oregon,29892,West,OFF-LAB-7827,Office Supplies,Labels,Labels model 27,546.86,7,0.2,-33.02
1818,US-2024-101818,12/07/2024,12/12/2024,Standard Class,CU-10554,Customer 342,Consumer,United States,New Jersey,New Jersey,69340,East,OFF-LAB-7367,Office Supplies,Labels,Labels model 66,173.24,6,0.4,4.16
1819,US-2024-101819,11/14/2024,11/19/2024,Standard Class,CU-10331,Customer 280,Consumer,United States,Ohio,Ohio,76432,Central,TEC-MAC-3273,Technology,Machines,Machines model 196,1496.3,5,0.2,522.3
1820,US-2021-101820,10/20/2021,10/25/2021,Second Class,CU-10239,Customer 264,Home Office,United States,Illinois,Illinois,78953,Central,OFF-PAP-4479,Office Supplies,Paper,Paper model 105,1066.42,9,0.0,296.41
1821,US-2021-101821,12/19/2021,12/20/2021,Standard Class,CU-10136,Customer 177,Consumer,United States,Michigan,Michigan,56924,Central,OFF-LAB-7047,Office Supplies,Labels,Labels model 287,177.79,4,0.1,14.93
1822,US-2024-101822,12/25/2024,12/27/2024,Second Class,CU-10055,Customer 636,Consumer,United States,California,California,95246,West,FUR-TAB-1880,Furniture,Tables,Tables model 91,2886.4,9,0.1,532.11
1823,US-2023-101823,05/10/2023,05/16/2023,Standard Class,CU-10380,Customer 27,Consumer,United States,California,California,72150,West,TEC-PHO-9614,Technology,Phones,Phones model 293,4918.74,4,0.0,1639.8
1824,US-2024-101824,09/13/2024,09/18/2024,Standard Class,CU-10690,Customer 653,Corporate,United States,New York,New York,62496,East,OFF-LAB-6107,Office Supplies,Labels,Labels model 81,117.69,9,0.2,18.76
1825,US-2023-101825,09/17/2023,09/19/2023,Standard Class,CU-10327,Customer 443,Corporate,United States,Florida,Florida,10988,South,OFF-LAB-2406,Office Supplies,Labels,Labels model 44,30.28,1,0.1,2.43
1826,US-2024-101826,11/30/2024,12/05/2024,Same Day,CU-10025,Customer 213,Corporate,United States,Michigan,Michigan,22986,Central,OFF-BIN-1863,Office Supplies,Binders,Binders model 21,142.68,1,0.15,9.76
1827,US-2023-101827,04/03/2023,04/04/2023,Second Class,CU-10278,Customer 52,Consumer,United States,Nevada,Nevada,12096,West,OFF-BIN-4204,Office Supplies,Binders,Binders model 178,168.72,2,0.0,41.53
1828,US-2023-101828,09/04/2023,09/10/2023,Standard Class,CU-10305,Customer 316,Consumer,United States,North Carolina,North Carolina,56365,South,OFF-PAP-3176,Office Supplies,Paper,Paper model 9,950.78,7,0.2,137.34
1829,US-2024-101829,03/09/2024,03/15/2024,Second Class,CU-10472,Customer 147,Corporate,United States,New Jersey,New Jersey,49645,East,OFF-PAP-8273,Office Supplies,Paper,Paper model 112,146.7,3,0.3,17.98
1830,US-2024-101830,08/27/2024,08/29/2024,Standard Class,CU-10035,Customer 723,Consumer,United States,Florida,Florida,78571,South,OFF-BIN-3513,Office Supplies,Binders,Binders model 145,271.83,4,0.2,-0.55
1831,US-2022-101831,09/22/2022,09/27/2022,Standard Class,CU-10225,Customer 313,Home Office,United States,Michigan,Michigan,49070,Central,FUR-FUR-3799,Furniture,Furnishings,Furnishings model 4,568.43,7,0.0,-75.62
1832,US-2022-101832,09/12/2022,09/18/2022,Second Class,CU-10793,Customer 600,Home Office,United States,Washington,Washington,75181,West,OFF-STO-7335,Office Supplies,Storage,Storage model 23,417.3,7,0.15,87.48
1833,US-2023-101833,09/24/2023,09/30/2023,Second Class,CU-10794,Customer 152,Home Office,United States,Washington,Washington,99386,West,OFF-STO-6781,Office Supplies,Storage,Storage model 108,122.15,2,0.3,14.93
1834,US-2023-101834,07/04/2023,07/10/2023,Standard Class,CU-10362,Customer 247,Consumer,United States,California,California,52172,West,OFF-BIN-8361,Office Supplies,Binders,Binders model 129,512.22,9,0.0,86.17
1835,US-2022-101835,03/17/2022,03/24/2022,First Class,CU-10235,Customer 574,Corporate,United States,North Carolina,North Carolina,30742,South,TEC-ACC-7829,Technology,Accessories,Accessories model 227,2523.3,6,0.0,500.52
1836,US-2022-101836,01/19/2022,01/26/2022,Standard Class,CU-10774,Customer 736,Home Office,United States,Massachusetts,Massachusetts,33770,East,TEC-MAC-5663,Technology,Machines,Machines model 149,1199.65,3,0.5,22.17
1837,US-2022-101837,03/07/2022,03/10/2022,First Class,CU-10290,Customer 56,Corporate,United States,Florida,Florida,57574,South,OFF-LAB-3338,Office Supplies,Labels,Labels model 191,967.11,9,0.3,114.31
1838,US-2021-101838,09/12/2021,09/17/2021,Standard Class,CU-10246,Customer 8,Consumer,United States,North Carolina,North Carolina,60504,South,OFF-PAP-5097,Office Supplies,Paper,Paper model 32,256.37,5,0.3,7.14
1839,US-2021-101839,09/11/2021,09/16/2021,Standard Class,CU-10027,Customer 308,Corporate,United States,New York,New York,61188,East,FUR-TAB-6203,Furniture,Tables,Tables model 186,1152.63,8,0.1,247.71
1840,US-2023-101840,02/05/2023,02/10/2023,Standard Class,CU-10653,Customer 380,Home Office,United States,Georgia,Georgia,94065,South,OFF-BIN-6059,Office Supplies,Binders,Binders model 104,201.32,2,0.15,19.71
1841,US-2023-101841,06/09/2023,06/10/2023,Standard Class,CU-10707,Customer 336,Consumer,United States,Oregon,Oregon,94083,West,TEC-ACC-5530,Technology,Accessories,Accessories model 234,7815.39,5,0.0,8.12
1842,US-2021-101842,08/24/2021,08/29/2021,Standard Class,CU-10601,Customer 405,Home Office,United States,Georgia,Georgia,42013,South,OFF-LAB-6712,Office Supplies,Labels,Labels model 235,669.96,7,0.15,149.78
1843,US-2022-101843,05/01/2022,05/05/2022,Standard Class,CU-10150,Customer 777,Corporate,United States,Illinois,Illinois,82201,Central,TEC-MAC-4621,Technology,Machines,Machines model 292,5410.63,9,0.0,1859.29
1844,US-2021-101844,11/16/2021,11/21/2021,Standard Class,CU-10792,Customer 480,Home Office,United States,Pennsylvania,Pennsylvania,55864,East,FUR-FUR-5660,Furniture,Furnishings,Furnishings model 105,737.12,1,0.0,38.71
1845,US-2022-101845,11/05/2022,11/10/2022,Standard Class,CU-10340,Customer 322,Home Office,United States,Pennsylvania,Pennsylvania,28885,East,OFF-STO-2543,Office Supplies,Storage,Storage model 10,442.0,6,0.2,42.86
1846,US-2022-101846,10/09/2022,10/12/2022,Standard Class,CU-10286,Customer 169,Consumer,United States,Massachusetts,Massachusetts,38575,East,OFF-LAB-9411,Office Supplies,Labels,Labels model 75,128.6,4,0.0,62.0
1847,US-2023-101847,06/16/2023,06/17/2023,Standard Class,CU-10785,Customer 79,Corporate,United States,Washington,Washington,75265,West,OFF-LAB-5798,Office Supplies,Labels,Labels model 78,15.05,1,0.1,3.91
1848,US-2021-101848,03/02/2021,03/06/2021,Second Class,CU-10161,Customer 670,Corporate,United States,New York,New York,16380,East,OFF-ART-5005,Office Supplies,Art,Art model 193,759.84,7,0.1,-59.53
1849,US-2024-101849,11/18/2024,11/22/2024,Standard Class,CU-10473,Customer 34,Corporate,United States,Michigan,Michigan,79113,Central,OFF-PAP-5576,Office Supplies,Paper,Paper model 57,421.15,5,0.0,71.52
1850,US-2023-101850,12/21/2023,12/26/2023,First Class,CU-10416,Customer 394,Home Office,United States,Texas,Texas,38201,Central,TEC-PHO-5266,Technology,Phones,Phones model 99,9362.61,6,0.1,1352.41
1851,US-2022-101851,03/07/2022,03/11/2022,First Class,CU-10169,Customer 222,Home Office,United States,Oregon,Oregon,20546,West,OFF-STO-2381,Office Supplies,Storage,Storage model 24,306.99,3,0.0,43.02
1852,US-2024-101852,04/23/2024,04/26/2024,Standard Class,CU-10657,Customer 527,Home Office,United States,Alabama,Alabama,28550,South,OFF-BIN-1701,Office Supplies,Binders,Binders model 47,30.34,2,0.4,8.65
1853,US-2024-101853,03/21/2024,03/22/2024,Standard Class,CU-10704,Customer 781,Consumer,United States,Texas,Texas,89021,Central,TEC-PHO-9886,Technology,Phones,Phones model 225,2436.86,3,0.0,242.65
1854,US-2023-101854,04/18/2023,04/21/2023,Standard Class,CU-10557,Customer 555,Home Office,United States,Ohio,Ohio,97098,Central,OFF-LAB-3922,Office Supplies,Labels,Labels model 253,321.81,4,0.15,-69.11
1855,US-2024-101855,05/27/2024,05/29/2024,Standard Class,CU-10484,Customer 644,Corporate,United States,Illinois,Illinois,24021,Central,OFF-BIN-8978,Office Supplies,Binders,Binders model 285,400.51,9,0.0,143.39
1856,US-2022-101856,10/22/2022,10/25/2022,Second Class,CU-10305,Customer 275,Corporate,United States,North Carolina,North Carolina,99653,South,OFF-PAP-4636,Office Supplies,Paper,Paper model 195,41.36,2,0.0,4.71
1857,US-2024-101857,06/24/2024,07/01/2024,Second Class,CU-10053,Customer 23,Home Office,United States,Alabama,Alabama,31132,South,OFF-STO-5632,Office Supplies,Storage,Storage model 103,501.27,4,0.4,17.8
1858,US-2022-101858,12/21/2022,12/28/2022,Standard Class,CU-10696,Customer 12,Corporate,United States,Massachusetts,Massachusetts,95806,East,OFF-STO-5795,Office Supplies,Storage,Storage model 142,80.05,3,0.15,12.5
1859,US-2023-101859,01/05/2023,01/09/2023,Standard Class,CU-10700,Customer 668,Corporate,United States,Massachusetts,Massachusetts,10434,East,OFF-PAP-9646,Office Supplies,Paper,Paper model 191,158.03,3,0.0,27.07
1860,US-2024-101860,05/09/2024,05/15/2024,Standard Class,CU-10538,Customer 33,Home Office,United States,Texas,Texas,47208,Central,TEC-ACC-6151,Technology,Accessories,Accessories model 152,2431.01,3,0.0,135.92
1861,US-2023-101861,12/22/2023,12/27/2023,Standard Class,CU-10738,Customer 557,Corporate,United States,Oregon,Oregon,50233,West,OFF-PAP-2975,Office Supplies,Paper,Paper model 191,83.79,2,0.0,16.35
1862,US-2021-101862,02/19/2021,02/21/2021,Standard Class,CU-10429,Customer 141,Corporate,United States,New Jersey,New Jersey,86879,East,OFF-LAB-4613,Office Supplies,Labels,Labels model 63,453.54,6,0.1,133.61
1863,US-2022-101863,06/08/2022,06/13/2022,Standard Class,CU-10375,Customer 664,Corporate,United States,Florida,Florida,96989,South,TEC-ACC-1548,Technology,Accessories,Accessories model 72,2972.51,4,0.15,744.7
1864,US-2023-101864,01/14/2023,01/19/2023,Second Class,CU-10764,Customer 232,Corporate,United States,Texas,Texas,26786,Central,OFF-STO-2138,Office Supplies,Storage,Storage model 59,1185.12,8,0.0,258.94
1865,US-2021-101865,03/06/2021,03/13/2021,Standard Class,CU-10110,Customer 100,Corporate,United States,Washington,Washington,67875,West,OFF-PAP-5298,Office Supplies,Paper,Paper model 245,53.45,3,0.0,12.59
1866,US-2021-101866,07/16/2021,07/17/2021,First Class,CU-10275,Customer 330,Consumer,United States,California,California,62007,West,OFF-ART-7046,Office Supplies,Art,Art model 220,126.54,7,0.0,27.67
1867,US-2024-101867,12/18/2024,12/23/2024,Standard Class,CU-10736,Customer 169,Consumer,United States,Alabama,Alabama,72666,South,OFF-STO-3581,Office Supplies,Storage,Storage model 48,57.36,4,0.0,9.98
1868,US-2021-101868,03/23/2021,03/29/2021,Second Class,CU-10364,Customer 279,Consumer,United States,Georgia,Georgia,81379,South,FUR-TAB-1574,Furniture,Tables,Tables model 37,2493.82,5,0.3,518.6
1869,US-2023-101869,01/02/2023,01/09/2023,First Class,CU-10038,Customer 333,Home Office,United States,Michigan,Michigan,24357,Central,OFF-LAB-8773,Office Supplies,Labels,Labels model 100,1280.66,9,0.1,629.66
1870,US-2024-101870,03/06/2024,03/10/2024,Second Class,CU-10778,Customer 112,Consumer,United States,Alabama,Alabama,85609,South,OFF-STO-4588,Office Supplies,Storage,Storage model 236,389.09,3,0.3,-132.11
1871,US-2024-101871,08/26/2024,08/28/2024,Standard Class,CU-10565,Customer 601,Corporate,United States,California,California,86316,West,FUR-CHA-8520,Furniture,Chairs,Chairs model 59,7767.83,9,0.0,1351.0
1872,US-2022-101872,08/30/2022,09/02/2022,Standard Class,CU-10412,Customer 715,Consumer,United States,Florida,Florida,69368,South,FUR-TAB-4360,Furniture,Tables,Tables model 11,790.13,7,0.15,273.18
1873,US-2021-101873,08/25/2021,08/26/2021,Second Class,CU-10789,Customer 590,Consumer,United States,California,California,97527,West,FUR-CHA-8254,Furniture,Chairs,Chairs model 7,3936.56,9,0.0,714.61
1874,US-2021-101874,10/21/2021,10/22/2021,Second Class,CU-10240,Customer 410,Corporate,United States,New York,New York,66842,East,OFF-ART-6942,Office Supplies,Art,Art model 237,483.05,4,0.15,64.32
1875,US-2021-101875,07/16/2021,07/21/2021,Second Class,CU-10646,Customer 508,Consumer,United States,Michigan,Michigan,26580,Central,OFF-LAB-5502,Office Supplies,Labels,Labels model 127,1087.01,8,0.15,219.34
1876,US-2024-101876,10/19/2024,10/21/2024,Second Class,CU-10318,Customer 219,Consumer,United States,Ohio,Ohio,16676,Central,OFF-LAB-4943,Office Supplies,Labels,Labels model 119,101.42,7,0.1,0.05
1877,US-2021-101877,11/22/2021,11/28/2021,First Class,CU-10389,Customer 267,Consumer,United States,Florida,Florida,36336,South,OFF-BIN-7077,Office Supplies,Binders,Binders model 53,971.67,8,0.4,103.07
1878,US-2024-101878,04/01/2024,04/06/2024,Standard Class,CU-10663,Customer 152,Consumer,United States,North Carolina,North Carolina,58689,South,TEC-COP-8391,Technology,Copiers,Copiers model 15,931.85,6,0.1,41.97
1879,US-2021-101879,09/28/2021,09/30/2021,Second Class,CU-10678,Customer 587,Consumer,United States,Alabama,Alabama,82581,South,OFF-STO-5748,Office Supplies,Storage,Storage model 92,417.21,5,0.1,-3.4
1880,US-2021-101880,01/18/2021,01/21/2021,Second Class,CU-10286,Customer 533,Home Office,United States,Ohio,Ohio,18642,Central,OFF-PAP-5226,Office Supplies,Paper,Paper model 138,112.06,1,0.4,18.06
1881,US-2021-101881,01/11/2021,01/13/2021,Same Day,CU-10154,Customer 380,Corporate,United States,Georgia,Georgia,44029,South,OFF-ART-6561,Office Supplies,Art,Art model 273,194.43,5,0.1,-8.5
1882,US-2021-101882,07/02/2021,07/06/2021,Same Day,CU-10567,Customer 155,Corporate,United States,Alabama,Alabama,69542,South,TEC-PHO-3018,Technology,Phones,Phones model 232,5056.7,4,0.3,-342.72
1883,US-2021-101883,05/04/2021,05/10/2021,First Class,CU-10737,Customer 341,Consumer,United States,Nevada,Nevada,61053,West,OFF-BIN-1745,Office Supplies,Binders,Binders model 118,290.75,4,0.1,26.03
1884,US-2024-101884,10/25/2024,10/27/2024,Standard Class,CU-10400,Customer 435,Home Office,United States,Washington,Washington,52017,West,OFF-LAB-5697,Office Supplies,Labels,Labels model 170,200.03,4,0.0,-8.47
1885,US-2022-101885,08/04/2022,08/10/2022,First Class,CU-10726,Customer 60,Home Office,United States,New Jersey,New Jersey,20863,East,OFF-BIN-6522,Office Supplies,Binders,Binders model 31,93.83,6,0.0,-20.07
1886,US-2022-101886,01/19/2022,01/21/2022,Standard Class,CU-10480,Customer 302,Home Office,United States,Nevada,Nevada,78589,West,OFF-PAP-6730,Office Supplies,Paper,Paper model 188,382.96,4,0.15,21.1
1887,US-2024-101887,10/30/2024,11/01/2024,Standard Class,CU-10068,Customer 412,Home Office,United States,New York,New York,73725,East,OFF-LAB-5449,Office Supplies,Labels,Labels model 217,233.24,5,0.2,17.17
1888,US-2023-101888,09/22/2023,09/23/2023,Second Class,CU-10023,Customer 518,Corporate,United States,Oregon,Oregon,70521,West,OFF-LAB-8139,Office Supplies,Labels,Labels model 198,368.62,5,0.15,25.08
1889,US-2021-101889,01/21/2021,01/24/2021,Standard Class,CU-10079,Customer 530,Home Office,United States,Michigan,Michigan,48314,Central,OFF-STO-5524,Office Supplies,Storage,Storage model 49,588.12,8,0.0,156.26
1890,US-2023-101890,09/22/2023,09/24/2023,Standard Class,CU-10784,Customer 476,Consumer,United States,Florida,Florida,30761,South,FUR-FUR-1663,Furniture,Furnishings,Furnishings model 70,4090.58,9,0.0,1521.78
1891,US-2023-101891,04/02/2023,04/07/2023,First Class,CU-10359,Customer 725,Home Office,United States,Michigan,Michigan,45969,Central,FUR-BOO-5284,Furniture,Bookcases,Bookcases model 24,1037.66,2,0.3,-2.54
1892,US-2022-101892,11/26/2022,11/29/2022,Standard Class,CU-10252,Customer 451,Home Office,United States,Pennsylvania,Pennsylvania,75153,East,TEC-MAC-1004,Technology,Machines,Machines model 165,8295.06,7,0.0,3117.56
1893,US-2022-101893,07/12/2022,07/13/2022,Standard Class,CU-10375,Customer 449,Home Office,United States,Massachusetts,Massachusetts,39030,East,TEC-COP-4510,Technology,Copiers,Copiers model 209,7481.59,5,0.2,1306.06
1894,US-2023-101894,08/31/2023,09/01/2023,Second Class,CU-10327,Customer 577,Corporate,United States,Georgia,Georgia,95595,South,OFF-BIN-8506,Office Supplies,Binders,Binders model 77,659.36,9,0.2,-62.9
1895,US-2022-101895,06/27/2022,06/29/2022,Standard Class,CU-10750,Customer 79,Corporate,United States,Texas,Texas,79621,Central,OFF-BIN-5329,Office Supplies,Binders,Binders model 72,1028.73,9,0.2,158.88
1896,US-2024-101896,08/13/2024,08/15/2024,Standard Class,CU-10072,Customer 50,Corporate,United States,Alabama,Alabama,75254,South,OFF-ART-4778,Office Supplies,Art,Art model 78,755.95,9,0.5,24.65
1897,US-2024-101897,05/11/2024,05/18/2024,First Class,CU-10032,Customer 33,Home Office,United States,Washington,Washington,46257,West,TEC-PHO-6504,Technology,Phones,Phones model 257,8797.81,9,0.0,770.77
1898,US-2022-101898,10/22/2022,10/26/2022,Standard Class,CU-10438,Customer 747,Consumer,United States,Oregon,Oregon,31561,West,TEC-ACC-8279,Technology,Accessories,Accessories model 58,2828.7,8,0.0,1737.62
1899,US-2022-101899,09/12/2022,09/18/2022,Standard Class,CU-10660,Customer 168,Home Office,United States,Ohio,Ohio,56220,Central,OFF-STO-7678,Office Supplies,Storage,Storage model 88,338.55,4,0.1,-23.56
1900,US-2021-101900,11/05/2021,11/09/2021,Standard Class,CU-10168,Customer 625,Corporate,United States,North Carolina,North Carolina,16942,South,TEC-PHO-2112,Technology,Phones,Phones model 219,1066.67,1,0.1,204.58
1901,US-2022-101901,12/01/2022,12/08/2022,First Class,CU-10160,Customer 675,Corporate,United States,Oregon,Oregon,42481,West,FUR-BOO-5412,Furniture,Bookcases,Bookcases model 45,542.28,2,0.4,2.09
1902,US-2023-101902,03/24/2023,03/25/2023,Standard Class,CU-10753,Customer 153,Consumer,United States,Pennsylvania,Pennsylvania,94969,East,OFF-LAB-4037,Office Supplies,Labels,Labels model 183,47.06,4,0.3,4.63
1903,US-2023-101903,07/31/2023,08/04/2023,Second Class,CU-10267,Customer 401,Corporate,United States,Pennsylvania,Pennsylvania,80836,East,OFF-STO-8967,Office Supplies,Storage,Storage model 235,920.22,8,0.0,108.72
1904,US-2022-101904,03/19/2022,03/24/2022,Second Class,CU-10183,Customer 643,Corporate,United States,Nevada,Nevada,42676,West,TEC-COP-2543,Technology,Copiers,Copiers model 1,907.04,4,0.0,312.79
1905,US-2024-101905,04/24/2024,04/26/2024,Standard Class,CU-10099,Customer 382,Consumer,United States,Ohio,Ohio,53494,Central,FUR-TAB-5176,Furniture,Tables,Tables model 111,2461.69,3,0.0,580.6
1906,US-2023-101906,04/18/2023,04/20/2023,Standard Class,CU-10601,Customer 28,Home Office,United States,Washington,Washington,93749,West,OFF-LAB-8897,Office Supplies,Labels,Labels model 92,278.52,2,0.0,68.41
1907,US-2022-101907,05/01/2022,05/02/2022,Standard Class,CU-10534,Customer 138,Home Office,United States,Texas,Texas,57956,Central,FUR-FUR-5701,Furniture,Furnishings,Furnishings model 171,225.18,4,0.0,3.92
1908,US-2021-101908,07/17/2021,07/18/2021,First Class,CU-10737,Customer 765,Consumer,United States,Alabama,Alabama,85123,South,TEC-MAC-2335,Technology,Machines,Machines model 216,4653.83,5,0.0,1639.22
1909,US-2023-101909,02/24/2023,03/01/2023,Standard Class,CU-10208,Customer 463,Consumer,United States,Washington,Washington,31166,West,OFF-STO-8327,Office Supplies,Storage,Storage model 82,613.98,6,0.15,231.84
1910,US-2023-101910,01/11/2023,01/15/2023,Standard Class,CU-10790,Customer 102,Corporate,United States,California,California,95224,West,OFF-ART-9508,Office Supplies,Art,Art model 233,48.11,3,0.3,11.63
1911,US-2022-101911,04/05/2022,04/10/2022,First Class,CU-10642,Customer 782,Consumer,United States,Nevada,Nevada,38525,West,FUR-FUR-5375,Furniture,Furnishings,Furnishings model 186,683.87,3,0.2,8.21
1912,US-2021-101912,09/06/2021,09/12/2021,Standard Class,CU-10227,Customer 485,Home Office,United States,Texas,Texas,58713,Central,OFF-LAB-5650,Office Supplies,Labels,Labels model 79,70.55,5,0.0,24.62
1913,US-2022-101913,06/25/2022,06/29/2022,Standard Class,CU-10481,Customer 151,Home Office,United States,Texas,Texas,10624,Central,OFF-STO-4935,Office Supplies,Storage,Storage model 16,173.5,2,0.0,0.78
1914,US-2022-101914,07/27/2022,08/02/2022,Standard Class,CU-10007,Customer 533,Home Office,United States,North Carolina,North Carolina,86527,South,TEC-PHO-6500,Technology,Phones,Phones model 275,455.29,2,0.5,-39.33
1915,US-2021-101915,02/16/2021,02/22/2021,Standard Class,CU-10395,Customer 517,Home Office,United States,Michigan,Michigan,15694,Central,TEC-ACC-8193,Technology,Accessories,Accessories model 141,3684.42,7,0.0,51.93
1916,US-2023-101916,06/10/2023,06/16/2023,Second Class,CU-10321,Customer 668,Home Office,United States,Nevada,Nevada,12409,West,OFF-BIN-8054,Office Supplies,Binders,Binders model 57,501.83,6,0.0,120.35
1917,US-2023-101917,10/30/2023,11/05/2023,Standard Class,CU-10581,Customer 544,Home Office,United States,Illinois,Illinois,91596,Central,OFF-ART-9552,Office Supplies,Art,Art model 115,814.49,6,0.0,-57.09
1918,US-2024-101918,06/19/2024,06/20/2024,Same Day,CU-10500,Customer 19,Home Office,United States,Georgia,Georgia,55610,South,OFF-LAB-8049,Office Supplies,Labels,Labels model 193,154.67,3,0.15,16.54
1919,US-2023-101919,10/23/2023,10/30/2023,Standard Class,CU-10585,Customer 791,Corporate,United States,Nevada,Nevada,24452,West,FUR-BOO-3790,Furniture,Bookcases,Bookcases model 192,1537.16,4,0.0,324.9
1920,US-2022-101920,04/29/2022,05/03/2022,Standard Class,CU-10437,Customer 229,Corporate,United States,Massachusetts,Massachusetts,23784,East,TEC-COP-4648,Technology,Copiers,Copiers model 262,5919.44,4,0.15,593.34
1921,US-2022-101921,03/18/2022,03/23/2022,Standard Class,CU-10095,Customer 711,Corporate,United States,Florida,Florida,73290,South,OFF-BIN-8894,Office Supplies,Binders,Binders model 167,231.58,2,0.1,42.61
1922,US-2021-101922,10/09/2021,10/11/2021,Standard Class,CU-10646,Customer 516,Corporate,United States,Nevada,Nevada,87408,West,OFF-ART-4886,Office Supplies,Art,Art model 63,620.76,6,0.0,32.82
1923,US-2022-101923,05/18/2022,05/23/2022,Second Class,CU-10290,Customer 552,Consumer,United States,Florida,Florida,38781,South,OFF-BIN-4137,Office Supplies,Binders,Binders model 291,428.72,3,0.1,59.52
1924,US-2024-101924,03/22/2024,03/29/2024,Standard Class,CU-10224,Customer 176,Corporate,United States,North Carolina,North Carolina,25087,South,FUR-BOO-8952,Furniture,Bookcases,Bookcases model 217,1347.26,2,0.3,-106.01
1925,US-2024-101925,01/15/2024,01/22/2024,Second Class,CU-10137,Customer 141,Corporate,United States,Oregon,Oregon,43106,West,FUR-CHA-6945,Furniture,Chairs,Chairs model 35,2404.78,9,0.1,831.64
1926,US-2024-101926,04/21/2024,04/22/2024,Standard Class,CU-10478,Customer 326,Corporate,United States,Nevada,Nevada,34009,West,OFF-STO-8018,Office Supplies,Storage,Storage model 154,496.29,5,0.0,214.75
1927,US-2023-101927,11/27/2023,12/03/2023,Standard Class,CU-10606,Customer 33,Corporate,United States,California,California,20208,West,FUR-CHA-5877,Furniture,Chairs,Chairs model 66,2608.85,5,0.3,199.16
1928,US-2022-101928,12/05/2022,12/12/2022,Standard Class,CU-10341,Customer 720,Corporate,United States,Washington,Washington,35162,West,TEC-ACC-8815,Technology,Accessories,Accessories model 107,5521.82,9,0.1,-311.95
1929,US-2021-101929,11/29/2021,12/01/2021,Standard Class,CU-10647,Customer 510,Consumer,United States,North Carolina,North Carolina,56927,South,FUR-CHA-4296,Furniture,Chairs,Chairs model 220,4818.45,6,0.0,-99.13
1930,US-2023-101930,01/14/2023,01/19/2023,Standard Class,CU-10691,Customer 268,Consumer,United States,Florida,Florida,42719,South,OFF-LAB-6465,Office Supplies,Labels,Labels model 241,644.46,6,0.2,-39.43
1931,US-2022-101931,08/03/2022,08/05/2022,Standard Class,CU-10365,Customer 748,Corporate,United States,Oregon,Oregon,71840,West,OFF-ART-2376,Office Supplies,Art,Art model 41,235.88,5,0.0,-16.0
1932,US-2023-101932,08/07/2023,08/13/2023,Second Class,CU-10724,Customer 21,Home Office,United States,New York,New York,65417,East,FUR-BOO-9217,Furniture,Bookcases,Bookcases model 105,3181.84,5,0.3,525.33
1933,US-2023-101933,07/26/2023,07/30/2023,Standard Class,CU-10786,Customer 57,Home Office,United States,Illinois,Illinois,54483,Central,OFF-BIN-4430,Office Supplies,Binders,Binders model 70,815.14,9,0.0,339.87
1934,US-2022-101934,10/30/2022,11/05/2022,Standard Class,CU-10144,Customer 204,Home Office,United States,New York,New York,83254,East,TEC-MAC-3481,Technology,Machines,Machines model 244,752.05,2,0.0,116.14
1935,US-2024-101935,06/14/2024,06/16/2024,Standard Class,CU-10111,Customer 505,Corporate,United States,North Carolina,North Carolina,44630,South,TEC-MAC-5582,Technology,Machines,Machines model 244,8754.21,7,0.15,3172.45
1936,US-2022-101936,02/16/2022,02/23/2022,Standard Class,CU-10316,Customer 29,Corporate,United States,Nevada,Nevada,24578,West,FUR-TAB-2287,Furniture,Tables,Tables model 158,920.08,3,0.15,-178.12
1937,US-2022-101937,12/01/2022,12/08/2022,Standard Class,CU-10787,Customer 400,Corporate,United States,Georgia,Georgia,60106,South,FUR-CHA-8819,Furniture,Chairs,Chairs model 162,1056.73,3,0.0,51.0
1938,US-2021-101938,12/18/2021,12/19/2021,Standard Class,CU-10450,Customer 769,Corporate,United States,New York,New York,83972,East,OFF-ART-6980,Office Supplies,Art,Art model 233,1181.86,9,0.0,295.62
1939,US-2023-101939,04/29/2023,05/06/2023,Standard Class,CU-10539,Customer 129,Consumer,United States,Ohio,Ohio,72240,Central,TEC-PHO-1259,Technology,Phones,Phones model 101,2476.22,4,0.0,518.13
1940,US-2021-101940,07/02/2021,07/09/2021,Same Day,CU-10326,Customer 560,Consumer,United States,New York,New York,36982,East,OFF-BIN-1197,Office Supplies,Binders,Binders model 235,687.0,5,0.2,129.09
1941,US-2024-101941,09/11/2024,09/17/2024,Standard Class,CU-10690,Customer 101,Home Office,United States,Washington,Washington,48845,West,OFF-BIN-6677,Office Supplies,Binders,Binders model 175,795.61,8,0.4,143.73
1942,US-2023-101942,01/26/2023,02/01/2023,Standard Class,CU-10480,Customer 139,Consumer,United States,New Jersey,New Jersey,14481,East,FUR-FUR-2840,Furniture,Furnishings,Furnishings model 34,5658.84,7,0.2,322.18
1943,US-2021-101943,01/06/2021,01/11/2021,Same Day,CU-10031,Customer 33,Corporate,United States,Georgia,Georgia,94978,South,OFF-ART-5144,Office Supplies,Art,Art model 193,867.55,8,0.2,-104.89
1944,US-2024-101944,03/20/2024,03/24/2024,Second Class,CU-10117,Customer 266,Home Office,United States,Pennsylvania,Pennsylvania,15520,East,OFF-BIN-7532,Office Supplies,Binders,Binders model 253,132.35,1,0.2,20.27
1945,US-2024-101945,10/08/2024,10/09/2024,Second Class,CU-10566,Customer 84,Home Office,United States,Michigan,Michigan,17958,Central,OFF-PAP-8480,Office Supplies,Paper,Paper model 273,78.22,1,0.1,-10.6
1946,US-2023-101946,09/05/2023,09/07/2023,Standard Class,CU-10024,Customer 585,Consumer,United States,Ohio,Ohio,84078,Central,TEC-MAC-6458,Technology,Machines,Machines model 62,1614.24,9,0.0,431.15
1947,US-2022-101947,08/31/2022,09/04/2022,Standard Class,CU-10793,Customer 267,Corporate,United States,Florida,Florida,25751,South,OFF-ART-9751,Office Supplies,Art,Art model 129,515.24,7,0.0,153.86
1948,US-2022-101948,10/30/2022,11/05/2022,Standard Class,CU-10305,Customer 100,Corporate,United States,Georgia,Georgia,53687,South,TEC-ACC-4352,Technology,Accessories,Accessories model 102,1152.69,9,0.0,535.46
1949,US-2021-101949,12/09/2021,12/16/2021,First Class,CU-10411,Customer 138,Consumer,United States,Massachusetts,Massachusetts,71323,East,FUR-CHA-3194,Furniture,Chairs,Chairs model 258,217.48,2,0.1,-30.18
1950,US-2024-101950,08/12/2024,08/16/2024,Standard Class,CU-10346,Customer 98,Corporate,United States,Oregon,Oregon,91158,West,FUR-TAB-4773,Furniture,Tables,Tables model 112,988.61,2,0.1,191.15
1951,US-2021-101951,11/11/2021,11/17/2021,Second Class,CU-10742,Customer 225,Consumer,United States,Oregon,Oregon,85167,West,OFF-ART-8519,Office Supplies,Art,Art model 219,648.58,5,0.3,40.83
1952,US-2021-101952,02/17/2021,02/22/2021,Second Class,CU-10259,Customer 645,Home Office,United States,North Carolina,North Carolina,43286,South,OFF-STO-3076,Office Supplies,Storage,Storage model 10,156.48,2,0.0,25.2
1953,US-2024-101953,02/15/2024,02/18/2024,Second Class,CU-10563,Customer 621,Home Office,United States,Georgia,Georgia,11474,South,OFF-PAP-1866,Office Supplies,Paper,Paper model 62,432.12,3,0.0,136.7
1954,US-2023-101954,02/08/2023,02/13/2023,Standard Class,CU-10671,Customer 276,Consumer,United States,Oregon,Oregon,29626,West,OFF-PAP-5774,Office Supplies,Paper,Paper model 3,318.08,7,0.0,23.44
1955,US-2024-101955,05/04/2024,05/08/2024,Standard Class,CU-10787,Customer 303,Home Office,United States,Michigan,Michigan,97877,Central,FUR-FUR-9670,Furniture,Furnishings,Furnishings model 201,490.06,2,0.4,9.28
1956,US-2023-101956,05/27/2023,05/31/2023,Standard Class,CU-10124,Customer 269,Consumer,United States,New York,New York,56981,East,TEC-COP-2161,Technology,Copiers,Copiers model 119,3213.87,9,0.0,389.92
1957,US-2023-101957,01/09/2023,01/10/2023,Second Class,CU-10142,Customer 80,Consumer,United States,California,California,98957,West,FUR-BOO-9879,Furniture,Bookcases,Bookcases model 83,1302.81,2,0.15,-270.07
1958,US-2022-101958,03/07/2022,03/14/2022,Standard Class,CU-10456,Customer 641,Home Office,United States,New York,New York,20257,East,FUR-BOO-4174,Furniture,Bookcases,Bookcases model 164,1415.16,2,0.1,198.78
1959,US-2024-101959,11/11/2024,11/17/2024,Same Day,CU-10371,Customer 504,Corporate,United States,Massachusetts,Massachusetts,33752,East,OFF-ART-2810,Office Supplies,Art,Art model 50,266.52,5,0.0,48.11
1960,US-2022-101960,04/20/2022,04/24/2022,Standard Class,CU-10036,Customer 401,Consumer,United States,California,California,15738,West,OFF-ART-3508,Office Supplies,Art,Art model 15,550.48,4,0.0,36.98
1961,US-2024-101961,01/17/2024,01/21/2024,Standard Class,CU-10256,Customer 355,Consumer,United States,New Jersey,New Jersey,16539,East,OFF-PAP-6433,Office Supplies,Paper,Paper model 205,245.2,2,0.2,32.3
1962,US-2022-101962,02/07/2022,02/12/2022,Second Class,CU-10010,Customer 250,Consumer,United States,Washington,Washington,73508,West,FUR-FUR-5655,Furniture,Furnishings,Furnishings model 45,965.17,4,0.1,250.65
1963,US-2022-101963,08/18/2022,08/21/2022,Standard Class,CU-10273,Customer 711,Home Office,United States,Texas,Texas,80974,Central,OFF-PAP-2547,Office Supplies,Paper,Paper model 76,240.59,3,0.0,35.71
1964,US-2021-101964,10/06/2021,10/08/2021,Standard Class,CU-10600,Customer 470,Consumer,United States,New York,New York,20690,East,OFF-LAB-7763,Office Supplies,Labels,Labels model 165,678.38,5,0.15,132.15
1965,US-2021-101965,05/02/2021,05/06/2021,Standard Class,CU-10120,Customer 650,Corporate,United States,Ohio,Ohio,69539,Central,TEC-PHO-6035,Technology,Phones,Phones model 264,4126.6,5,0.1,489.83
1966,US-2023-101966,05/10/2023,05/11/2023,Same Day,CU-10616,Customer 167,Home Office,United States,Michigan,Michigan,52645,Central,TEC-COP-8041,Technology,Copiers,Copiers model 237,6640.59,9,0.2,19.18
1967,US-2021-101967,07/14/2021,07/21/2021,Second Class,CU-10797,Customer 241,Consumer,United States,Georgia,Georgia,30013,South,OFF-LAB-4497,Office Supplies,Labels,Labels model 70,441.01,3,0.0,75.9
1968,US-2021-101968,09/16/2021,09/22/2021,Second Class,CU-10021,Customer 215,Consumer,United States,Oregon,Oregon,89004,West,OFF-BIN-2258,Office Supplies,Binders,Binders model 155,54.25,2,0.1,1.08
1969,US-2023-101969,05/27/2023,05/31/2023,Standard Class,CU-10485,Customer 94,Corporate,United States,Washington,Washington,55364,West,OFF-BIN-6551,Office Supplies,Binders,Binders model 119,397.74,5,0.15,16.94
1970,US-2023-101970,03/22/2023,03/24/2023,Standard Class,CU-10542,Customer 491,Corporate,United States,Ohio,Ohio,80041,Central,OFF-ART-2480,Office Supplies,Art,Art model 198,59.18,9,0.0,10.32
1971,US-2022-101971,03/02/2022,03/07/2022,Same Day,CU-10567,Customer 66,Consumer,United States,Alabama,Alabama,32981,South,OFF-LAB-6002,Office Supplies,Labels,Labels model 148,136.22,2,0.5,-24.98
1972,US-2024-101972,08/13/2024,08/16/2024,First Class,CU-10233,Customer 509,Corporate,United States,Massachusetts,Massachusetts,86355,East,OFF-ART-4498,Office Supplies,Art,Art model 129,720.15,8,0.0,110.9
1973,US-2022-101973,10/29/2022,11/01/2022,Second Class,CU-10699,Customer 609,Home Office,United States,Ohio,Ohio,71460,Central,OFF-STO-6025,Office Supplies,Storage,Storage model 28,34.97,1,0.2,3.92
1974,US-2023-101974,11/16/2023,11/23/2023,Standard Class,CU-10022,Customer 708,Corporate,United States,Ohio,Ohio,76086,Central,FUR-BOO-9456,Furniture,Bookcases,Bookcases model 194,326.79,5,0.5,-101.57
1975,US-2024-101975,06/24/2024,06/25/2024,Standard Class,CU-10606,Customer 276,Consumer,United States,Texas,Texas,33397,Central,OFF-PAP-6532,Office Supplies,Paper,Paper model 156,716.88,6,0.15,43.87
1976,US-2021-101976,03/26/2021,04/01/2021,Second Class,CU-10176,Customer 553,Consumer,United States,Alabama,Alabama,10908,South,OFF-LAB-8371,Office Supplies,Labels,Labels model 36,79.06,2,0.1,-10.68
1977,US-2023-101977,05/29/2023,05/31/2023,Standard Class,CU-10628,Customer 734,Consumer,United States,Texas,Texas,65356,Central,OFF-BIN-4346,Office Supplies,Binders,Binders model 127,269.89,2,0.1,20.85
1978,US-2023-101978,07/10/2023,07/17/2023,Second Class,CU-10033,Customer 657,Corporate,United States,North Carolina,North Carolina,30290,South,FUR-FUR-8442,Furniture,Furnishings,Furnishings model 248,6863.09,8,0.1,879.43
1979,US-2024-101979,07/29/2024,08/03/2024,Standard Class,CU-10640,Customer 351,Consumer,United States,Pennsylvania,Pennsylvania,88504,East,OFF-LAB-8342,Office Supplies,Labels,Labels model 274,137.39,9,0.15,6.8
1980,US-2023-101980,07/17/2023,07/24/2023,First Class,CU-10587,Customer 696,Corporate,United States,Ohio,Ohio,80010,Central,FUR-BOO-2098,Furniture,Bookcases,Bookcases model 145,547.81,1,0.2,5.05
1981,US-2023-101981,01/05/2023,01/08/2023,First Class,CU-10787,Customer 615,Consumer,United States,New York,New York,58279,East,OFF-LAB-2870,Office Supplies,Labels,Labels model 80,280.44,5,0.15,36.58
1982,US-2024-101982,04/29/2024,05/03/2024,Standard Class,CU-10007,Customer 353,Home Office,United States,Nevada,Nevada,79148,West,OFF-STO-8757,Office Supplies,Storage,Storage model 33,823.9,9,0.1,52.59
1983,US-2022-101983,10/11/2022,10/16/2022,Second Class,CU-10706,Customer 23,Corporate,United States,New Jersey,New Jersey,97879,East,OFF-ART-6541,Office Supplies,Art,Art model 212,23.11,1,0.2,1.0
1984,US-2023-101984,11/13/2023,11/18/2023,First Class,CU-10419,Customer 571,Corporate,United States,Washington,Washington,37705,West,OFF-PAP-5533,Office Supplies,Paper,Paper model 257,312.35,5,0.15,87.47
1985,US-2024-101985,12/18/2024,12/25/2024,Standard Class,CU-10745,Customer 780,Consumer,United States,Pennsylvania,Pennsylvania,55165,East,TEC-MAC-9576,Technology,Machines,Machines model 10,5215.2,4,0.2,548.74
1986,US-2024-101986,12/30/2024,01/04/2025,Standard Class,CU-10497,Customer 453,Corporate,United States,Illinois,Illinois,63517,Central,FUR-TAB-8538,Furniture,Tables,Tables model 286,1586.22,4,0.15,155.58
1987,US-2021-101987,11/11/2021,11/14/2021,Standard Class,CU-10217,Customer 165,Consumer,United States,California,California,13956,West,TEC-MAC-9263,Technology,Machines,Machines model 252,4255.77,4,0.2,546.91
1988,US-2022-101988,04/12/2022,04/16/2022,Second Class,CU-10091,Customer 364,Consumer,United States,Massachusetts,Massachusetts,97222,East,OFF-PAP-1629,Office Supplies,Paper,Paper model 98,610.3,5,0.4,90.19
1989,US-2024-101989,02/06/2024,02/10/2024,Standard Class,CU-10098,Customer 78,Corporate,United States,Ohio,Ohio,26261,Central,OFF-BIN-1689,Office Supplies,Binders,Binders model 285,635.18,9,0.15,69.76
1990,US-2024-101990,12/14/2024,12/19/2024,Standard Class,CU-10209,Customer 750,Consumer,United States,Nevada,Nevada,47807,West,OFF-STO-9136,Office Supplies,Storage,Storage model 223,544.42,7,0.3,88.65
1991,US-2022-101991,11/25/2022,11/30/2022,Standard Class,CU-10103,Customer 697,Consumer,United States,Alabama,Alabama,92233,South,FUR-CHA-2094,Furniture,Chairs,Chairs model 83,1110.61,8,0.0,57.56
1992,US-2022-101992,01/22/2022,01/25/2022,Standard Class,CU-10504,Customer 709,Corporate,United States,Illinois,Illinois,61511,Central,TEC-ACC-2067,Technology,Accessories,Accessories model 49,542.49,2,0.15,76.21
1993,US-2023-101993,03/27/2023,04/02/2023,Standard Class,CU-10254,Customer 423,Consumer,United States,New York,New York,36500,East,TEC-MAC-3970,Technology,Machines,Machines model 252,6897.89,6,0.15,139.52
1994,US-2024-101994,08/10/2024,08/17/2024,Standard Class,CU-10703,Customer 232,Corporate,United States,Massachusetts,Massachusetts,57927,East,OFF-BIN-7806,Office Supplies,Binders,Binders model 33,85.05,2,0.0,15.71
1995,US-2021-101995,05/24/2021,05/31/2021,First Class,CU-10724,Customer 12,Home Office,United States,Oregon,Oregon,55196,West,OFF-LAB-6483,Office Supplies,Labels,Labels model 272,533.85,6,0.15,138.9
1996,US-2022-101996,09/18/2022,09/23/2022,Standard Class,CU-10351,Customer 424,Consumer,United States,Washington,Washington,27286,West,OFF-PAP-2932,Office Supplies,Paper,Paper model 73,686.77,9,0.15,185.02
1997,US-2021-101997,03/01/2021,03/06/2021,Standard Class,CU-10156,Customer 106,Home Office,United States,Ohio,Ohio,85533,Central,OFF-BIN-5984,Office Supplies,Binders,Binders model 288,160.77,5,0.2,21.36
1998,US-2022-101998,07/10/2022,07/13/2022,Standard Class,CU-10375,Customer 422,Corporate,United States,Illinois,Illinois,60618,Central,OFF-ART-3266,Office Supplies,Art,Art model 156,104.96,1,0.0,28.27
1999,US-2023-101999,05/17/2023,05/22/2023,Standard Class,CU-10234,Customer 569,Home Office,United States,Texas,Texas,39943,Central,FUR-BOO-6465,Furniture,Bookcases,Bookcases model 286,1312.07,2,0.0,106.26
2000,US-2024-102000,12/05/2024,12/12/2024,Standard Class,CU-10374,Customer 621,Corporate,United States,Florida,Florida,49938,South,TEC-MAC-3535,Technology,Machines,Machines model 220,11229.47,8,0.15,4532.06
2001,US-2022-102001,11/26/2022,12/02/2022,Standard Class,CU-10168,Customer 220,Corporate,United States,California,California,42392,West,FUR-TAB-3091,Furniture,Tables,Tables model 59,6346.75,8,0.1,1150.65
2002,US-2022-102002,03/22/2022,03/28/2022,Standard Class,CU-10689,Customer 5,Consumer,United States,Georgia,Georgia,38923,South,OFF-LAB-7147,Office Supplies,Labels,Labels model 127,25.8,3,0.3,-1.55
2003,US-2021-102003,11/04/2021,11/08/2021,Standard Class,CU-10197,Customer 394,Consumer,United States,Texas,Texas,15968,Central,OFF-PAP-3363,Office Supplies,Paper,Paper model 256,430.68,9,0.0,5.81
2004,US-2021-102004,12/14/2021,12/19/2021,Standard Class,CU-10676,Customer 519,Corporate,United States,Ohio,Ohio,30859,Central,TEC-MAC-5271,Technology,Machines,Machines model 263,1845.32,9,0.0,997.91
2005,US-2021-102005,03/21/2021,03/23/2021,Second Class,CU-10208,Customer 419,Consumer,United States,Pennsylvania,Pennsylvania,34762,East,OFF-BIN-3897,Office Supplies,Binders,Binders model 222,1152.69,8,0.0,383.58
2006,US-2021-102006,10/18/2021,10/25/2021,Standard Class,CU-10325,Customer 696,Home Office,United States,Pennsylvania,Pennsylvania,25524,East,OFF-LAB-5146,Office Supplies,Labels,Labels model 287,199.82,6,0.0,40.16
2007,US-2021-102007,03/14/2021,03/16/2021,Standard Class,CU-10259,Customer 13,Home Office,United States,Ohio,Ohio,51483,Central,OFF-ART-5724,Office Supplies,Art,Art model 6,85.02,1,0.0,15.09
2008,US-2021-102008,10/20/2021,10/25/2021,Standard Class,CU-10799,Customer 53,Consumer,United States,Illinois,Illinois,59185,Central,FUR-BOO-3489,Furniture,Bookcases,Bookcases model 281,1214.34,6,0.2,107.3
2009,US-2022-102009,01/29/2022,02/02/2022,First Class,CU-10091,Customer 229,Home Office,United States,New York,New York,76307,East,OFF-BIN-6803,Office Supplies,Binders,Binders model 108,636.26,7,0.4,-10.65
2010,US-2021-102010,02/27/2021,03/04/2021,Standard Class,CU-10177,Customer 157,Home Office,United States,North Carolina,North Carolina,72770,South,OFF-LAB-8878,Office Supplies,Labels,Labels model 74,117.47,2,0.15,12.07
2011,US-2022-102011,08/18/2022,08/19/2022,Second Class,CU-10276,Customer 589,Consumer,United States,Georgia,Georgia,41809,South,OFF-BIN-9447,Office Supplies,Binders,Binders model 289,411.44,6,0.1,94.84
2012,US-2023-102012,02/17/2023,02/23/2023,Second Class,CU-10146,Customer 601,Corporate,United States,Illinois,Illinois,53038,Central,OFF-LAB-7224,Office Supplies,Labels,Labels model 233,85.65,4,0.0,23.75
2013,US-2024-102013,05/25/2024,05/28/2024,Second Class,CU-10478,Customer 230,Consumer,United States,North Carolina,North Carolina,17101,South,TEC-PHO-3082,Technology,Phones,Phones model 133,2614.51,2,0.4,-202.14
2014,US-2024-102014,02/18/2024,02/25/2024,Same Day,CU-10155,Customer 108,Consumer,United States,California,California,34074,West,FUR-TAB-7728,Furniture,Tables,Tables model 123,853.26,9,0.0,105.81
2015,US-2022-102015,03/11/2022,03/16/2022,Standard Class,CU-10382,Customer 584,Corporate,United States,Texas,Texas,55358,Central,OFF-STO-9828,Office Supplies,Storage,Storage model 58,396.35,4,0.1,73.52
2016,US-2022-102016,01/07/2022,01/09/2022,Standard Class,CU-10428,Customer 301,Corporate,United States,Florida,Florida,52829,South,FUR-CHA-6870,Furniture,Chairs,Chairs model 195,6494.23,9,0.0,-125.21
2017,US-2023-102017,11/11/2023,11/18/2023,Standard Class,CU-10689,Customer 369,Corporate,United States,Washington,Washington,92658,West,OFF-STO-2536,Office Supplies,Storage,Storage model 249,979.98,8,0.1,-118.64
2018,US-2023-102018,03/15/2023,03/21/2023,Standard Class,CU-10086,Customer 673,Consumer,United States,Massachusetts,Massachusetts,50714,East,OFF-ART-8889,Office Supplies,Art,Art model 90,68.98,8,0.2,1.09
2019,US-2021-102019,03/10/2021,03/12/2021,Standard Class,CU-10101,Customer 173,Corporate,United States,Massachusetts,Massachusetts,12368,East,OFF-BIN-4223,Office Supplies,Binders,Binders model 149,826.18,7,0.3,75.21
2020,US-2021-102020,01/13/2021,01/15/2021,Standard Class,CU-10447,Customer 478,Consumer,United States,California,California,37898,West,OFF-BIN-1091,Office Supplies,Binders,Binders model 3,516.8,5,0.2,216.93
2021,US-2022-102021,03/10/2022,03/12/2022,Second Class,CU-10084,Customer 42,Corporate,United States,Washington,Washington,50363,West,TEC-ACC-8874,Technology,Accessories,Accessories model 27,2991.56,5,0.1,131.5
2022,US-2021-102022,05/02/2021,05/09/2021,Standard Class,CU-10697,Customer 577,Corporate,United States,Georgia,Georgia,58519,South,OFF-ART-5030,Office Supplies,Art,Art model 156,137.13,1,0.1,25.54
2023,US-2024-102023,07/04/2024,07/09/2024,Standard Class,CU-10502,Customer 40,Home Office,United States,Ohio,Ohio,37109,Central,OFF-LAB-9646,Office Supplies,Labels,Labels model 31,279.38,4,0.0,31.83
2024,US-2023-102024,05/29/2023,06/04/2023,Standard Class,CU-10241,Customer 172,Home Office,United States,Ohio,Ohio,62266,Central,OFF-PAP-9621,Office Supplies,Paper,Paper model 105,241.05,2,0.1,3.36
2025,US-2022-102025,12/01/2022,12/03/2022,Standard Class,CU-10433,Customer 64,Consumer,United States,Georgia,Georgia,68563,South,FUR-CHA-4678,Furniture,Chairs,Chairs model 204,392.94,8,0.2,94.42
2026,US-2023-102026,09/09/2023,09/12/2023,First Class,CU-10737,Customer 595,Consumer,United States,Ohio,Ohio,89729,Central,OFF-STO-4145,Office Supplies,Storage,Storage model 253,802.75,7,0.4,19.64
2027,US-2021-102027,11/06/2021,11/10/2021,Second Class,CU-10621,Customer 47,Consumer,United States,Massachusetts,Massachusetts,50918,East,OFF-STO-3216,Office Supplies,Storage,Storage model 256,540.35,5,0.2,53.42
2028,US-2023-102028,10/04/2023,10/09/2023,First Class,CU-10550,Customer 694,Home Office,United States,Massachusetts,Massachusetts,52361,East,OFF-STO-2949,Office Supplies,Storage,Storage model 50,125.24,3,0.4,-1.51
2029,US-2023-102029,04/28/2023,05/05/2023,Standard Class,CU-10414,Customer 772,Home Office,United States,North Carolina,North Carolina,59478,South,FUR-BOO-9404,Furniture,Bookcases,Bookcases model 188,791.94,3,0.15,176.55
2030,US-2021-102030,10/10/2021,10/17/2021,Second Class,CU-10271,Customer 648,Consumer,United States,Nevada,Nevada,82867,West,TEC-MAC-9869,Technology,Machines,Machines model 26,6537.1,4,0.0,2455.59
2031,US-2024-102031,08/05/2024,08/10/2024,Standard Class,CU-10380,Customer 25,Corporate,United States,Washington,Washington,28384,West,TEC-PHO-5788,Technology,Phones,Phones model 250,8237.47,5,0.0,1067.84
2032,US-2024-102032,06/21/2024,06/25/2024,Standard Class,CU-10402,Customer 370,Consumer,United States,Michigan,Michigan,10875,Central,TEC-MAC-9878,Technology,Machines,Machines model 200,3312.89,3,0.3,289.77
2033,US-2021-102033,09/22/2021,09/25/2021,Standard Class,CU-10441,Customer 318,Home Office,United States,Texas,Texas,58075,Central,OFF-LAB-9424,Office Supplies,Labels,Labels model 262,94.0,1,0.2,12.62
2034,US-2024-102034,02/04/2024,02/10/2024,Second Class,CU-10550,Customer 299,Corporate,United States,Illinois,Illinois,95502,Central,FUR-BOO-4867,Furniture,Bookcases,Bookcases model 233,553.31,2,0.1,6.41
2035,US-2021-102035,08/05/2021,08/09/2021,Second Class,CU-10648,Customer 746,Corporate,United States,Massachusetts,Massachusetts,46372,East,OFF-LAB-4195,Office Supplies,Labels,Labels model 185,452.67,7,0.15,39.34
2036,US-2022-102036,06/04/2022,06/07/2022,Standard Class,CU-10317,Customer 351,Home Office,United States,Alabama,Alabama,76008,South,OFF-ART-4068,Office Supplies,Art,Art model 219,237.03,8,0.0,-8.4
2037,US-2022-102037,05/31/2022,06/02/2022,Standard Class,CU-10183,Customer 482,Home Office,United States,Alabama,Alabama,45896,South,FUR-FUR-6485,Furniture,Furnishings,Furnishings model 223,4841.41,8,0.2,53.05
2038,US-2021-102038,06/06/2021,06/11/2021,Standard Class,CU-10189,Customer 291,Consumer,United States,California,California,37532,West,OFF-LAB-6523,Office Supplies,Labels,Labels model 213,526.22,4,0.0,97.81
2039,US-2024-102039,10/11/2024,10/16/2024,First Class,CU-10758,Customer 265,Consumer,United States,Pennsylvania,Pennsylvania,74135,East,OFF-LAB-4347,Office Supplies,Labels,Labels model 291,230.47,8,0.1,58.35
2040,US-2022-102040,02/20/2022,02/25/2022,Standard Class,CU-10186,Customer 574,Home Office,United States,Pennsylvania,Pennsylvania,13219,East,OFF-PAP-5268,Office Supplies,Paper,Paper model 92,1174.16,8,0.0,-55.14
2041,US-2023-102041,04/01/2023,04/07/2023,Standard Class,CU-10588,Customer 534,Corporate,United States,Illinois,Illinois,84628,Central,OFF-LAB-8326,Office Supplies,Labels,Labels model 172,690.92,5,0.0,87.59
2042,US-2024-102042,09/20/2024,09/24/2024,Standard Class,CU-10137,Customer 2,Consumer,United States,Florida,Florida,99990,South,TEC-PHO-4846,Technology,Phones,Phones model 235,1749.42,2,0.1,380.39
2043,US-2022-102043,09/17/2022,09/18/2022,Standard Class,CU-10018,Customer 670,Corporate,United States,Michigan,Michigan,79906,Central,TEC-ACC-1060,Technology,Accessories,Accessories model 52,10986.59,9,0.1,2758.1
2044,US-2021-102044,02/05/2021,02/10/2021,First Class,CU-10793,Customer 56,Home Office,United States,Texas,Texas,30700,Central,FUR-CHA-6974,Furniture,Chairs,Chairs model 37,4662.94,8,0.5,-16.89
2045,US-2024-102045,03/31/2024,04/07/2024,First Class,CU-10148,Customer 462,Corporate,United States,Florida,Florida,97322,South,FUR-CHA-8570,Furniture,Chairs,Chairs model 195,1698.33,7,0.0,358.34
2046,US-2021-102046,02/02/2021,02/03/2021,Standard Class,CU-10348,Customer 191,Corporate,United States,Pennsylvania,Pennsylvania,40959,East,TEC-ACC-4141,Technology,Accessories,Accessories model 95,2914.4,9,0.2,142.53
2047,US-2023-102047,05/26/2023,05/30/2023,Standard Class,CU-10704,Customer 471,Corporate,United States,Ohio,Ohio,68781,Central,TEC-PHO-8900,Technology,Phones,Phones model 103,10519.85,7,0.1,1166.61
2048,US-2021-102048,06/02/2021,06/03/2021,Standard Class,CU-10269,Customer 129,Corporate,United States,Georgia,Georgia,21903,South,TEC-PHO-3486,Technology,Phones,Phones model 223,3086.91,2,0.15,69.1
2049,US-2021-102049,01/27/2021,01/29/2021,Standard Class,CU-10608,Customer 582,Corporate,United States,Florida,Florida,73534,South,TEC-COP-5350,Technology,Copiers,Copiers model 101,784.6,1,0.15,-41.39
2050,US-2024-102050,05/14/2024,05/20/2024,Standard Class,CU-10754,Customer 225,Consumer,United States,Georgia,Georgia,79481,South,OFF-ART-2701,Office Supplies,Art,Art model 107,235.18,3,0.2,-24.32
2051,US-2023-102051,08/29/2023,09/02/2023,Standard Class,CU-10780,Customer 280,Corporate,United States,North Carolina,North Carolina,30459,South,OFF-LAB-2468,Office Supplies,Labels,Labels model 244,130.1,4,0.1,37.03
2052,US-2021-102052,10/26/2021,11/02/2021,Standard Class,CU-10028,Customer 88,Consumer,United States,New York,New York,96900,East,TEC-COP-5676,Technology,Copiers,Copiers model 84,1403.13,2,0.1,-228.95
2053,US-2023-102053,08/26/2023,09/01/2023,Standard Class,CU-10566,Customer 348,Consumer,United States,Illinois,Illinois,83176,Central,OFF-ART-7052,Office Supplies,Art,Art model 1,787.08,9,0.5,36.27
2054,US-2022-102054,04/07/2022,04/10/2022,Standard Class,CU-10631,Customer 697,Home Office,United States,Oregon,Oregon,19508,West,FUR-TAB-8427,Furniture,Tables,Tables model 243,100.28,1,0.2,15.79
2055,US-2023-102055,05/28/2023,05/29/2023,Second Class,CU-10508,Customer 596,Consumer,United States,New York,New York,62985,East,TEC-COP-4582,Technology,Copiers,Copiers model 80,7944.77,7,0.0,343.15
2056,US-2024-102056,03/25/2024,03/27/2024,Standard Class,CU-10224,Customer 643,Corporate,United States,Ohio,Ohio,42165,Central,OFF-STO-7343,Office Supplies,Storage,Storage model 122,115.42,3,0.0,27.68
2057,US-2023-102057,06/25/2023,06/30/2023,Standard Class,CU-10026,Customer 757,Home Office,United States,Georgia,Georgia,44154,South,OFF-ART-3821,Office Supplies,Art,Art model 80,120.47,7,0.15,2.25
2058,US-2022-102058,08/23/2022,08/24/2022,Standard Class,CU-10798,Customer 35,Corporate,United States,Ohio,Ohio,51093,Central,FUR-BOO-5776,Furniture,Bookcases,Bookcases model 127,770.99,1,0.2,156.37
2059,US-2021-102059,07/06/2021,07/10/2021,Standard Class,CU-10011,Customer 247,Home Office,United States,Illinois,Illinois,53681,Central,OFF-ART-9777,Office Supplies,Art,Art model 71,773.2,6,0.1,410.62
2060,US-2024-102060,08/07/2024,08/12/2024,Second Class,CU-10203,Customer 387,Home Office,United States,Oregon,Oregon,12806,West,TEC-MAC-8698,Technology,Machines,Machines model 9,2188.68,8,0.15,272.7
2061,US-2022-102061,08/29/2022,09/05/2022,Standard Class,CU-10283,Customer 558,Home Office,United States,Pennsylvania,Pennsylvania,45717,East,OFF-BIN-8689,Office Supplies,Binders,Binders model 59,123.49,3,0.2,28.5
2062,US-2023-102062,12/28/2023,01/01/2024,Standard Class,CU-10064,Customer 372,Corporate,United States,Massachusetts,Massachusetts,95914,East,OFF-PAP-6739,Office Supplies,Paper,Paper model 212,1119.48,8,0.0,345.37
2063,US-2024-102063,04/09/2024,04/13/2024,Standard Class,CU-10407,Customer 640,Home Office,United States,Alabama,Alabama,59637,South,OFF-LAB-5682,Office Supplies,Labels,Labels model 156,207.12,2,0.1,8.22
2064,US-2023-102064,06/16/2023,06/22/2023,Second Class,CU-10263,Customer 652,Corporate,United States,New Jersey,New Jersey,32321,East,OFF-STO-6539,Office Supplies,Storage,Storage model 261,36.95,5,0.0,5.57
2065,US-2021-102065,12/20/2021,12/25/2021,Second Class,CU-10285,Customer 310,Corporate,United States,Washington,Washington,11271,West,OFF-ART-8703,Office Supplies,Art,Art model 228,114.22,3,0.3,5.89
2066,US-2024-102066,12/22/2024,12/23/2024,First Class,CU-10139,Customer 643,Corporate,United States,Nevada,Nevada,61865,West,OFF-STO-5280,Office Supplies,Storage,Storage model 293,666.29,6,0.0,172.13
2067,US-2023-102067,06/26/2023,06/30/2023,Standard Class,CU-10123,Customer 550,Consumer,United States,Ohio,Ohio,86090,Central,TEC-PHO-4810,Technology,Phones,Phones model 35,1725.24,1,0.1,498.24
2068,US-2022-102068,06/10/2022,06/17/2022,Second Class,CU-10779,Customer 403,Corporate,United States,North Carolina,North Carolina,60353,South,FUR-TAB-1816,Furniture,Tables,Tables model 204,1342.06,3,0.0,435.24
2069,US-2024-102069,04/27/2024,04/29/2024,Standard Class,CU-10189,Customer 25,Home Office,United States,New Jersey,New Jersey,52819,East,FUR-TAB-5223,Furniture,Tables,Tables model 282,1959.6,5,0.1,503.18
2070,US-2024-102070,01/06/2024,01/09/2024,Standard Class,CU-10527,Customer 185,Consumer,United States,Georgia,Georgia,42733,South,FUR-FUR-6466,Furniture,Furnishings,Furnishings model 184,1291.47,2,0.3,317.98
2071,US-2022-102071,07/13/2022,07/15/2022,Standard Class,CU-10000,Customer 660,Consumer,United States,Michigan,Michigan,70960,Central,OFF-PAP-6700,Office Supplies,Paper,Paper model 248,959.86,9,0.5,-87.09
2072,US-2021-102072,04/05/2021,04/06/2021,Second Class,CU-10212,Customer 282,Consumer,United States,Oregon,Oregon,88110,West,OFF-STO-1065,Office Supplies,Storage,Storage model 159,64.95,1,0.0,17.76
2073,US-2021-102073,12/03/2021,12/09/2021,Standard Class,CU-10151,Customer 322,Home Office,United States,Illinois,Illinois,42589,Central,OFF-STO-3203,Office Supplies,Storage,Storage model 120,100.32,1,0.0,9.69
2074,US-2023-102074,12/08/2023,12/10/2023,Second Class,CU-10397,Customer 149,Home Office,United States,Pennsylvania,Pennsylvania,76885,East,FUR-BOO-9920,Furniture,Bookcases,Bookcases model 98,4317.23,7,0.0,1278.03
2075,US-2022-102075,07/22/2022,07/27/2022,Second Class,CU-10331,Customer 476,Corporate,United States,Alabama,Alabama,28030,South,TEC-COP-3243,Technology,Copiers,Copiers model 162,8217.18,6,0.3,-26.57
2076,US-2021-102076,08/05/2021,08/09/2021,Standard Class,CU-10796,Customer 361,Home Office,United States,Oregon,Oregon,43504,West,OFF-ART-8608,Office Supplies,Art,Art model 140,115.68,5,0.1,1.72
2077,US-2022-102077,01/21/2022,01/26/2022,Standard Class,CU-10788,Customer 38,Home Office,United States,New Jersey,New Jersey,19991,East,OFF-PAP-5899,Office Supplies,Paper,Paper model 8,179.74,2,0.0,51.21
2078,US-2022-102078,05/03/2022,05/09/2022,First Class,CU-10602,Customer 232,Corporate,United States,Texas,Texas,53961,Central,OFF-ART-5437,Office Supplies,Art,Art model 37,561.15,4,0.0,51.19
2079,US-2024-102079,11/06/2024,11/12/2024,Standard Class,CU-10729,Customer 572,Corporate,United States,Pennsylvania,Pennsylvania,42363,East,OFF-LAB-6780,Office Supplies,Labels,Labels model 105,683.47,5,0.2,156.14
2080,US-2023-102080,11/28/2023,12/05/2023,Standard Class,CU-10033,Customer 525,Corporate,United States,Texas,Texas,53311,Central,OFF-PAP-1213,Office Supplies,Paper,Paper model 274,694.46,8,0.15,7.54
2081,US-2023-102081,03/19/2023,03/22/2023,Standard Class,CU-10125,Customer 367,Home Office,United States,North Carolina,North Carolina,22512,South,TEC-ACC-5721,Technology,Accessories,Accessories model 254,10877.66,7,0.0,370.97
2082,US-2021-102082,03/08/2021,03/11/2021,Second Class,CU-10573,Customer 256,Consumer,United States,Georgia,Georgia,38174,South,OFF-LAB-2145,Office Supplies,Labels,Labels model 216,136.86,3,0.3,-12.75
2083,US-2021-102083,08/30/2021,09/03/2021,Standard Class,CU-10591,Customer 429,Corporate,United States,North Carolina,North Carolina,69530,South,OFF-PAP-5640,Office Supplies,Paper,Paper model 292,359.73,3,0.3,18.72
2084,US-2021-102084,10/07/2021,10/11/2021,Same Day,CU-10642,Customer 288,Consumer,United States,New York,New York,60086,East,FUR-BOO-5537,Furniture,Bookcases,Bookcases model 297,765.08,9,0.4,24.2
2085,US-2024-102085,01/03/2024,01/07/2024,Standard Class,CU-10247,Customer 532,Consumer,United States,North Carolina,North Carolina,17458,South,TEC-MAC-2485,Technology,Machines,Machines model 45,9376.98,7,0.0,4761.94
2086,US-2023-102086,10/06/2023,10/07/2023,First Class,CU-10292,Customer 19,Consumer,United States,Texas,Texas,25996,Central,OFF-ART-5425,Office Supplies,Art,Art model 7,361.58,4,0.2,-34.13
2087,US-2023-102087,12/13/2023,12/19/2023,First Class,CU-10323,Customer 18,Corporate,United States,Illinois,Illinois,73783,Central,FUR-BOO-9752,Furniture,Bookcases,Bookcases model 169,101.67,2,0.3,-1.61
2088,US-2024-102088,05/30/2024,06/05/2024,Same Day,CU-10562,Customer 268,Home Office,United States,Georgia,Georgia,28631,South,FUR-CHA-2250,Furniture,Chairs,Chairs model 188,1651.33,8,0.1,428.21
2089,US-2024-102089,11/03/2024,11/10/2024,Standard Class,CU-10079,Customer 783,Consumer,United States,Ohio,Ohio,50090,Central,OFF-PAP-8620,Office Supplies,Paper,Paper model 218,313.25,5,0.1,54.79
2090,US-2021-102090,02/09/2021,02/14/2021,Standard Class,CU-10613,Customer 56,Home Office,United States,Ohio,Ohio,18809,Central,OFF-PAP-2210,Office Supplies,Paper,Paper model 57,27.24,4,0.15,-1.69
2091,US-2022-102091,04/26/2022,04/27/2022,Standard Class,CU-10215,Customer 445,Corporate,United States,Texas,Texas,59264,Central,OFF-BIN-5640,Office Supplies,Binders,Binders model 91,372.01,5,0.2,140.21
2092,US-2021-102092,03/11/2021,03/13/2021,Standard Class,CU-10239,Customer 500,Corporate,United States,New Jersey,New Jersey,83240,East,OFF-BIN-7544,Office Supplies,Binders,Binders model 160,228.06,6,0.0,4.74
2093,US-2023-102093,02/02/2023,02/06/2023,Standard Class,CU-10300,Customer 248,Home Office,United States,Ohio,Ohio,65820,Central,OFF-PAP-6206,Office Supplies,Paper,Paper model 121,861.33,6,0.0,182.2
2094,US-2024-102094,11/30/2024,12/01/2024,Standard Class,CU-10263,Customer 326,Home Office,United States,New York,New York,29519,East,TEC-PHO-9815,Technology,Phones,Phones model 89,780.77,2,0.2,220.4
2095,US-2021-102095,12/20/2021,12/24/2021,Standard Class,CU-10157,Customer 392,Consumer,United States,Oregon,Oregon,45424,West,OFF-PAP-9416,Office Supplies,Paper,Paper model 125,632.16,8,0.1,0.87
2096,US-2021-102096,12/04/2021,12/09/2021,Standard Class,CU-10535,Customer 131,Consumer,United States,Pennsylvania,Pennsylvania,51824,East,OFF-STO-5873,Office Supplies,Storage,Storage model 24,417.3,6,0.1,21.77
2097,US-2024-102097,10/30/2024,11/01/2024,Standard Class,CU-10049,Customer 752,Home Office,United States,North Carolina,North Carolina,54562,South,FUR-TAB-3325,Furniture,Tables,Tables model 267,3764.28,8,0.4,951.24
2098,US-2023-102098,02/12/2023,02/17/2023,Second Class,CU-10583,Customer 681,Corporate,United States,Oregon,Oregon,61492,West,TEC-MAC-4410,Technology,Machines,Machines model 127,948.29,1,0.0,509.95
2099,US-2023-102099,02/20/2023,02/26/2023,Second Class,CU-10314,Customer 473,Consumer,United States,Michigan,Michigan,53576,Central,TEC-ACC-6020,Technology,Accessories,Accessories model 270,3833.74,4,0.0,-126.24
2100,US-2023-102100,02/27/2023,03/03/2023,Second Class,CU-10731,Customer 203,Consumer,United States,Ohio,Ohio,55124,Central,TEC-COP-9048,Technology,Copiers,Copiers model 240,2035.44,6,0.0,47.7
2101,US-2024-102101,06/07/2024,06/12/2024,First Class,CU-10256,Customer 346,Consumer,United States,Alabama,Alabama,60127,South,FUR-BOO-7641,Furniture,Bookcases,Bookcases model 291,7234.3,9,0.15,-1204.93
2102,US-2022-102102,06/28/2022,07/04/2022,Standard Class,CU-10787,Customer 281,Consumer,United States,Oregon,Oregon,87344,West,OFF-BIN-4276,Office Supplies,Binders,Binders model 199,501.43,8,0.3,-15.56
2103,US-2024-102103,05/02/2024,05/09/2024,Same Day,CU-10363,Customer 366,Corporate,United States,Ohio,Ohio,37317,Central,FUR-FUR-8827,Furniture,Furnishings,Furnishings model 25,885.17,1,0.0,243.88
2104,US-2023-102104,12/25/2023,01/01/2024,Standard Class,CU-10384,Customer 415,Home Office,United States,Nevada,Nevada,14492,West,OFF-STO-4783,Office Supplies,Storage,Storage model 94,526.11,5,0.0,140.28
2105,US-2022-102105,05/22/2022,05/29/2022,Standard Class,CU-10305,Customer 493,Home Office,United States,Nevada,Nevada,30919,West,OFF-PAP-6975,Office Supplies,Paper,Paper model 141,128.65,1,0.1,12.4
2106,US-2023-102106,12/02/2023,12/05/2023,Standard Class,CU-10098,Customer 391,Home Office,United States,Pennsylvania,Pennsylvania,90568,East,OFF-LAB-4585,Office Supplies,Labels,Labels model 119,114.98,1,0.1,34.22
2107,US-2021-102107,02/26/2021,03/02/2021,First Class,CU-10083,Customer 704,Consumer,United States,New Jersey,New Jersey,54235,East,OFF-PAP-8841,Office Supplies,Paper,Paper model 67,675.7,9,0.5,-113.06
2108,US-2023-102108,08/29/2023,09/03/2023,Second Class,CU-10335,Customer 67,Corporate,United States,California,California,57427,West,OFF-ART-4971,Office Supplies,Art,Art model 183,695.39,6,0.1,275.32
2109,US-2022-102109,01/29/2022,02/05/2022,Standard Class,CU-10406,Customer 240,Consumer,United States,Texas,Texas,75651,Central,OFF-BIN-4192,Office Supplies,Binders,Binders model 44,14.2,1,0.15,1.07
2110,US-2022-102110,02/03/2022,02/07/2022,Standard Class,CU-10089,Customer 146,Consumer,United States,Pennsylvania,Pennsylvania,90598,East,FUR-TAB-3135,Furniture,Tables,Tables model 224,345.38,1,0.0,66.59
2111,US-2023-102111,06/16/2023,06/22/2023,Second Class,CU-10191,Customer 45,Home Office,United States,New Jersey,New Jersey,70979,East,TEC-PHO-8493,Technology,Phones,Phones model 133,4231.18,4,0.1,1403.2
2112,US-2021-102112,02/22/2021,02/28/2021,First Class,CU-10473,Customer 565,Corporate,United States,Illinois,Illinois,69327,Central,OFF-BIN-2842,Office Supplies,Binders,Binders model 272,211.26,2,0.1,23.07
2113,US-2022-102113,07/05/2022,07/08/2022,Standard Class,CU-10478,Customer 527,Consumer,United States,New Jersey,New Jersey,98317,East,FUR-CHA-8787,Furniture,Chairs,Chairs model 222,6527.32,8,0.1,1011.59
2114,US-2021-102114,06/22/2021,06/29/2021,Standard Class,CU-10559,Customer 79,Corporate,United States,Oregon,Oregon,66526,West,FUR-FUR-1208,Furniture,Furnishings,Furnishings model 130,292.79,5,0.15,71.52
2115,US-2022-102115,04/23/2022,04/28/2022,Second Class,CU-10487,Customer 155,Corporate,United States,Texas,Texas,10273,Central,OFF-LAB-6588,Office Supplies,Labels,Labels model 90,897.67,6,0.0,42.92
2116,US-2023-102116,09/29/2023,10/02/2023,Second Class,CU-10176,Customer 51,Consumer,United States,Michigan,Michigan,60472,Central,OFF-ART-9574,Office Supplies,Art,Art model 122,418.67,4,0.0,125.47
2117,US-2024-102117,03/19/2024,03/22/2024,First Class,CU-10195,Customer 335,Home Office,United States,Michigan,Michigan,44913,Central,FUR-TAB-7626,Furniture,Tables,Tables model 85,6589.0,9,0.1,646.1
2118,US-2023-102118,06/07/2023,06/12/2023,Standard Class,CU-10392,Customer 724,Corporate,United States,Oregon,Oregon,29518,West,TEC-ACC-6568,Technology,Accessories,Accessories model 220,10065.49,8,0.0,3064.76
2119,US-2022-102119,04/12/2022,04/19/2022,Second Class,CU-10212,Customer 18,Home Office,United States,Michigan,Michigan,63954,Central,TEC-PHO-7921,Technology,Phones,Phones model 104,2056.11,3,0.4,-126.51
2120,US-2023-102120,12/17/2023,12/19/2023,First Class,CU-10093,Customer 377,Corporate,United States,Michigan,Michigan,18541,Central,OFF-BIN-9874,Office Supplies,Binders,Binders model 217,505.6,9,0.0,147.74
2121,US-2024-102121,07/09/2024,07/12/2024,Second Class,CU-10436,Customer 780,Corporate,United States,New York,New York,62842,East,OFF-BIN-6912,Office Supplies,Binders,Binders model 87,227.15,5,0.3,31.4
2122,US-2024-102122,01/06/2024,01/13/2024,Standard Class,CU-10254,Customer 67,Consumer,United States,Washington,Washington,81991,West,OFF-PAP-8709,Office Supplies,Paper,Paper model 142,269.63,8,0.1,69.34
2123,US-2021-102123,10/06/2021,10/11/2021,Standard Class,CU-10414,Customer 457,Consumer,United States,Ohio,Ohio,71394,Central,OFF-LAB-3845,Office Supplies,Labels,Labels model 105,234.29,3,0.3,23.2
2124,US-2021-102124,02/16/2021,02/21/2021,Second Class,CU-10659,Customer 152,Consumer,United States,Washington,Washington,94008,West,TEC-PHO-4831,Technology,Phones,Phones model 187,5388.56,8,0.1,1340.42
2125,US-2023-102125,11/21/2023,11/25/2023,Standard Class,CU-10567,Customer 298,Corporate,United States,Texas,Texas,12107,Central,TEC-MAC-4565,Technology,Machines,Machines model 39,1341.0,1,0.4,163.14
2126,US-2022-102126,12/11/2022,12/17/2022,Standard Class,CU-10634,Customer 755,Home Office,United States,Massachusetts,Massachusetts,99633,East,OFF-STO-8726,Office Supplies,Storage,Storage model 184,678.49,5,0.0,155.3
2127,US-2024-102127,06/20/2024,06/27/2024,Standard Class,CU-10669,Customer 203,Consumer,United States,Massachusetts,Massachusetts,74354,East,OFF-BIN-6939,Office Supplies,Binders,Binders model 156,354.37,8,0.1,67.7
2128,US-2024-102128,10/02/2024,10/05/2024,Standard Class,CU-10679,Customer 658,Consumer,United States,Texas,Texas,64406,Central,TEC-COP-2675,Technology,Copiers,Copiers model 233,5689.76,5,0.4,-1969.27
2129,US-2024-102129,10/14/2024,10/20/2024,First Class,CU-10390,Customer 113,Corporate,United States,New Jersey,New Jersey,42586,East,FUR-BOO-7886,Furniture,Bookcases,Bookcases model 93,7778.52,9,0.0,158.7
2130,US-2021-102130,04/24/2021,04/28/2021,First Class,CU-10729,Customer 772,Home Office,United States,Alabama,Alabama,42007,South,OFF-ART-3378,Office Supplies,Art,Art model 93,588.97,9,0.0,198.57
2131,US-2022-102131,09/11/2022,09/17/2022,Same Day,CU-10346,Customer 738,Corporate,United States,Illinois,Illinois,62307,Central,TEC-PHO-5723,Technology,Phones,Phones model 242,5203.34,4,0.0,2064.77
2132,US-2023-102132,01/13/2023,01/19/2023,Standard Class,CU-10578,Customer 33,Consumer,United States,Florida,Florida,10177,South,TEC-MAC-6756,Technology,Machines,Machines model 70,7609.19,7,0.0,147.4
2133,US-2023-102133,02/17/2023,02/24/2023,Second Class,CU-10132,Customer 743,Consumer,United States,New York,New York,33912,East,TEC-MAC-1343,Technology,Machines,Machines model 225,2835.06,8,0.2,641.77
2134,US-2024-102134,07/29/2024,08/02/2024,First Class,CU-10796,Customer 541,Home Office,United States,Michigan,Michigan,21578,Central,OFF-BIN-9225,Office Supplies,Binders,Binders model 176,161.58,6,0.0,30.46
2135,US-2022-102135,07/23/2022,07/27/2022,Standard Class,CU-10385,Customer 542,Consumer,United States,Michigan,Michigan,69652,Central,OFF-PAP-5463,Office Supplies,Paper,Paper model 79,510.24,6,0.1,138.72
2136,US-2024-102136,09/30/2024,10/01/2024,First Class,CU-10408,Customer 7,Corporate,United States,North Carolina,North Carolina,97756,South,OFF-STO-7964,Office Supplies,Storage,Storage model 285,58.76,1,0.15,12.29
2137,US-2021-102137,08/17/2021,08/18/2021,Standard Class,CU-10677,Customer 702,Home Office,United States,New York,New York,96263,East,OFF-PAP-5468,Office Supplies,Paper,Paper model 207,174.32,2,0.2,37.19
2138,US-2021-102138,05/19/2021,05/25/2021,First Class,CU-10434,Customer 235,Consumer,United States,Georgia,Georgia,84802,South,TEC-PHO-8380,Technology,Phones,Phones model 87,12990.69,8,0.15,-4208.2
2139,US-2023-102139,03/01/2023,03/06/2023,Standard Class,CU-10399,Customer 508,Corporate,United States,Alabama,Alabama,66494,South,FUR-TAB-3190,Furniture,Tables,Tables model 163,3036.78,6,0.0,572.4
2140,US-2024-102140,06/03/2024,06/10/2024,Standard Class,CU-10753,Customer 165,Corporate,United States,Texas,Texas,68910,Central,OFF-PAP-8460,Office Supplies,Paper,Paper model 92,22.68,2,0.1,8.78
2141,US-2022-102141,11/02/2022,11/09/2022,Standard Class,CU-10286,Customer 17,Consumer,United States,Nevada,Nevada,24766,West,OFF-STO-5858,Office Supplies,Storage,Storage model 119,26.29,1,0.15,2.25
2142,US-2024-102142,02/05/2024,02/11/2024,Second Class,CU-10508,Customer 420,Home Office,United States,Washington,Washington,50705,West,OFF-PAP-6017,Office Supplies,Paper,Paper model 174,738.12,9,0.15,147.79
2143,US-2021-102143,05/11/2021,05/18/2021,Second Class,CU-10291,Customer 766,Consumer,United States,Nevada,Nevada,56194,West,FUR-CHA-6209,Furniture,Chairs,Chairs model 229,2685.75,7,0.1,958.38
2144,US-2022-102144,10/12/2022,10/13/2022,Standard Class,CU-10246,Customer 193,Home Office,United States,Alabama,Alabama,31987,South,OFF-BIN-3461,Office Supplies,Binders,Binders model 112,348.43,3,0.1,95.71
2145,US-2021-102145,06/16/2021,06/18/2021,Standard Class,CU-10138,Customer 599,Home Office,United States,Oregon,Oregon,84160,West,FUR-TAB-5203,Furniture,Tables,Tables model 100,5367.56,8,0.1,-847.11
2146,US-2021-102146,12/15/2021,12/22/2021,First Class,CU-10557,Customer 370,Consumer,United States,California,California,76907,West,FUR-BOO-9240,Furniture,Bookcases,Bookcases model 85,861.08,2,0.1,51.74
2147,US-2023-102147,05/07/2023,05/08/2023,Standard Class,CU-10190,Customer 393,Consumer,United States,Nevada,Nevada,29744,West,FUR-BOO-7842,Furniture,Bookcases,Bookcases model 41,1174.98,5,0.1,-54.31
2148,US-2023-102148,04/22/2023,04/27/2023,Standard Class,CU-10753,Customer 102,Corporate,United States,Illinois,Illinois,93421,Central,FUR-BOO-9907,Furniture,Bookcases,Bookcases model 48,520.94,9,0.15,119.77
2149,US-2023-102149,07/25/2023,07/29/2023,Second Class,CU-10781,Customer 765,Home Office,United States,Georgia,Georgia,13215,South,TEC-ACC-1981,Technology,Accessories,Accessories model 279,8388.46,6,0.2,580.81
2150,US-2022-102150,02/19/2022,02/22/2022,Same Day,CU-10202,Customer 377,Consumer,United States,Alabama,Alabama,87631,South,FUR-TAB-3885,Furniture,Tables,Tables model 205,1281.95,5,0.15,187.05
2151,US-2024-102151,03/13/2024,03/15/2024,Standard Class,CU-10495,Customer 224,Home Office,United States,Washington,Washington,11549,West,OFF-ART-7863,Office Supplies,Art,Art model 192,405.13,8,0.3,66.0
2152,US-2022-102152,11/30/2022,12/02/2022,Standard Class,CU-10168,Customer 740,Consumer,United States,Nevada,Nevada,23478,West,FUR-TAB-5696,Furniture,Tables,Tables model 173,566.08,1,0.1,296.83
2153,US-2023-102153,11/29/2023,12/03/2023,Standard Class,CU-10271,Customer 129,Corporate,United States,Ohio,Ohio,33088,Central,FUR-BOO-8663,Furniture,Bookcases,Bookcases model 195,5167.51,7,0.3,167.72
2154,US-2021-102154,02/22/2021,03/01/2021,Standard Class,CU-10306,Customer 566,Home Office,United States,Alabama,Alabama,60748,South,OFF-BIN-3456,Office Supplies,Binders,Binders model 206,55.58,3,0.2,-8.07
2155,US-2021-102155,05/28/2021,05/29/2021,Same Day,CU-10179,Customer 513,Home Office,United States,California,California,96958,West,OFF-STO-3651,Office Supplies,Storage,Storage model 185,120.66,1,0.3,8.19
2156,US-2021-102156,08/18/2021,08/21/2021,First Class,CU-10516,Customer 51,Consumer,United States,Washington,Washington,59896,West,OFF-BIN-6151,Office Supplies,Binders,Binders model 280,126.06,1,0.0,21.33
2157,US-2023-102157,06/11/2023,06/15/2023,Standard Class,CU-10202,Customer 300,Home Office,United States,Oregon,Oregon,57527,West,OFF-PAP-8260,Office Supplies,Paper,Paper model 99,642.15,7,0.1,-40.87
2158,US-2022-102158,08/20/2022,08/25/2022,Standard Class,CU-10744,Customer 691,Consumer,United States,Massachusetts,Massachusetts,50595,East,OFF-LAB-9435,Office Supplies,Labels,Labels model 57,189.21,6,0.1,45.12
2159,US-2022-102159,02/10/2022,02/12/2022,Standard Class,CU-10089,Customer 727,Consumer,United States,Pennsylvania,Pennsylvania,21974,East,OFF-BIN-9527,Office Supplies,Binders,Binders model 184,103.71,1,0.15,21.07
2160,US-2024-102160,05/01/2024,05/04/2024,First Class,CU-10215,Customer 735,Consumer,United States,California,California,84651,West,OFF-LAB-4018,Office Supplies,Labels,Labels model 83,246.03,3,0.2,89.33
2161,US-2022-102161,06/03/2022,06/04/2022,Standard Class,CU-10252,Customer 570,Home Office,United States,Illinois,Illinois,32397,Central,TEC-MAC-3535,Technology,Machines,Machines model 160,1324.63,8,0.2,240.0
2162,US-2024-102162,03/08/2024,03/09/2024,Standard Class,CU-10331,Customer 146,Home Office,United States,North Carolina,North Carolina,39435,South,TEC-MAC-9465,Technology,Machines,Machines model 275,4912.65,3,0.1,1182.59
2163,US-2023-102163,03/19/2023,03/23/2023,Standard Class,CU-10334,Customer 314,Consumer,United States,Ohio,Ohio,11182,Central,FUR-TAB-7138,Furniture,Tables,Tables model 6,1673.11,7,0.1,854.36
2164,US-2023-102164,12/26/2023,01/02/2024,Standard Class,CU-10530,Customer 209,Corporate,United States,North Carolina,North Carolina,28499,South,FUR-TAB-3579,Furniture,Tables,Tables model 237,1053.11,6,0.1,401.58
2165,US-2022-102165,06/11/2022,06/16/2022,Standard Class,CU-10257,Customer 527,Home Office,United States,Ohio,Ohio,54919,Central,OFF-LAB-1369,Office Supplies,Labels,Labels model 35,198.16,9,0.5,-38.98
2166,US-2024-102166,06/11/2024,06/14/2024,Standard Class,CU-10715,Customer 17,Consumer,United States,Michigan,Michigan,36765,Central,OFF-BIN-4555,Office Supplies,Binders,Binders model 196,1316.07,9,0.0,343.96
2167,US-2021-102167,05/29/2021,06/01/2021,Standard Class,CU-10607,Customer 449,Corporate,United States,Illinois,Illinois,92682,Central,OFF-LAB-6567,Office Supplies,Labels,Labels model 64,120.38,3,0.15,-44.34
2168,US-2023-102168,03/23/2023,03/30/2023,Same Day,CU-10247,Customer 212,Home Office,United States,Georgia,Georgia,64516,South,OFF-PAP-5796,Office Supplies,Paper,Paper model 46,237.92,2,0.2,-38.75
2169,US-2022-102169,11/14/2022,11/17/2022,First Class,CU-10559,Customer 386,Home Office,United States,Florida,Florida,26535,South,OFF-PAP-6015,Office Supplies,Paper,Paper model 66,280.45,9,0.0,52.68
2170,US-2024-102170,10/04/2024,10/06/2024,Standard Class,CU-10204,Customer 118,Corporate,United States,Ohio,Ohio,58942,Central,TEC-COP-9727,Technology,Copiers,Copiers model 22,10495.01,6,0.0,3985.51
2171,US-2021-102171,11/12/2021,11/17/2021,First Class,CU-10521,Customer 90,Corporate,United States,Florida,Florida,96433,South,TEC-PHO-2134,Technology,Phones,Phones model 298,3644.11,3,0.1,868.17
2172,US-2023-102172,10/29/2023,10/31/2023,Standard Class,CU-10240,Customer 138,Corporate,United States,Georgia,Georgia,11295,South,OFF-BIN-7003,Office Supplies,Binders,Binders model 199,778.96,8,0.15,-35.77
2173,US-2024-102173,08/28/2024,08/30/2024,Standard Class,CU-10458,Customer 756,Corporate,United States,New Jersey,New Jersey,61513,East,TEC-MAC-5715,Technology,Machines,Machines model 177,9697.1,9,0.0,4062.13
2174,US-2022-102174,04/11/2022,04/17/2022,Standard Class,CU-10263,Customer 367,Corporate,United States,Nevada,Nevada,58635,West,FUR-TAB-6794,Furniture,Tables,Tables model 86,578.28,1,0.4,63.58
2175,US-2023-102175,11/30/2023,12/01/2023,Standard Class,CU-10615,Customer 273,Corporate,United States,Washington,Washington,31164,West,OFF-ART-3927,Office Supplies,Art,Art model 52,300.78,8,0.3,3.93
2176,US-2024-102176,06/06/2024,06/10/2024,Standard Class,CU-10307,Customer 20,Home Office,United States,Alabama,Alabama,77061,South,OFF-LAB-3915,Office Supplies,Labels,Labels model 29,36.57,6,0.15,4.33
2177,US-2023-102177,04/14/2023,04/17/2023,Standard Class,CU-10299,Customer 167,Consumer,United States,Florida,Florida,10012,South,OFF-BIN-3219,Office Supplies,Binders,Binders model 9,449.21,7,0.2,28.06
2178,US-2023-102178,07/21/2023,07/24/2023,Standard Class,CU-10167,Customer 201,Corporate,United States,Oregon,Oregon,26225,West,OFF-LAB-5651,Office Supplies,Labels,Labels model 214,375.61,3,0.2,30.96
2179,US-2024-102179,03/19/2024,03/23/2024,First Class,CU-10266,Customer 170,Consumer,United States,Michigan,Michigan,65341,Central,OFF-STO-6108,Office Supplies,Storage,Storage model 218,118.96,3,0.1,-4.62
2180,US-2023-102180,04/10/2023,04/14/2023,Second Class,CU-10551,Customer 653,Home Office,United States,Georgia,Georgia,62586,South,FUR-TAB-4895,Furniture,Tables,Tables model 37,968.2,5,0.15,399.43
2181,US-2024-102181,12/26/2024,12/31/2024,First Class,CU-10208,Customer 504,Consumer,United States,Massachusetts,Massachusetts,98272,East,OFF-ART-3946,Office Supplies,Art,Art model 233,581.65,9,0.0,83.0
2182,US-2021-102182,11/23/2021,11/27/2021,First Class,CU-10450,Customer 411,Corporate,United States,New Jersey,New Jersey,30901,East,FUR-TAB-1665,Furniture,Tables,Tables model 52,401.19,4,0.15,18.43
2183,US-2022-102183,09/11/2022,09/16/2022,Same Day,CU-10724,Customer 529,Home Office,United States,Oregon,Oregon,19433,West,FUR-CHA-9373,Furniture,Chairs,Chairs model 164,648.65,1,0.15,-12.57
2184,US-2021-102184,12/13/2021,12/17/2021,Standard Class,CU-10573,Customer 630,Home Office,United States,Ohio,Ohio,34917,Central,TEC-PHO-7139,Technology,Phones,Phones model 166,1642.65,1,0.0,968.18
2185,US-2022-102185,02/18/2022,02/20/2022,Standard Class,CU-10191,Customer 546,Home Office,United States,New Jersey,New Jersey,54276,East,OFF-PAP-7062,Office Supplies,Paper,Paper model 51,85.74,2,0.0,22.41
2186,US-2024-102186,11/27/2024,11/30/2024,Same Day,CU-10326,Customer 730,Consumer,United States,Florida,Florida,22883,South,OFF-ART-6788,Office Supplies,Art,Art model 97,440.74,7,0.0,114.11
2187,US-2021-102187,02/03/2021,02/09/2021,Standard Class,CU-10578,Customer 153,Home Office,United States,Illinois,Illinois,39072,Central,FUR-FUR-1211,Furniture,Furnishings,Furnishings model 224,931.42,3,0.0,233.39
2188,US-2022-102188,09/01/2022,09/04/2022,Standard Class,CU-10054,Customer 9,Home Office,United States,Oregon,Oregon,64684,West,OFF-LAB-7612,Office Supplies,Labels,Labels model 42,121.03,8,0.15,12.91
2189,US-2022-102189,03/10/2022,03/11/2022,Standard Class,CU-10447,Customer 237,Home Office,United States,Nevada,Nevada,55904,West,OFF-ART-1834,Office Supplies,Art,Art model 156,461.35,6,0.0,180.84
2190,US-2023-102190,06/13/2023,06/19/2023,Standard Class,CU-10766,Customer 65,Home Office,United States,Illinois,Illinois,78590,Central,TEC-ACC-3005,Technology,Accessories,Accessories model 26,3629.29,6,0.0,139.09
2191,US-2024-102191,12/16/2024,12/23/2024,Same Day,CU-10412,Customer 490,Consumer,United States,North Carolina,North Carolina,42307,South,FUR-CHA-4267,Furniture,Chairs,Chairs model 62,2534.63,8,0.1,52.68
2192,US-2021-102192,05/08/2021,05/15/2021,Standard Class,CU-10406,Customer 780,Consumer,United States,Texas,Texas,22490,Central,TEC-PHO-5959,Technology,Phones,Phones model 226,8928.67,9,0.15,-1180.11
2193,US-2024-102193,11/20/2024,11/25/2024,Standard Class,CU-10395,Customer 264,Corporate,United States,North Carolina,North Carolina,48302,South,OFF-BIN-3289,Office Supplies,Binders,Binders model 132,482.8,4,0.15,70.89
2194,US-2022-102194,07/19/2022,07/25/2022,Standard Class,CU-10489,Customer 726,Corporate,United States,Alabama,Alabama,63086,South,FUR-FUR-1885,Furniture,Furnishings,Furnishings model 144,247.51,4,0.1,-21.18
2195,US-2021-102195,09/28/2021,09/30/2021,First Class,CU-10335,Customer 353,Home Office,United States,Georgia,Georgia,57636,South,OFF-LAB-4314,Office Supplies,Labels,Labels model 191,295.64,4,0.0,91.79
2196,US-2023-102196,04/13/2023,04/18/2023,Standard Class,CU-10332,Customer 401,Home Office,United States,Michigan,Michigan,22382,Central,OFF-ART-6474,Office Supplies,Art,Art model 79,591.23,8,0.0,11.18
2197,US-2022-102197,03/11/2022,03/15/2022,First Class,CU-10675,Customer 714,Consumer,United States,North Carolina,North Carolina,26534,South,OFF-STO-4540,Office Supplies,Storage,Storage model 18,657.39,7,0.0,253.36
2198,US-2024-102198,02/28/2024,03/01/2024,Standard Class,CU-10329,Customer 267,Consumer,United States,Alabama,Alabama,67142,South,TEC-PHO-8843,Technology,Phones,Phones model 61,392.49,1,0.1,11.58
2199,US-2022-102199,09/13/2022,09/19/2022,Standard Class,CU-10704,Customer 326,Home Office,United States,Oregon,Oregon,82014,West,OFF-PAP-8297,Office Supplies,Paper,Paper model 289,199.94,5,0.0,84.11
2200,US-2022-102200,11/16/2022,11/20/2022,Second Class,CU-10340,Customer 535,Corporate,United States,New York,New York,11427,East,OFF-PAP-6006,Office Supplies,Paper,Paper model 264,133.94,1,0.0,25.25
2201,US-2023-102201,02/05/2023,02/12/2023,Standard Class,CU-10595,Customer 623,Consumer,United States,New Jersey,New Jersey,30902,East,TEC-COP-1037,Technology,Copiers,Copiers model 121,3814.9,3,0.15,-239.15
2202,US-2024-102202,03/30/2024,04/06/2024,First Class,CU-10421,Customer 112,Home Office,United States,Florida,Florida,54466,South,OFF-STO-2990,Office Supplies,Storage,Storage model 24,832.84,6,0.15,-37.39
2203,US-2021-102203,04/11/2021,04/14/2021,Standard Class,CU-10697,Customer 339,Corporate,United States,Texas,Texas,97229,Central,FUR-TAB-8650,Furniture,Tables,Tables model 203,74.82,1,0.0,-2.69
2204,US-2023-102204,10/11/2023,10/12/2023,First Class,CU-10158,Customer 406,Home Office,United States,Illinois,Illinois,47192,Central,FUR-FUR-7679,Furniture,Furnishings,Furnishings model 63,2097.08,3,0.0,296.69
2205,US-2021-102205,05/20/2021,05/25/2021,Standard Class,CU-10410,Customer 226,Consumer,United States,Michigan,Michigan,49811,Central,FUR-CHA-6110,Furniture,Chairs,Chairs model 37,1367.44,2,0.15,-291.98
2206,US-2021-102206,09/22/2021,09/26/2021,Standard Class,CU-10014,Customer 246,Home Office,United States,Georgia,Georgia,43617,South,FUR-FUR-2877,Furniture,Furnishings,Furnishings model 230,1306.27,4,0.0,-40.04
2207,US-2023-102207,12/31/2023,01/06/2024,Standard Class,CU-10097,Customer 69,Home Office,United States,Washington,Washington,95055,West,OFF-STO-3267,Office Supplies,Storage,Storage model 128,9.46,1,0.0,5.09
2208,US-2023-102208,10/21/2023,10/27/2023,Second Class,CU-10303,Customer 223,Consumer,United States,Alabama,Alabama,64107,South,OFF-PAP-1963,Office Supplies,Paper,Paper model 182,333.99,3,0.3,-18.72
2209,US-2022-102209,12/24/2022,12/26/2022,First Class,CU-10083,Customer 98,Corporate,United States,Oregon,Oregon,91014,West,TEC-ACC-8567,Technology,Accessories,Accessories model 162,10547.92,9,0.1,5289.64
2210,US-2021-102210,04/09/2021,04/12/2021,Standard Class,CU-10005,Customer 482,Home Office,United States,Washington,Washington,30772,West,OFF-PAP-5819,Office Supplies,Paper,Paper model 18,131.01,2,0.15,-15.5
2211,US-2023-102211,02/27/2023,03/05/2023,Standard Class,CU-10646,Customer 181,Home Office,United States,Oregon,Oregon,50712,West,FUR-CHA-8907,Furniture,Chairs,Chairs model 291,4198.7,9,0.0,915.3
2212,US-2022-102212,11/09/2022,11/16/2022,Standard Class,CU-10011,Customer 405,Corporate,United States,Pennsylvania,Pennsylvania,23953,East,FUR-BOO-4663,Furniture,Bookcases,Bookcases model 176,7392.02,9,0.0,1387.49
2213,US-2023-102213,09/09/2023,09/15/2023,Second Class,CU-10784,Customer 86,Corporate,United States,Michigan,Michigan,65595,Central,OFF-PAP-9201,Office Supplies,Paper,Paper model 278,104.4,2,0.4,16.96
2214,US-2022-102214,01/26/2022,02/01/2022,Standard Class,CU-10044,Customer 679,Corporate,United States,Washington,Washington,77262,West,TEC-PHO-9817,Technology,Phones,Phones model 293,570.96,1,0.15,282.95
2215,US-2024-102215,07/13/2024,07/15/2024,Same Day,CU-10748,Customer 156,Consumer,United States,North Carolina,North Carolina,10906,South,OFF-BIN-1395,Office Supplies,Binders,Binders model 256,138.14,1,0.1,24.67
2216,US-2024-102216,09/11/2024,09/14/2024,First Class,CU-10551,Customer 742,Corporate,United States,Pennsylvania,Pennsylvania,65560,East,OFF-PAP-1825,Office Supplies,Paper,Paper model 289,327.87,8,0.1,22.06
2217,US-2023-102217,11/19/2023,11/25/2023,Standard Class,CU-10306,Customer 772,Corporate,United States,Washington,Washington,85422,West,FUR-BOO-2078,Furniture,Bookcases,Bookcases model 193,3031.18,4,0.1,801.32
2218,US-2024-102218,09/15/2024,09/21/2024,Second Class,CU-10224,Customer 571,Corporate,United States,Illinois,Illinois,58590,Central,OFF-ART-1826,Office Supplies,Art,Art model 13,62.25,1,0.15,8.91
2219,US-2021-102219,11/15/2021,11/19/2021,Standard Class,CU-10001,Customer 48,Corporate,United States,California,California,71062,West,OFF-ART-9574,Office Supplies,Art,Art model 239,389.92,4,0.15,10.92
2220,US-2022-102220,11/07/2022,11/08/2022,Standard Class,CU-10059,Customer 624,Home Office,United States,New York,New York,40919,East,OFF-ART-4749,Office Supplies,Art,Art model 247,45.63,1,0.0,4.83
2221,US-2024-102221,05/22/2024,05/26/2024,Standard Class,CU-10137,Customer 478,Consumer,United States,Oregon,Oregon,14970,West,OFF-BIN-6451,Office Supplies,Binders,Binders model 266,411.26,8,0.15,119.09
2222,US-2021-102222,05/12/2021,05/16/2021,Standard Class,CU-10058,Customer 445,Consumer,United States,North Carolina,North Carolina,45336,South,TEC-ACC-2955,Technology,Accessories,Accessories model 178,5945.39,5,0.1,625.5
2223,US-2021-102223,06/10/2021,06/16/2021,Standard Class,CU-10627,Customer 327,Corporate,United States,Texas,Texas,87412,Central,OFF-BIN-4251,Office Supplies,Binders,Binders model 149,133.35,2,0.0,25.36
2224,US-2023-102224,05/16/2023,05/19/2023,First Class,CU-10537,Customer 124,Home Office,United States,Florida,Florida,37764,South,OFF-STO-9848,Office Supplies,Storage,Storage model 240,426.28,4,0.0,56.89
2225,US-2023-102225,10/17/2023,10/19/2023,Second Class,CU-10543,Customer 707,Corporate,United States,Massachusetts,Massachusetts,55251,East,FUR-TAB-3046,Furniture,Tables,Tables model 155,1572.5,2,0.0,47.16
2226,US-2024-102226,10/29/2024,10/30/2024,Standard Class,CU-10018,Customer 320,Consumer,United States,Oregon,Oregon,57124,West,OFF-STO-1775,Office Supplies,Storage,Storage model 34,433.25,6,0.1,76.82
2227,US-2023-102227,03/07/2023,03/13/2023,Same Day,CU-10652,Customer 342,Corporate,United States,Nevada,Nevada,63654,West,TEC-ACC-3743,Technology,Accessories,Accessories model 154,4405.02,3,0.3,224.9
2228,US-2021-102228,01/23/2021,01/29/2021,Second Class,CU-10461,Customer 148,Corporate,United States,Ohio,Ohio,84988,Central,TEC-PHO-3799,Technology,Phones,Phones model 195,13230.64,8,0.0,3408.18
2229,US-2024-102229,11/27/2024,12/04/2024,Standard Class,CU-10289,Customer 82,Consumer,United States,Michigan,Michigan,64637,Central,OFF-BIN-9099,Office Supplies,Binders,Binders model 133,55.14,1,0.1,10.49
2230,US-2022-102230,05/24/2022,05/27/2022,Standard Class,CU-10779,Customer 20,Home Office,United States,Alabama,Alabama,73996,South,FUR-BOO-6819,Furniture,Bookcases,Bookcases model 243,1289.65,2,0.0,518.99
2231,US-2023-102231,12/07/2023,12/08/2023,Standard Class,CU-10775,Customer 599,Corporate,United States,New Jersey,New Jersey,89506,East,OFF-PAP-9552,Office Supplies,Paper,Paper model 48,572.24,9,0.0,165.23
2232,US-2022-102232,05/28/2022,06/01/2022,First Class,CU-10188,Customer 564,Home Office,United States,New York,New York,15372,East,OFF-BIN-4843,Office Supplies,Binders,Binders model 250,507.5,4,0.4,-66.87
2233,US-2022-102233,02/01/2022,02/03/2022,First Class,CU-10637,Customer 117,Corporate,United States,Michigan,Michigan,71933,Central,OFF-BIN-3975,Office Supplies,Binders,Binders model 21,347.57,5,0.3,40.28
2234,US-2021-102234,12/11/2021,12/13/2021,Same Day,CU-10138,Customer 355,Home Office,United States,New Jersey,New Jersey,37743,East,TEC-COP-5222,Technology,Copiers,Copiers model 217,356.5,1,0.0,78.17
2235,US-2022-102235,04/19/2022,04/26/2022,Standard Class,CU-10573,Customer 0,Corporate,United States,California,California,88081,West,OFF-ART-6151,Office Supplies,Art,Art model 8,509.57,8,0.0,181.76
2236,US-2023-102236,06/14/2023,06/15/2023,Standard Class,CU-10700,Customer 631,Home Office,United States,Ohio,Ohio,40300,Central,OFF-LAB-2579,Office Supplies,Labels,Labels model 149,186.47,6,0.3,-31.63
2237,US-2022-102237,09/03/2022,09/07/2022,First Class,CU-10427,Customer 256,Consumer,United States,Nevada,Nevada,39319,West,FUR-FUR-1913,Furniture,Furnishings,Furnishings model 133,3895.55,9,0.0,-34.81
2238,US-2024-102238,06/05/2024,06/08/2024,Same Day,CU-10502,Customer 366,Home Office,United States,Ohio,Ohio,75473,Central,OFF-LAB-3215,Office Supplies,Labels,Labels model 33,439.15,7,0.1,65.46
2239,US-2022-102239,08/10/2022,08/11/2022,Standard Class,CU-10748,Customer 192,Home Office,United States,Washington,Washington,16941,West,OFF-STO-5002,Office Supplies,Storage,Storage model 51,632.19,5,0.3,-122.41
2240,US-2021-102240,06/18/2021,06/25/2021,Standard Class,CU-10453,Customer 53,Home Office,United States,Texas,Texas,56046,Central,OFF-LAB-4977,Office Supplies,Labels,Labels model 242,67.59,1,0.3,-3.6
2241,US-2023-102241,08/28/2023,08/29/2023,Second Class,CU-10483,Customer 177,Consumer,United States,Oregon,Oregon,35574,West,OFF-BIN-6226,Office Supplies,Binders,Binders model 15,246.65,7,0.0,29.63
2242,US-2021-102242,11/25/2021,12/02/2021,Second Class,CU-10397,Customer 418,Home Office,United States,New Jersey,New Jersey,37729,East,TEC-ACC-6274,Technology,Accessories,Accessories model 238,4200.27,3,0.1,1068.57
2243,US-2021-102243,10/18/2021,10/23/2021,First Class,CU-10500,Customer 544,Consumer,United States,New York,New York,87423,East,OFF-LAB-1214,Office Supplies,Labels,Labels model 41,531.73,5,0.1,131.04
2244,US-2022-102244,03/09/2022,03/16/2022,First Class,CU-10003,Customer 424,Home Office,United States,Alabama,Alabama,73961,South,FUR-FUR-8574,Furniture,Furnishings,Furnishings model 180,3830.22,5,0.0,1925.8
2245,US-2022-102245,11/25/2022,11/26/2022,First Class,CU-10145,Customer 155,Corporate,United States,Oregon,Oregon,10923,West,FUR-TAB-7608,Furniture,Tables,Tables model 25,1359.83,7,0.1,-154.8
2246,US-2022-102246,07/26/2022,07/29/2022,Standard Class,CU-10620,Customer 688,Home Office,United States,Nevada,Nevada,69299,West,TEC-PHO-1431,Technology,Phones,Phones model 46,4334.7,5,0.15,-174.51
2247,US-2022-102247,11/01/2022,11/02/2022,Same Day,CU-10630,Customer 155,Corporate,United States,Massachusetts,Massachusetts,86318,East,FUR-FUR-1782,Furniture,Furnishings,Furnishings model 266,1500.61,2,0.2,-131.72
2248,US-2024-102248,05/25/2024,06/01/2024,Standard Class,CU-10198,Customer 195,Corporate,United States,Alabama,Alabama,42356,South,FUR-FUR-9343,Furniture,Furnishings,Furnishings model 105,1033.91,3,0.1,164.31
2249,US-2021-102249,05/12/2021,05/18/2021,Standard Class,CU-10533,Customer 136,Home Office,United States,North Carolina,North Carolina,97878,South,OFF-STO-7329,Office Supplies,Storage,Storage model 10,233.42,3,0.0,38.06
2250,US-2024-102250,08/07/2024,08/13/2024,Second Class,CU-10020,Customer 299,Corporate,United States,Oregon,Oregon,10974,West,TEC-MAC-6849,Technology,Machines,Machines model 147,1349.19,4,0.0,99.64
2251,US-2022-102251,11/12/2022,11/15/2022,Standard Class,CU-10190,Customer 11,Home Office,United States,Texas,Texas,86975,Central,FUR-FUR-8327,Furniture,Furnishings,Furnishings model 285,6000.61,7,0.1,1312.63
2252,US-2023-102252,10/06/2023,10/10/2023,Standard Class,CU-10668,Customer 146,Consumer,United States,Texas,Texas,76310,Central,TEC-PHO-7794,Technology,Phones,Phones model 165,2631.2,7,0.1,29.19
2253,US-2021-102253,03/25/2021,03/26/2021,Second Class,CU-10096,Customer 59,Home Office,United States,Alabama,Alabama,53319,South,OFF-BIN-3795,Office Supplies,Binders,Binders model 87,271.44,2,0.0,69.76
2254,US-2023-102254,02/09/2023,02/11/2023,Second Class,CU-10514,Customer 373,Home Office,United States,Washington,Washington,90021,West,OFF-BIN-6032,Office Supplies,Binders,Binders model 199,342.89,9,0.3,79.17
2255,US-2021-102255,06/10/2021,06/15/2021,Standard Class,CU-10057,Customer 761,Corporate,United States,Michigan,Michigan,59776,Central,TEC-MAC-6221,Technology,Machines,Machines model 195,8802.4,9,0.0,1591.21
2256,US-2021-102256,01/15/2021,01/19/2021,Standard Class,CU-10738,Customer 298,Home Office,United States,Washington,Washington,89089,West,OFF-PAP-3934,Office Supplies,Paper,Paper model 131,512.12,6,0.2,-46.32
2257,US-2021-102257,02/09/2021,02/14/2021,First Class,CU-10793,Customer 300,Home Office,United States,Illinois,Illinois,90984,Central,FUR-TAB-7055,Furniture,Tables,Tables model 69,6571.64,8,0.2,12.04
2258,US-2023-102258,12/23/2023,12/30/2023,Standard Class,CU-10795,Customer 556,Corporate,United States,New York,New York,81488,East,OFF-BIN-6241,Office Supplies,Binders,Binders model 197,973.85,8,0.1,159.98
2259,US-2021-102259,02/21/2021,02/27/2021,First Class,CU-10669,Customer 208,Home Office,United States,New York,New York,91096,East,OFF-ART-5155,Office Supplies,Art,Art model 6,119.41,1,0.1,6.86
2260,US-2024-102260,08/25/2024,08/27/2024,Standard Class,CU-10138,Customer 454,Corporate,United States,North Carolina,North Carolina,66541,South,TEC-COP-9126,Technology,Copiers,Copiers model 298,3625.02,6,0.1,1273.82
2261,US-2022-102261,04/07/2022,04/12/2022,Second Class,CU-10130,Customer 157,Home Office,United States,Washington,Washington,96179,West,OFF-PAP-8131,Office Supplies,Paper,Paper model 222,272.12,7,0.3,28.17
2262,US-2022-102262,05/30/2022,06/01/2022,Second Class,CU-10409,Customer 238,Consumer,United States,Oregon,Oregon,22455,West,OFF-BIN-5614,Office Supplies,Binders,Binders model 165,281.0,6,0.3,-50.35
2263,US-2022-102263,05/01/2022,05/07/2022,Standard Class,CU-10192,Customer 408,Corporate,United States,Washington,Washington,38685,West,OFF-ART-4399,Office Supplies,Art,Art model 14,164.39,5,0.3,48.57
2264,US-2023-102264,09/03/2023,09/10/2023,Standard Class,CU-10628,Customer 484,Home Office,United States,Texas,Texas,18623,Central,OFF-ART-3214,Office Supplies,Art,Art model 179,766.06,6,0.1,35.34
2265,US-2022-102265,03/30/2022,04/04/2022,Second Class,CU-10168,Customer 118,Corporate,United States,Texas,Texas,65547,Central,TEC-ACC-2283,Technology,Accessories,Accessories model 131,1579.17,5,0.15,315.4
2266,US-2021-102266,06/28/2021,07/01/2021,Standard Class,CU-10527,Customer 709,Consumer,United States,Texas,Texas,86755,Central,OFF-ART-8637,Office Supplies,Art,Art model 138,58.82,2,0.0,24.42
2267,US-2021-102267,08/08/2021,08/12/2021,Standard Class,CU-10614,Customer 682,Corporate,United States,Texas,Texas,95656,Central,TEC-PHO-7564,Technology,Phones,Phones model 182,5848.6,6,0.15,-758.62
2268,US-2022-102268,06/19/2022,06/21/2022,Second Class,CU-10729,Customer 660,Corporate,United States,Alabama,Alabama,32604,South,OFF-BIN-4314,Office Supplies,Binders,Binders model 245,758.67,7,0.0,47.46
2269,US-2021-102269,02/13/2021,02/18/2021,Second Class,CU-10481,Customer 193,Corporate,United States,Alabama,Alabama,86230,South,OFF-LAB-3794,Office Supplies,Labels,Labels model 92,238.25,3,0.0,42.46
2270,US-2022-102270,09/19/2022,09/26/2022,Standard Class,CU-10334,Customer 262,Consumer,United States,Ohio,Ohio,96924,Central,OFF-PAP-9622,Office Supplies,Paper,Paper model 260,281.29,2,0.0,-27.59
2271,US-2024-102271,06/11/2024,06/13/2024,Standard Class,CU-10362,Customer 330,Corporate,United States,North Carolina,North Carolina,28011,South,OFF-STO-4740,Office Supplies,Storage,Storage model 184,130.57,1,0.4,5.88
2272,US-2024-102272,06/18/2024,06/21/2024,Second Class,CU-10400,Customer 794,Home Office,United States,Massachusetts,Massachusetts,88539,East,TEC-COP-9904,Technology,Copiers,Copiers model 90,3394.3,6,0.2,-701.19
2273,US-2024-102273,12/13/2024,12/15/2024,Second Class,CU-10545,Customer 78,Consumer,United States,Michigan,Michigan,35289,Central,TEC-COP-2810,Technology,Copiers,Copiers model 1,670.97,2,0.15,-74.17
2274,US-2021-102274,07/24/2021,07/26/2021,First Class,CU-10273,Customer 386,Home Office,United States,Massachusetts,Massachusetts,32486,East,OFF-BIN-1245,Office Supplies,Binders,Binders model 66,1105.25,9,0.0,339.57
2275,US-2023-102275,01/28/2023,01/31/2023,Standard Class,CU-10005,Customer 792,Home Office,United States,Florida,Florida,69476,South,OFF-ART-3902,Office Supplies,Art,Art model 202,88.31,5,0.3,23.77
2276,US-2023-102276,05/18/2023,05/22/2023,Second Class,CU-10277,Customer 345,Home Office,United States,Washington,Washington,99651,West,OFF-STO-5362,Office Supplies,Storage,Storage model 184,295.82,6,0.1,101.01
2277,US-2022-102277,08/11/2022,08/15/2022,Standard Class,CU-10693,Customer 560,Corporate,United States,Oregon,Oregon,41931,West,OFF-BIN-6159,Office Supplies,Binders,Binders model 240,36.67,1,0.15,18.93
2278,US-2021-102278,05/13/2021,05/15/2021,Standard Class,CU-10580,Customer 549,Home Office,United States,California,California,68848,West,FUR-TAB-5990,Furniture,Tables,Tables model 260,5943.68,9,0.15,32.62
2279,US-2024-102279,10/06/2024,10/10/2024,Standard Class,CU-10518,Customer 289,Consumer,United States,Alabama,Alabama,48113,South,OFF-ART-9311,Office Supplies,Art,Art model 44,673.48,8,0.0,269.03
2280,US-2022-102280,12/21/2022,12/27/2022,Standard Class,CU-10009,Customer 330,Corporate,United States,Florida,Florida,81852,South,OFF-LAB-3599,Office Supplies,Labels,Labels model 155,68.07,9,0.0,8.71
2281,US-2024-102281,04/27/2024,04/30/2024,First Class,CU-10454,Customer 615,Consumer,United States,California,California,67373,West,OFF-LAB-5826,Office Supplies,Labels,Labels model 289,751.01,9,0.1,146.95
2282,US-2024-102282,12/30/2024,01/02/2025,Standard Class,CU-10102,Customer 649,Corporate,United States,Massachusetts,Massachusetts,52080,East,OFF-STO-4117,Office Supplies,Storage,Storage model 120,87.51,2,0.15,1.72
2283,US-2024-102283,12/14/2024,12/19/2024,Standard Class,CU-10251,Customer 15,Consumer,United States,Michigan,Michigan,94214,Central,OFF-BIN-5193,Office Supplies,Binders,Binders model 44,277.24,7,0.3,25.96
2284,US-2021-102284,11/25/2021,11/30/2021,First Class,CU-10501,Customer 448,Consumer,United States,Illinois,Illinois,95344,Central,OFF-STO-9736,Office Supplies,Storage,Storage model 286,436.15,8,0.4,6.51
2285,US-2023-102285,07/26/2023,07/29/2023,Standard Class,CU-10472,Customer 256,Consumer,United States,Florida,Florida,62974,South,TEC-ACC-2293,Technology,Accessories,Accessories model 26,11825.99,9,0.5,1030.4
2286,US-2021-102286,04/10/2021,04/16/2021,Standard Class,CU-10090,Customer 54,Corporate,United States,Michigan,Michigan,53278,Central,OFF-ART-8353,Office Supplies,Art,Art model 251,732.65,6,0.0,199.21
2287,US-2024-102287,09/26/2024,10/01/2024,Second Class,CU-10284,Customer 345,Consumer,United States,Washington,Washington,31400,West,FUR-CHA-8938,Furniture,Chairs,Chairs model 125,2202.55,3,0.2,128.8
2288,US-2022-102288,06/25/2022,06/30/2022,Standard Class,CU-10382,Customer 494,Corporate,United States,Pennsylvania,Pennsylvania,29974,East,OFF-PAP-3212,Office Supplies,Paper,Paper model 156,627.22,6,0.1,194.05
2289,US-2024-102289,03/04/2024,03/06/2024,Second Class,CU-10290,Customer 311,Home Office,United States,Oregon,Oregon,22822,West,OFF-PAP-9578,Office Supplies,Paper,Paper model 248,578.25,5,0.0,230.76
2290,US-2021-102290,04/17/2021,04/23/2021,Standard Class,CU-10099,Customer 437,Home Office,United States,Massachusetts,Massachusetts,86786,East,OFF-STO-2591,Office Supplies,Storage,Storage model 216,471.81,4,0.15,66.93
2291,US-2023-102291,07/13/2023,07/15/2023,Standard Class,CU-10265,Customer 486,Home Office,United States,Ohio,Ohio,18801,Central,TEC-PHO-1788,Technology,Phones,Phones model 190,10194.46,9,0.15,-1014.93
2292,US-2022-102292,05/19/2022,05/25/2022,Standard Class,CU-10312,Customer 723,Consumer,United States,Alabama,Alabama,87300,South,OFF-LAB-8108,Office Supplies,Labels,Labels model 61,34.04,4,0.0,5.22
2293,US-2022-102293,04/28/2022,05/04/2022,Second Class,CU-10254,Customer 633,Corporate,United States,Ohio,Ohio,48301,Central,OFF-LAB-1929,Office Supplies,Labels,Labels model 16,209.32,2,0.1,14.77
2294,US-2021-102294,04/24/2021,04/30/2021,Standard Class,CU-10404,Customer 743,Corporate,United States,Nevada,Nevada,15254,West,OFF-LAB-5059,Office Supplies,Labels,Labels model 198,1198.19,9,0.1,47.81
2295,US-2023-102295,07/25/2023,07/28/2023,Same Day,CU-10726,Customer 568,Consumer,United States,New York,New York,72631,East,FUR-BOO-3013,Furniture,Bookcases,Bookcases model 223,535.75,5,0.3,-96.4
2296,US-2021-102296,04/16/2021,04/22/2021,Standard Class,CU-10520,Customer 715,Consumer,United States,Pennsylvania,Pennsylvania,11489,East,OFF-PAP-2214,Office Supplies,Paper,Paper model 273,576.0,6,0.0,-53.31
2297,US-2021-102297,12/05/2021,12/07/2021,Standard Class,CU-10449,Customer 573,Corporate,United States,Texas,Texas,59716,Central,OFF-BIN-9047,Office Supplies,Binders,Binders model 126,197.33,7,0.1,-0.52
2298,US-2021-102298,11/10/2021,11/17/2021,Standard Class,CU-10646,Customer 50,Consumer,United States,California,California,10182,West,OFF-ART-3842,Office Supplies,Art,Art model 244,98.16,9,0.1,-12.63
2299,US-2021-102299,03/07/2021,03/11/2021,Standard Class,CU-10471,Customer 321,Consumer,United States,Massachusetts,Massachusetts,70705,East,OFF-BIN-4845,Office Supplies,Binders,Binders model 237,370.69,9,0.0,51.48
2300,US-2024-102300,05/20/2024,05/27/2024,Standard Class,CU-10421,Customer 179,Corporate,United States,Massachusetts,Massachusetts,73211,East,FUR-BOO-6454,Furniture,Bookcases,Bookcases model 7,189.55,2,0.3,5.69
2301,US-2024-102301,06/11/2024,06/14/2024,Standard Class,CU-10050,Customer 553,Corporate,United States,Nevada,Nevada,56752,West,FUR-CHA-1555,Furniture,Chairs,Chairs model 172,1091.93,3,0.15,-69.56
2302,US-2024-102302,09/12/2024,09/13/2024,Standard Class,CU-10199,Customer 345,Corporate,United States,Texas,Texas,69032,Central,FUR-FUR-5252,Furniture,Furnishings,Furnishings model 192,587.95,1,0.1,-66.96
2303,US-2022-102303,07/29/2022,08/05/2022,Second Class,CU-10614,Customer 317,Home Office,United States,Florida,Florida,59305,South,OFF-PAP-9190,Office Supplies,Paper,Paper model 180,562.56,4,0.1,159.07
2304,US-2023-102304,11/15/2023,11/18/2023,Standard Class,CU-10787,Customer 737,Corporate,United States,Nevada,Nevada,86157,West,OFF-BIN-6505,Office Supplies,Binders,Binders model 224,42.38,2,0.0,1.23
2305,US-2022-102305,11/25/2022,11/30/2022,Standard Class,CU-10484,Customer 549,Corporate,United States,Illinois,Illinois,26167,Central,FUR-FUR-1192,Furniture,Furnishings,Furnishings model 293,502.69,2,0.1,103.8
2306,US-2021-102306,10/02/2021,10/07/2021,Standard Class,CU-10271,Customer 740,Consumer,United States,New York,New York,99911,East,OFF-LAB-6859,Office Supplies,Labels,Labels model 5,1029.93,8,0.2,255.28
2307,US-2023-102307,05/22/2023,05/28/2023,Same Day,CU-10502,Customer 403,Consumer,United States,Georgia,Georgia,20143,South,TEC-MAC-6647,Technology,Machines,Machines model 258,1645.28,8,0.5,-40.93
2308,US-2023-102308,08/30/2023,09/05/2023,Standard Class,CU-10584,Customer 312,Home Office,United States,North Carolina,North Carolina,89363,South,OFF-LAB-4320,Office Supplies,Labels,Labels model 239,702.91,5,0.0,192.12
2309,US-2022-102309,02/14/2022,02/17/2022,Standard Class,CU-10671,Customer 176,Home Office,United States,Illinois,Illinois,54075,Central,FUR-TAB-6557,Furniture,Tables,Tables model 270,1249.65,7,0.0,272.48
2310,US-2022-102310,09/16/2022,09/18/2022,Standard Class,CU-10231,Customer 335,Corporate,United States,Florida,Florida,66688,South,OFF-LAB-9876,Office Supplies,Labels,Labels model 28,119.45,1,0.0,32.0
2311,US-2021-102311,10/31/2021,11/01/2021,Second Class,CU-10367,Customer 630,Consumer,United States,Michigan,Michigan,65780,Central,OFF-ART-3320,Office Supplies,Art,Art model 215,122.33,1,0.1,38.82
2312,US-2022-102312,03/09/2022,03/12/2022,Standard Class,CU-10145,Customer 451,Home Office,United States,North Carolina,North Carolina,63132,South,TEC-COP-7713,Technology,Copiers,Copiers model 149,3395.16,2,0.1,1112.15
2313,US-2021-102313,12/10/2021,12/11/2021,Standard Class,CU-10758,Customer 590,Home Office,United States,California,California,33119,West,FUR-BOO-1377,Furniture,Bookcases,Bookcases model 258,3168.85,4,0.3,641.0
2314,US-2021-102314,07/10/2021,07/13/2021,Standard Class,CU-10227,Customer 744,Consumer,United States,Illinois,Illinois,71011,Central,OFF-ART-2529,Office Supplies,Art,Art model 137,78.46,1,0.15,14.48
2315,US-2023-102315,03/09/2023,03/15/2023,Standard Class,CU-10712,Customer 66,Corporate,United States,Nevada,Nevada,13074,West,TEC-MAC-4072,Technology,Machines,Machines model 223,1902.72,2,0.15,-203.93
2316,US-2021-102316,12/30/2021,12/31/2021,Standard Class,CU-10426,Customer 435,Corporate,United States,Texas,Texas,38419,Central,FUR-TAB-5458,Furniture,Tables,Tables model 8,2376.39,3,0.0,722.78
2317,US-2024-102317,11/30/2024,12/02/2024,Standard Class,CU-10720,Customer 478,Home Office,United States,Texas,Texas,22177,Central,OFF-ART-6238,Office Supplies,Art,Art model 61,53.75,1,0.0,17.9
2318,US-2023-102318,11/22/2023,11/29/2023,Second Class,CU-10209,Customer 742,Consumer,United States,Georgia,Georgia,20619,South,OFF-STO-9252,Office Supplies,Storage,Storage model 267,64.73,8,0.15,24.95
2319,US-2021-102319,07/03/2021,07/08/2021,Standard Class,CU-10626,Customer 157,Consumer,United States,Nevada,Nevada,41985,West,TEC-PHO-3438,Technology,Phones,Phones model 220,1410.83,1,0.1,-84.04
2320,US-2022-102320,03/05/2022,03/11/2022,Standard Class,CU-10461,Customer 165,Home Office,United States,North Carolina,North Carolina,11683,South,OFF-STO-9311,Office Supplies,Storage,Storage model 50,445.18,5,0.2,71.99
2321,US-2021-102321,08/19/2021,08/26/2021,Standard Class,CU-10479,Customer 475,Corporate,United States,Pennsylvania,Pennsylvania,91989,East,TEC-ACC-9503,Technology,Accessories,Accessories model 169,6265.39,8,0.15,454.18
2322,US-2022-102322,06/27/2022,06/28/2022,Standard Class,CU-10776,Customer 298,Home Office,United States,California,California,80475,West,TEC-ACC-9022,Technology,Accessories,Accessories model 282,4562.56,7,0.0,987.12
2323,US-2024-102323,07/13/2024,07/16/2024,First Class,CU-10431,Customer 657,Home Office,United States,Texas,Texas,94588,Central,OFF-STO-9611,Office Supplies,Storage,Storage model 28,589.5,9,0.15,18.85
2324,US-2023-102324,08/06/2023,08/10/2023,Second Class,CU-10776,Customer 596,Corporate,United States,Michigan,Michigan,65079,Central,OFF-ART-8561,Office Supplies,Art,Art model 35,487.89,6,0.0,-18.02
2325,US-2021-102325,10/21/2021,10/23/2021,Standard Class,CU-10416,Customer 181,Consumer,United States,Massachusetts,Massachusetts,89025,East,OFF-PAP-1535,Office Supplies,Paper,Paper model 15,421.9,8,0.1,21.95
2326,US-2022-102326,01/22/2022,01/26/2022,Same Day,CU-10160,Customer 441,Corporate,United States,Florida,Florida,27950,South,FUR-BOO-8806,Furniture,Bookcases,Bookcases model 154,239.29,4,0.2,1.25
2327,US-2023-102327,11/22/2023,11/29/2023,Second Class,CU-10573,Customer 401,Corporate,United States,Pennsylvania,Pennsylvania,22137,East,FUR-FUR-1957,Furniture,Furnishings,Furnishings model 37,4186.68,8,0.0,1137.18
2328,US-2024-102328,01/24/2024,01/29/2024,Standard Class,CU-10004,Customer 502,Home Office,United States,Washington,Washington,87661,West,OFF-ART-8394,Office Supplies,Art,Art model 19,25.54,1,0.4,-4.19
2329,US-2023-102329,12/16/2023,12/21/2023,Second Class,CU-10425,Customer 130,Consumer,United States,California,California,52667,West,OFF-BIN-4858,Office Supplies,Binders,Binders model 293,947.8,8,0.0,148.08
2330,US-2022-102330,09/28/2022,10/03/2022,Second Class,CU-10720,Customer 532,Home Office,United States,Massachusetts,Massachusetts,98469,East,TEC-COP-3624,Technology,Copiers,Copiers model 120,1567.73,4,0.2,-58.6
2331,US-2024-102331,01/29/2024,02/03/2024,First Class,CU-10250,Customer 0,Consumer,United States,Illinois,Illinois,35025,Central,OFF-BIN-1510,Office Supplies,Binders,Binders model 5,497.25,6,0.0,240.42
2332,US-2021-102332,12/30/2021,01/02/2022,Standard Class,CU-10457,Customer 496,Home Office,United States,Georgia,Georgia,90005,South,OFF-ART-1852,Office Supplies,Art,Art model 49,511.65,4,0.15,-79.42
2333,US-2024-102333,06/01/2024,06/02/2024,Same Day,CU-10696,Customer 13,Consumer,United States,Georgia,Georgia,93265,South,TEC-ACC-5740,Technology,Accessories,Accessories model 154,3025.83,2,0.2,658.37
2334,US-2021-102334,02/24/2021,03/01/2021,Standard Class,CU-10101,Customer 342,Home Office,United States,Illinois,Illinois,62890,Central,FUR-BOO-9646,Furniture,Bookcases,Bookcases model 87,5957.16,7,0.0,249.93
2335,US-2024-102335,01/03/2024,01/08/2024,Standard Class,CU-10108,Customer 734,Home Office,United States,Nevada,Nevada,15107,West,OFF-STO-6172,Office Supplies,Storage,Storage model 69,762.53,6,0.0,217.96
2336,US-2022-102336,12/17/2022,12/18/2022,Standard Class,CU-10074,Customer 512,Consumer,United States,Alabama,Alabama,30295,South,OFF-PAP-3303,Office Supplies,Paper,Paper model 255,414.64,6,0.2,6.76
2337,US-2023-102337,04/01/2023,04/06/2023,Standard Class,CU-10475,Customer 649,Home Office,United States,New Jersey,New Jersey,75233,East,OFF-LAB-2480,Office Supplies,Labels,Labels model 283,141.95,2,0.1,-0.11
2338,US-2022-102338,01/14/2022,01/20/2022,Standard Class,CU-10729,Customer 171,Consumer,United States,New Jersey,New Jersey,32354,East,FUR-CHA-3870,Furniture,Chairs,Chairs model 186,7713.67,9,0.1,-1562.41
2339,US-2021-102339,08/02/2021,08/09/2021,Standard Class,CU-10368,Customer 257,Home Office,United States,Pennsylvania,Pennsylvania,54475,East,OFF-LAB-5473,Office Supplies,Labels,Labels model 184,144.41,4,0.3,0.75
2340,US-2023-102340,04/24/2023,04/25/2023,Standard Class,CU-10149,Customer 498,Home Office,United States,North Carolina,North Carolina,11647,South,OFF-LAB-1632,Office Supplies,Labels,Labels model 235,712.91,9,0.2,-41.98
2341,US-2024-102341,12/05/2024,12/07/2024,Standard Class,CU-10536,Customer 280,Consumer,United States,New Jersey,New Jersey,52301,East,OFF-PAP-5371,Office Supplies,Paper,Paper model 216,255.01,6,0.5,31.04
2342,US-2022-102342,08/25/2022,08/29/2022,Second Class,CU-10264,Customer 323,Corporate,United States,Alabama,Alabama,32690,South,OFF-LAB-9074,Office Supplies,Labels,Labels model 105,97.06,1,0.1,25.89
2343,US-2021-102343,10/15/2021,10/21/2021,Second Class,CU-10555,Customer 652,Corporate,United States,California,California,81679,West,FUR-BOO-6813,Furniture,Bookcases,Bookcases model 217,2308.77,5,0.3,-145.0
2344,US-2024-102344,01/01/2024,01/07/2024,First Class,CU-10522,Customer 277,Home Office,United States,Florida,Florida,28179,South,FUR-TAB-7480,Furniture,Tables,Tables model 294,4975.76,6,0.2,-418.25
2345,US-2023-102345,02/20/2023,02/26/2023,Standard Class,CU-10060,Customer 744,Corporate,United States,Massachusetts,Massachusetts,81354,East,OFF-LAB-9791,Office Supplies,Labels,Labels model 165,80.69,5,0.4,-2.04
2346,US-2021-102346,07/14/2021,07/19/2021,First Class,CU-10642,Customer 362,Home Office,United States,Illinois,Illinois,65544,Central,OFF-ART-2608,Office Supplies,Art,Art model 4,415.18,7,0.3,-45.24
2347,US-2023-102347,10/14/2023,10/16/2023,First Class,CU-10569,Customer 201,Home Office,United States,Pennsylvania,Pennsylvania,78798,East,FUR-BOO-2039,Furniture,Bookcases,Bookcases model 87,565.78,1,0.1,94.29
2348,US-2022-102348,05/17/2022,05/20/2022,Second Class,CU-10262,Customer 495,Consumer,United States,Massachusetts,Massachusetts,55784,East,FUR-FUR-7179,Furniture,Furnishings,Furnishings model 79,3352.7,5,0.0,-154.93
2349,US-2024-102349,02/20/2024,02/24/2024,Standard Class,CU-10300,Customer 763,Consumer,United States,North Carolina,North Carolina,65597,South,FUR-FUR-7751,Furniture,Furnishings,Furnishings model 8,1600.09,7,0.1,-126.85
2350,US-2021-102350,11/07/2021,11/14/2021,Standard Class,CU-10071,Customer 132,Consumer,United States,Georgia,Georgia,70426,South,OFF-BIN-2999,Office Supplies,Binders,Binders model 87,331.14,3,0.4,-134.37
2351,US-2024-102351,01/30/2024,02/06/2024,Standard Class,CU-10344,Customer 560,Home Office,United States,Texas,Texas,11631,Central,OFF-STO-8182,Office Supplies,Storage,Storage model 68,48.08,2,0.0,13.05
2352,US-2024-102352,03/18/2024,03/22/2024,Standard Class,CU-10094,Customer 14,Home Office,United States,Illinois,Illinois,43007,Central,TEC-MAC-2149,Technology,Machines,Machines model 130,10556.21,9,0.2,-1807.57
2353,US-2023-102353,10/01/2023,10/03/2023,First Class,CU-10790,Customer 462,Home Office,United States,Georgia,Georgia,96432,South,FUR-CHA-7292,Furniture,Chairs,Chairs model 188,3942.42,5,0.2,412.89
2354,US-2024-102354,10/02/2024,10/08/2024,Standard Class,CU-10449,Customer 748,Home Office,United States,Massachusetts,Massachusetts,13486,East,OFF-PAP-8704,Office Supplies,Paper,Paper model 190,721.7,8,0.3,38.87
2355,US-2023-102355,01/30/2023,02/02/2023,Standard Class,CU-10585,Customer 177,Consumer,United States,New York,New York,78403,East,OFF-LAB-4344,Office Supplies,Labels,Labels model 12,34.87,2,0.15,5.07
2356,US-2024-102356,03/11/2024,03/18/2024,Standard Class,CU-10506,Customer 544,Corporate,United States,Georgia,Georgia,32393,South,TEC-ACC-8910,Technology,Accessories,Accessories model 34,4388.58,9,0.4,566.29
2357,US-2021-102357,08/20/2021,08/24/2021,First Class,CU-10654,Customer 722,Consumer,United States,Massachusetts,Massachusetts,41356,East,TEC-MAC-7817,Technology,Machines,Machines model 156,2749.62,5,0.0,920.04
2358,US-2023-102358,10/27/2023,10/30/2023,Standard Class,CU-10068,Customer 205,Consumer,United States,New Jersey,New Jersey,40259,East,FUR-TAB-2917,Furniture,Tables,Tables model 201,3657.3,5,0.4,351.21
2359,US-2023-102359,10/06/2023,10/11/2023,Second Class,CU-10589,Customer 229,Corporate,United States,Washington,Washington,69019,West,FUR-BOO-4624,Furniture,Bookcases,Bookcases model 144,286.16,2,0.0,100.33
2360,US-2024-102360,09/27/2024,09/30/2024,Standard Class,CU-10391,Customer 744,Corporate,United States,Illinois,Illinois,70472,Central,OFF-STO-9284,Office Supplies,Storage,Storage model 27,19.86,1,0.0,-1.22
2361,US-2022-102361,10/26/2022,11/01/2022,Standard Class,CU-10104,Customer 366,Consumer,United States,Illinois,Illinois,28101,Central,FUR-BOO-4447,Furniture,Bookcases,Bookcases model 149,903.98,5,0.3,278.92
2362,US-2024-102362,12/28/2024,12/29/2024,Standard Class,CU-10112,Customer 298,Consumer,United States,Illinois,Illinois,12935,Central,FUR-CHA-6245,Furniture,Chairs,Chairs model 195,349.0,1,0.0,71.44
2363,US-2023-102363,03/19/2023,03/20/2023,Standard Class,CU-10155,Customer 692,Corporate,United States,California,California,25955,West,TEC-COP-9030,Technology,Copiers,Copiers model 242,201.35,1,0.2,11.0
2364,US-2021-102364,04/10/2021,04/14/2021,First Class,CU-10424,Customer 426,Corporate,United States,Oregon,Oregon,66401,West,OFF-BIN-6965,Office Supplies,Binders,Binders model 290,427.77,7,0.0,28.2
2365,US-2024-102365,08/09/2024,08/11/2024,Second Class,CU-10453,Customer 704,Corporate,United States,Illinois,Illinois,20031,Central,FUR-TAB-4841,Furniture,Tables,Tables model 144,4338.21,6,0.3,899.39
2366,US-2024-102366,08/27/2024,09/02/2024,Same Day,CU-10765,Customer 718,Corporate,United States,Georgia,Georgia,83581,South,OFF-ART-3761,Office Supplies,Art,Art model 225,800.85,7,0.15,390.01
2367,US-2024-102367,07/27/2024,08/03/2024,First Class,CU-10798,Customer 227,Consumer,United States,Pennsylvania,Pennsylvania,11012,East,TEC-MAC-8660,Technology,Machines,Machines model 280,226.98,1,0.2,-48.6
2368,US-2023-102368,07/17/2023,07/22/2023,Second Class,CU-10623,Customer 68,Home Office,United States,Georgia,Georgia,34267,South,OFF-BIN-3739,Office Supplies,Binders,Binders model 288,698.11,9,0.3,53.77
2369,US-2022-102369,01/04/2022,01/10/2022,Second Class,CU-10521,Customer 91,Home Office,United States,California,California,57657,West,FUR-BOO-2544,Furniture,Bookcases,Bookcases model 178,1296.21,2,0.1,153.27
2370,US-2022-102370,09/01/2022,09/05/2022,Standard Class,CU-10341,Customer 741,Corporate,United States,Illinois,Illinois,71577,Central,FUR-TAB-1951,Furniture,Tables,Tables model 100,2053.52,3,0.0,-78.87
2371,US-2024-102371,05/17/2024,05/22/2024,First Class,CU-10524,Customer 289,Home Office,United States,Illinois,Illinois,20892,Central,OFF-STO-8119,Office Supplies,Storage,Storage model 65,565.85,7,0.0,174.32
2372,US-2022-102372,08/03/2022,08/04/2022,Second Class,CU-10702,Customer 518,Consumer,United States,North Carolina,North Carolina,24539,South,TEC-ACC-1327,Technology,Accessories,Accessories model 68,731.31,1,0.0,155.44
2373,US-2024-102373,04/21/2024,04/24/2024,Standard Class,CU-10597,Customer 497,Home Office,United States,Pennsylvania,Pennsylvania,47238,East,OFF-LAB-7883,Office Supplies,Labels,Labels model 109,239.44,2,0.0,54.66
2374,US-2022-102374,04/18/2022,04/19/2022,Standard Class,CU-10795,Customer 725,Consumer,United States,North Carolina,North Carolina,15365,South,OFF-STO-8334,Office Supplies,Storage,Storage model 296,377.13,8,0.4,-45.51
2375,US-2023-102375,07/22/2023,07/28/2023,Second Class,CU-10445,Customer 527,Home Office,United States,New Jersey,New Jersey,97405,East,OFF-ART-8345,Office Supplies,Art,Art model 169,109.1,1,0.1,7.75
2376,US-2024-102376,12/15/2024,12/16/2024,Second Class,CU-10470,Customer 299,Consumer,United States,Pennsylvania,Pennsylvania,35699,East,OFF-PAP-9395,Office Supplies,Paper,Paper model 271,380.51,7,0.1,20.57
2377,US-2023-102377,08/15/2023,08/22/2023,Second Class,CU-10696,Customer 645,Home Office,United States,New Jersey,New Jersey,20282,East,TEC-COP-3478,Technology,Copiers,Copiers model 51,8811.07,7,0.1,799.91
2378,US-2021-102378,08/18/2021,08/23/2021,First Class,CU-10166,Customer 208,Home Office,United States,North Carolina,North Carolina,55383,South,TEC-ACC-7584,Technology,Accessories,Accessories model 87,5403.79,8,0.2,242.88
2379,US-2022-102379,07/12/2022,07/16/2022,Standard Class,CU-10330,Customer 406,Consumer,United States,Michigan,Michigan,56588,Central,FUR-BOO-1849,Furniture,Bookcases,Bookcases model 187,309.58,4,0.0,100.61
2380,US-2024-102380,11/07/2024,11/09/2024,Standard Class,CU-10389,Customer 301,Home Office,United States,Washington,Washington,80397,West,OFF-ART-4300,Office Supplies,Art,Art model 256,107.74,4,0.0,-4.36
2381,US-2022-102381,05/12/2022,05/17/2022,Standard Class,CU-10616,Customer 485,Consumer,United States,North Carolina,North Carolina,16317,South,OFF-LAB-8430,Office Supplies,Labels,Labels model 55,663.59,6,0.1,185.9
2382,US-2024-102382,10/24/2024,10/27/2024,Standard Class,CU-10499,Customer 632,Corporate,United States,Oregon,Oregon,99761,West,FUR-BOO-4106,Furniture,Bookcases,Bookcases model 266,896.37,5,0.2,35.66
2383,US-2022-102383,07/08/2022,07/15/2022,Standard Class,CU-10657,Customer 773,Consumer,United States,Pennsylvania,Pennsylvania,28098,East,OFF-BIN-8246,Office Supplies,Binders,Binders model 19,436.74,3,0.0,31.68
2384,US-2021-102384,11/19/2021,11/25/2021,Standard Class,CU-10740,Customer 347,Corporate,United States,Illinois,Illinois,70593,Central,FUR-FUR-9969,Furniture,Furnishings,Furnishings model 245,978.37,6,0.3,417.49
2385,US-2024-102385,09/18/2024,09/20/2024,Standard Class,CU-10721,Customer 724,Home Office,United States,Pennsylvania,Pennsylvania,31264,East,OFF-ART-6838,Office Supplies,Art,Art model 86,380.61,3,0.0,-33.59
2386,US-2021-102386,03/12/2021,03/16/2021,Standard Class,CU-10785,Customer 318,Home Office,United States,Nevada,Nevada,76241,West,OFF-LAB-4180,Office Supplies,Labels,Labels model 207,73.28,5,0.1,20.04
2387,US-2024-102387,01/21/2024,01/27/2024,Standard Class,CU-10091,Customer 776,Home Office,United States,Illinois,Illinois,58266,Central,OFF-ART-8077,Office Supplies,Art,Art model 211,415.97,7,0.15,71.28
2388,US-2023-102388,01/03/2023,01/09/2023,Standard Class,CU-10144,Customer 141,Corporate,United States,North Carolina,North Carolina,26394,South,TEC-COP-5703,Technology,Copiers,Copiers model 295,2083.31,2,0.5,150.79
2389,US-2022-102389,11/12/2022,11/14/2022,Standard Class,CU-10050,Customer 22,Consumer,United States,Illinois,Illinois,57308,Central,FUR-FUR-9331,Furniture,Furnishings,Furnishings model 9,3549.21,5,0.15,651.75
2390,US-2023-102390,03/30/2023,04/06/2023,Standard Class,CU-10003,Customer 583,Home Office,United States,Illinois,Illinois,61151,Central,FUR-TAB-3899,Furniture,Tables,Tables model 35,277.33,1,0.0,103.27
2391,US-2022-102391,11/17/2022,11/21/2022,Standard Class,CU-10234,Customer 756,Corporate,United States,California,California,25315,West,TEC-MAC-1348,Technology,Machines,Machines model 34,2971.09,7,0.15,372.37
2392,US-2021-102392,11/17/2021,11/18/2021,Standard Class,CU-10344,Customer 785,Consumer,United States,North Carolina,North Carolina,14884,South,TEC-MAC-3987,Technology,Machines,Machines model 118,1715.38,7,0.0,376.17
2393,US-2021-102393,12/15/2021,12/19/2021,Standard Class,CU-10313,Customer 616,Corporate,United States,Pennsylvania,Pennsylvania,88702,East,FUR-CHA-2617,Furniture,Chairs,Chairs model 160,4865.39,6,0.3,64.97
2394,US-2022-102394,11/08/2022,11/10/2022,Standard Class,CU-10608,Customer 654,Home Office,United States,New Jersey,New Jersey,72922,East,OFF-BIN-7592,Office Supplies,Binders,Binders model 234,678.77,9,0.5,-14.65
2395,US-2021-102395,03/22/2021,03/23/2021,Same Day,CU-10435,Customer 706,Corporate,United States,Alabama,Alabama,39619,South,OFF-ART-4359,Office Supplies,Art,Art model 235,205.62,2,0.1,6.19
2396,US-2023-102396,06/27/2023,07/01/2023,Standard Class,CU-10639,Customer 595,Home Office,United States,North Carolina,North Carolina,22995,South,OFF-STO-4572,Office Supplies,Storage,Storage model 31,1096.36,8,0.0,214.31
2397,US-2024-102397,08/15/2024,08/21/2024,First Class,CU-10450,Customer 260,Corporate,United States,Texas,Texas,49963,Central,OFF-LAB-2340,Office Supplies,Labels,Labels model 257,887.4,7,0.15,93.3
2398,US-2023-102398,01/23/2023,01/27/2023,Standard Class,CU-10206,Customer 326,Consumer,United States,Oregon,Oregon,94168,West,OFF-PAP-7356,Office Supplies,Paper,Paper model 150,110.86,6,0.3,-10.42
2399,US-2023-102399,04/07/2023,04/12/2023,Same Day,CU-10359,Customer 403,Home Office,United States,Georgia,Georgia,60271,South,OFF-STO-6515,Office Supplies,Storage,Storage model 108,145.2,5,0.1,35.1
2400,US-2022-102400,11/19/2022,11/22/2022,Standard Class,CU-10229,Customer 264,Consumer,United States,Michigan,Michigan,53877,Central,FUR-CHA-5402,Furniture,Chairs,Chairs model 108,2826.58,5,0.15,-107.13
2401,US-2023-102401,07/15/2023,07/19/2023,Standard Class,CU-10601,Customer 86,Corporate,United States,Washington,Washington,95223,West,OFF-STO-3652,Office Supplies,Storage,Storage model 97,413.48,3,0.1,-24.79
2402,US-2022-102402,05/03/2022,05/09/2022,First Class,CU-10635,Customer 174,Home Office,United States,Pennsylvania,Pennsylvania,76439,East,OFF-STO-7056,Office Supplies,Storage,Storage model 77,442.39,4,0.15,27.72
2403,US-2022-102403,07/16/2022,07/20/2022,Second Class,CU-10703,Customer 153,Consumer,United States,Georgia,Georgia,31787,South,TEC-ACC-3828,Technology,Accessories,Accessories model 53,8818.73,7,0.0,1711.78
2404,US-2021-102404,09/29/2021,10/02/2021,Second Class,CU-10750,Customer 76,Consumer,United States,Florida,Florida,82867,South,OFF-PAP-7432,Office Supplies,Paper,Paper model 107,211.06,2,0.0,43.11
2405,US-2023-102405,10/05/2023,10/11/2023,Same Day,CU-10267,Customer 10,Home Office,United States,Oregon,Oregon,33182,West,FUR-TAB-7216,Furniture,Tables,Tables model 262,2940.3,7,0.2,404.24
2406,US-2021-102406,09/15/2021,09/19/2021,Standard Class,CU-10330,Customer 341,Consumer,United States,Oregon,Oregon,14498,West,OFF-LAB-1526,Office Supplies,Labels,Labels model 196,834.69,7,0.2,16.55
2407,US-2024-102407,02/17/2024,02/20/2024,Standard Class,CU-10193,Customer 418,Home Office,United States,Oregon,Oregon,83261,West,OFF-ART-3154,Office Supplies,Art,Art model 179,99.49,4,0.2,13.6
2408,US-2021-102408,10/23/2021,10/26/2021,Standard Class,CU-10501,Customer 204,Home Office,United States,Pennsylvania,Pennsylvania,70863,East,TEC-ACC-8217,Technology,Accessories,Accessories model 261,1346.02,4,0.0,477.64
2409,US-2022-102409,11/08/2022,11/12/2022,First Class,CU-10145,Customer 526,Corporate,United States,Massachusetts,Massachusetts,95038,East,FUR-CHA-2601,Furniture,Chairs,Chairs model 193,2204.89,6,0.0,683.32
2410,US-2024-102410,06/18/2024,06/25/2024,Standard Class,CU-10166,Customer 314,Consumer,United States,New Jersey,New Jersey,64632,East,FUR-TAB-1965,Furniture,Tables,Tables model 179,1164.15,2,0.2,509.81
2411,US-2023-102411,07/17/2023,07/22/2023,Standard Class,CU-10136,Customer 219,Corporate,United States,New Jersey,New Jersey,51446,East,OFF-STO-5112,Office Supplies,Storage,Storage model 50,231.29,9,0.1,51.57
2412,US-2022-102412,02/20/2022,02/21/2022,Standard Class,CU-10638,Customer 767,Consumer,United States,Nevada,Nevada,10310,West,OFF-BIN-8458,Office Supplies,Binders,Binders model 297,88.4,1,0.1,-3.23
2413,US-2024-102413,09/22/2024,09/24/2024,Standard Class,CU-10676,Customer 788,Home Office,United States,Washington,Washington,88183,West,OFF-ART-8551,Office Supplies,Art,Art model 221,393.11,4,0.0,12.12
2414,US-2022-102414,06/25/2022,06/26/2022,Standard Class,CU-10341,Customer 640,Home Office,United States,Washington,Washington,95337,West,TEC-ACC-6110,Technology,Accessories,Accessories model 31,3535.24,6,0.2,763.42
2415,US-2022-102415,07/18/2022,07/23/2022,Same Day,CU-10160,Customer 411,Home Office,United States,California,California,74252,West,OFF-BIN-3978,Office Supplies,Binders,Binders model 272,497.73,5,0.15,-26.46
2416,US-2024-102416,09/01/2024,09/05/2024,Standard Class,CU-10305,Customer 677,Corporate,United States,Alabama,Alabama,95483,South,FUR-FUR-1853,Furniture,Furnishings,Furnishings model 230,632.73,5,0.15,142.46
2417,US-2024-102417,01/26/2024,01/27/2024,Second Class,CU-10675,Customer 620,Corporate,United States,Massachusetts,Massachusetts,75498,East,TEC-PHO-8098,Technology,Phones,Phones model 87,5265.45,9,0.2,441.81
2418,US-2023-102418,08/16/2023,08/22/2023,Same Day,CU-10293,Customer 705,Home Office,United States,Ohio,Ohio,39699,Central,TEC-MAC-3120,Technology,Machines,Machines model 162,14590.96,9,0.15,834.05
2419,US-2021-102419,03/25/2021,03/27/2021,First Class,CU-10565,Customer 42,Corporate,United States,North Carolina,North Carolina,46190,South,TEC-PHO-8386,Technology,Phones,Phones model 174,7333.44,8,0.15,583.4
2420,US-2022-102420,07/29/2022,07/31/2022,Standard Class,CU-10453,Customer 573,Consumer,United States,Massachusetts,Massachusetts,63356,East,OFF-STO-1137,Office Supplies,Storage,Storage model 176,419.74,8,0.1,184.13
2421,US-2021-102421,11/08/2021,11/14/2021,Standard Class,CU-10445,Customer 534,Corporate,United States,Pennsylvania,Pennsylvania,47921,East,OFF-LAB-6409,Office Supplies,Labels,Labels model 214,394.61,4,0.4,118.29
2422,US-2023-102422,10/01/2023,10/04/2023,Standard Class,CU-10127,Customer 364,Consumer,United States,New York,New York,27790,East,TEC-MAC-2573,Technology,Machines,Machines model 70,5959.14,6,0.15,-164.54
2423,US-2023-102423,02/19/2023,02/25/2023,Standard Class,CU-10130,Customer 51,Home Office,United States,Illinois,Illinois,60557,Central,OFF-BIN-2327,Office Supplies,Binders,Binders model 35,623.95,5,0.3,167.44
2424,US-2024-102424,01/30/2024,02/02/2024,Standard Class,CU-10530,Customer 141,Home Office,United States,Washington,Washington,21670,West,OFF-LAB-8040,Office Supplies,Labels,Labels model 184,103.49,7,0.0,8.67
2425,US-2022-102425,06/14/2022,06/19/2022,Standard Class,CU-10004,Customer 208,Corporate,United States,New Jersey,New Jersey,38028,East,TEC-PHO-7176,Technology,Phones,Phones model 56,468.22,6,0.1,58.42
2426,US-2021-102426,10/21/2021,10/24/2021,Standard Class,CU-10669,Customer 99,Home Office,United States,Nevada,Nevada,84102,West,OFF-PAP-5658,Office Supplies,Paper,Paper model 21,23.51,1,0.0,10.34
2427,US-2024-102427,04/01/2024,04/07/2024,Standard Class,CU-10142,Customer 263,Consumer,United States,Massachusetts,Massachusetts,60181,East,FUR-CHA-1683,Furniture,Chairs,Chairs model 218,1045.34,3,0.0,423.64
2428,US-2024-102428,05/29/2024,06/01/2024,Standard Class,CU-10040,Customer 93,Home Office,United States,Pennsylvania,Pennsylvania,49455,East,OFF-STO-6321,Office Supplies,Storage,Storage model 208,90.16,3,0.0,3.34
2429,US-2021-102429,03/05/2021,03/06/2021,Standard Class,CU-10689,Customer 44,Home Office,United States,North Carolina,North Carolina,29724,South,OFF-LAB-9941,Office Supplies,Labels,Labels model 287,115.45,8,0.1,38.34
2430,US-2024-102430,07/31/2024,08/05/2024,Second Class,CU-10692,Customer 280,Corporate,United States,North Carolina,North Carolina,77904,South,FUR-FUR-3538,Furniture,Furnishings,Furnishings model 64,134.91,2,0.1,39.58
2431,US-2022-102431,08/25/2022,09/01/2022,First Class,CU-10044,Customer 210,Home Office,United States,Massachusetts,Massachusetts,14022,East,FUR-TAB-1797,Furniture,Tables,Tables model 112,223.37,3,0.0,36.86
2432,US-2022-102432,04/05/2022,04/12/2022,Standard Class,CU-10614,Customer 569,Corporate,United States,California,California,67906,West,OFF-PAP-8774,Office Supplies,Paper,Paper model 12,875.25,8,0.0,83.08
2433,US-2022-102433,09/20/2022,09/27/2022,First Class,CU-10172,Customer 137,Corporate,United States,Michigan,Michigan,74345,Central,OFF-PAP-1122,Office Supplies,Paper,Paper model 216,137.44,4,0.1,32.04
2434,US-2022-102434,03/20/2022,03/22/2022,Standard Class,CU-10760,Customer 584,Corporate,United States,Georgia,Georgia,62044,South,OFF-LAB-2327,Office Supplies,Labels,Labels model 88,192.84,7,0.0,62.67
2435,US-2022-102435,04/15/2022,04/19/2022,Standard Class,CU-10367,Customer 99,Home Office,United States,New York,New York,24236,East,OFF-PAP-1256,Office Supplies,Paper,Paper model 1,118.06,3,0.1,44.21
2436,US-2023-102436,07/19/2023,07/24/2023,Standard Class,CU-10035,Customer 536,Home Office,United States,Oregon,Oregon,80132,West,OFF-PAP-1616,Office Supplies,Paper,Paper model 2,281.99,2,0.1,20.35
2437,US-2024-102437,11/03/2024,11/04/2024,Second Class,CU-10480,Customer 661,Consumer,United States,Florida,Florida,27677,South,TEC-ACC-8163,Technology,Accessories,Accessories model 299,1528.61,2,0.1,316.01
2438,US-2022-102438,02/07/2022,02/13/2022,Standard Class,CU-10319,Customer 710,Corporate,United States,Georgia,Georgia,66734,South,OFF-ART-9328,Office Supplies,Art,Art model 57,522.86,6,0.3,27.2
2439,US-2024-102439,08/05/2024,08/10/2024,Second Class,CU-10708,Customer 425,Consumer,United States,Massachusetts,Massachusetts,63653,East,OFF-PAP-8181,Office Supplies,Paper,Paper model 114,17.54,1,0.2,-0.22
2440,US-2023-102440,04/17/2023,04/18/2023,Second Class,CU-10493,Customer 5,Corporate,United States,Washington,Washington,85619,West,FUR-CHA-1368,Furniture,Chairs,Chairs model 252,2416.81,5,0.0,582.71
2441,US-2021-102441,01/18/2021,01/25/2021,Standard Class,CU-10336,Customer 497,Home Office,United States,Alabama,Alabama,30505,South,OFF-STO-4073,Office Supplies,Storage,Storage model 108,196.93,7,0.0,15.83
2442,US-2023-102442,04/06/2023,04/08/2023,Standard Class,CU-10564,Customer 556,Consumer,United States,Oregon,Oregon,11869,West,FUR-FUR-3608,Furniture,Furnishings,Furnishings model 283,970.83,2,0.3,52.24
2443,US-2023-102443,06/01/2023,06/03/2023,Standard Class,CU-10595,Customer 717,Consumer,United States,Massachusetts,Massachusetts,87247,East,TEC-ACC-7549,Technology,Accessories,Accessories model 121,1258.37,1,0.0,117.09
2444,US-2023-102444,12/30/2023,01/02/2024,Second Class,CU-10427,Customer 449,Consumer,United States,New Jersey,New Jersey,92386,East,OFF-BIN-8158,Office Supplies,Binders,Binders model 165,98.18,7,0.4,13.83
2445,US-2021-102445,09/03/2021,09/06/2021,Second Class,CU-10707,Customer 597,Home Office,United States,North Carolina,North Carolina,37338,South,FUR-TAB-5227,Furniture,Tables,Tables model 50,3418.28,8,0.0,560.0
2446,US-2021-102446,07/17/2021,07/23/2021,Standard Class,CU-10087,Customer 40,Corporate,United States,Illinois,Illinois,40699,Central,TEC-COP-8555,Technology,Copiers,Copiers model 204,7806.27,6,0.0,963.86
2447,US-2021-102447,11/25/2021,11/28/2021,Second Class,CU-10318,Customer 444,Corporate,United States,Nevada,Nevada,56732,West,OFF-BIN-7903,Office Supplies,Binders,Binders model 103,131.99,3,0.2,16.8
2448,US-2022-102448,06/30/2022,07/02/2022,Second Class,CU-10780,Customer 282,Home Office,United States,California,California,29731,West,FUR-BOO-9147,Furniture,Bookcases,Bookcases model 293,4177.57,5,0.15,-338.88
2449,US-2021-102449,12/11/2021,12/17/2021,Standard Class,CU-10728,Customer 335,Consumer,United States,Alabama,Alabama,47469,South,OFF-PAP-1023,Office Supplies,Paper,Paper model 141,72.89,1,0.1,6.27
2450,US-2023-102450,08/27/2023,08/31/2023,Standard Class,CU-10636,Customer 645,Corporate,United States,Ohio,Ohio,41281,Central,OFF-STO-6896,Office Supplies,Storage,Storage model 35,769.51,9,0.0,7.77
2451,US-2022-102451,09/14/2022,09/20/2022,Standard Class,CU-10229,Customer 138,Corporate,United States,Michigan,Michigan,96168,Central,OFF-ART-9886,Office Supplies,Art,Art model 98,791.74,6,0.3,313.57
2452,US-2022-102452,02/06/2022,02/10/2022,Standard Class,CU-10208,Customer 375,Corporate,United States,New Jersey,New Jersey,60407,East,OFF-PAP-6546,Office Supplies,Paper,Paper model 209,177.79,7,0.0,52.53
2453,US-2022-102453,12/10/2022,12/13/2022,Standard Class,CU-10581,Customer 377,Consumer,United States,Alabama,Alabama,67723,South,TEC-COP-3104,Technology,Copiers,Copiers model 286,5910.92,7,0.1,802.37
2454,US-2024-102454,03/26/2024,03/28/2024,Same Day,CU-10789,Customer 393,Consumer,United States,Florida,Florida,73353,South,FUR-CHA-6143,Furniture,Chairs,Chairs model 122,334.49,4,0.0,82.19
2455,US-2022-102455,10/22/2022,10/28/2022,Standard Class,CU-10491,Customer 663,Home Office,United States,New Jersey,New Jersey,24520,East,OFF-LAB-7750,Office Supplies,Labels,Labels model 221,113.2,7,0.2,24.18
2456,US-2024-102456,06/20/2024,06/22/2024,Standard Class,CU-10615,Customer 441,Consumer,United States,North Carolina,North Carolina,36142,South,OFF-LAB-7249,Office Supplies,Labels,Labels model 196,484.75,6,0.0,217.93
2457,US-2024-102457,03/19/2024,03/24/2024,Standard Class,CU-10422,Customer 407,Home Office,United States,Washington,Washington,23576,West,OFF-LAB-3799,Office Supplies,Labels,Labels model 141,376.85,5,0.4,27.73
2458,US-2021-102458,10/08/2021,10/10/2021,Standard Class,CU-10793,Customer 70,Home Office,United States,Illinois,Illinois,35013,Central,OFF-LAB-2707,Office Supplies,Labels,Labels model 51,23.42,1,0.15,1.34
2459,US-2022-102459,07/23/2022,07/30/2022,Standard Class,CU-10795,Customer 769,Home Office,United States,Nevada,Nevada,28753,West,OFF-PAP-4073,Office Supplies,Paper,Paper model 133,1022.32,9,0.2,-32.05
2460,US-2022-102460,07/26/2022,07/30/2022,Second Class,CU-10281,Customer 749,Consumer,United States,Illinois,Illinois,86872,Central,FUR-CHA-2408,Furniture,Chairs,Chairs model 25,1309.57,5,0.1,588.56
2461,US-2021-102461,08/23/2021,08/29/2021,Standard Class,CU-10441,Customer 283,Consumer,United States,Alabama,Alabama,58491,South,TEC-COP-7996,Technology,Copiers,Copiers model 299,1623.1,4,0.1,90.42
2462,US-2022-102462,01/24/2022,01/26/2022,Standard Class,CU-10398,Customer 775,Corporate,United States,Florida,Florida,13001,South,OFF-BIN-2614,Office Supplies,Binders,Binders model 239,342.38,4,0.15,-27.83
2463,US-2022-102463,08/19/2022,08/23/2022,Standard Class,CU-10661,Customer 373,Consumer,United States,North Carolina,North Carolina,87137,South,OFF-PAP-5348,Office Supplies,Paper,Paper model 117,46.11,2,0.0,-8.67
2464,US-2024-102464,03/25/2024,03/31/2024,Second Class,CU-10312,Customer 191,Home Office,United States,Ohio,Ohio,95645,Central,TEC-PHO-7455,Technology,Phones,Phones model 90,2466.27,2,0.0,570.88
2465,US-2024-102465,09/09/2024,09/11/2024,Second Class,CU-10100,Customer 75,Corporate,United States,Illinois,Illinois,62220,Central,OFF-PAP-1281,Office Supplies,Paper,Paper model 61,80.77,3,0.1,19.17
2466,US-2024-102466,11/20/2024,11/22/2024,Same Day,CU-10740,Customer 736,Corporate,United States,Michigan,Michigan,84538,Central,OFF-ART-1394,Office Supplies,Art,Art model 226,370.12,9,0.3,21.38
2467,US-2023-102467,05/03/2023,05/10/2023,Standard Class,CU-10702,Customer 537,Consumer,United States,Florida,Florida,37518,South,TEC-MAC-3807,Technology,Machines,Machines model 28,1766.26,2,0.1,435.91
2468,US-2021-102468,04/10/2021,04/15/2021,Standard Class,CU-10447,Customer 193,Corporate,United States,Florida,Florida,77520,South,OFF-PAP-1510,Office Supplies,Paper,Paper model 79,128.6,2,0.1,-2.53
2469,US-2021-102469,10/23/2021,10/30/2021,Standard Class,CU-10590,Customer 68,Corporate,United States,Ohio,Ohio,21187,Central,OFF-PAP-2962,Office Supplies,Paper,Paper model 291,91.01,1,0.15,35.02
2470,US-2022-102470,04/25/2022,04/28/2022,Standard Class,CU-10444,Customer 299,Consumer,United States,Florida,Florida,59071,South,OFF-LAB-1376,Office Supplies,Labels,Labels model 114,374.31,5,0.1,121.91
2471,US-2024-102471,02/09/2024,02/15/2024,Second Class,CU-10787,Customer 227,Corporate,United States,Georgia,Georgia,41741,South,OFF-PAP-9393,Office Supplies,Paper,Paper model 148,133.72,4,0.0,19.28
2472,US-2021-102472,03/06/2021,03/08/2021,Standard Class,CU-10209,Customer 656,Corporate,United States,Nevada,Nevada,63689,West,OFF-STO-5696,Office Supplies,Storage,Storage model 202,1104.4,8,0.0,411.14
2473,US-2022-102473,07/03/2022,07/10/2022,Standard Class,CU-10151,Customer 488,Corporate,United States,Illinois,Illinois,52940,Central,OFF-STO-4356,Office Supplies,Storage,Storage model 289,385.4,4,0.0,21.19
2474,US-2023-102474,09/20/2023,09/25/2023,Second Class,CU-10360,Customer 674,Consumer,United States,Nevada,Nevada,43660,West,FUR-TAB-1995,Furniture,Tables,Tables model 289,4269.64,6,0.0,1644.32
2475,US-2021-102475,05/09/2021,05/14/2021,Standard Class,CU-10088,Customer 264,Corporate,United States,California,California,64482,West,OFF-BIN-8172,Office Supplies,Binders,Binders model 218,116.29,5,0.1,7.97
2476,US-2022-102476,03/05/2022,03/06/2022,Second Class,CU-10269,Customer 559,Consumer,United States,Ohio,Ohio,79303,Central,FUR-BOO-7813,Furniture,Bookcases,Bookcases model 14,3932.74,9,0.4,-142.24
2477,US-2024-102477,05/26/2024,06/01/2024,Second Class,CU-10178,Customer 316,Consumer,United States,Michigan,Michigan,75879,Central,OFF-PAP-8184,Office Supplies,Paper,Paper model 200,767.23,9,0.3,57.86
2478,US-2024-102478,08/20/2024,08/21/2024,Second Class,CU-10036,Customer 384,Consumer,United States,New York,New York,56378,East,OFF-PAP-1955,Office Supplies,Paper,Paper model 144,378.35,3,0.3,-32.47
2479,US-2024-102479,07/23/2024,07/27/2024,Second Class,CU-10618,Customer 710,Home Office,United States,New Jersey,New Jersey,25453,East,TEC-COP-6050,Technology,Copiers,Copiers model 270,5327.96,9,0.0,2047.52
2480,US-2023-102480,02/10/2023,02/12/2023,Standard Class,CU-10082,Customer 69,Home Office,United States,Texas,Texas,12453,Central,OFF-BIN-8356,Office Supplies,Binders,Binders model 34,622.34,8,0.15,23.63
2481,US-2022-102481,08/27/2022,09/03/2022,Standard Class,CU-10170,Customer 271,Corporate,United States,Massachusetts,Massachusetts,53517,East,OFF-STO-7431,Office Supplies,Storage,Storage model 199,308.81,3,0.3,19.05
2482,US-2021-102482,03/04/2021,03/08/2021,Standard Class,CU-10185,Customer 475,Corporate,United States,Texas,Texas,26814,Central,TEC-PHO-1045,Technology,Phones,Phones model 201,1670.76,5,0.0,215.79
2483,US-2021-102483,06/14/2021,06/19/2021,Standard Class,CU-10344,Customer 782,Home Office,United States,Texas,Texas,55956,Central,OFF-BIN-2101,Office Supplies,Binders,Binders model 39,588.31,5,0.15,-39.5
2484,US-2022-102484,05/08/2022,05/11/2022,First Class,CU-10123,Customer 619,Consumer,United States,New York,New York,86224,East,FUR-FUR-8139,Furniture,Furnishings,Furnishings model 54,2433.59,5,0.3,-178.36
2485,US-2023-102485,03/23/2023,03/25/2023,Standard Class,CU-10309,Customer 572,Corporate,United States,Massachusetts,Massachusetts,84604,East,OFF-BIN-1361,Office Supplies,Binders,Binders model 4,306.1,3,0.4,98.19
2486,US-2021-102486,12/01/2021,12/04/2021,Standard Class,CU-10254,Customer 92,Home Office,United States,Nevada,Nevada,17395,West,OFF-BIN-6066,Office Supplies,Binders,Binders model 84,136.11,7,0.2,7.09
2487,US-2021-102487,02/07/2021,02/14/2021,Standard Class,CU-10214,Customer 40,Consumer,United States,Illinois,Illinois,85757,Central,FUR-CHA-2441,Furniture,Chairs,Chairs model 111,425.1,1,0.0,77.48
2488,US-2023-102488,03/29/2023,03/30/2023,Standard Class,CU-10716,Customer 158,Corporate,United States,Ohio,Ohio,96464,Central,OFF-STO-5350,Office Supplies,Storage,Storage model 242,183.92,4,0.4,-56.65
2489,US-2022-102489,07/26/2022,08/02/2022,Second Class,CU-10055,Customer 296,Consumer,United States,New Jersey,New Jersey,98705,East,OFF-STO-3657,Office Supplies,Storage,Storage model 272,528.12,6,0.15,25.05
2490,US-2022-102490,09/20/2022,09/25/2022,Second Class,CU-10009,Customer 549,Consumer,United States,Pennsylvania,Pennsylvania,14928,East,OFF-PAP-5442,Office Supplies,Paper,Paper model 182,34.79,2,0.0,2.9
2491,US-2022-102491,06/05/2022,06/06/2022,Standard Class,CU-10783,Customer 122,Consumer,United States,Georgia,Georgia,13706,South,TEC-COP-2290,Technology,Copiers,Copiers model 40,6141.54,4,0.2,376.07
2492,US-2023-102492,01/22/2023,01/23/2023,Standard Class,CU-10340,Customer 66,Corporate,United States,Florida,Florida,75774,South,OFF-BIN-6526,Office Supplies,Binders,Binders model 159,54.1,8,0.2,2.48
2493,US-2023-102493,01/17/2023,01/20/2023,Standard Class,CU-10332,Customer 346,Corporate,United States,North Carolina,North Carolina,83729,South,TEC-COP-8615,Technology,Copiers,Copiers model 95,2522.64,2,0.0,-78.88
2494,US-2023-102494,09/20/2023,09/26/2023,First Class,CU-10203,Customer 447,Consumer,United States,Alabama,Alabama,29225,South,TEC-COP-9106,Technology,Copiers,Copiers model 147,4405.27,6,0.0,781.56
2495,US-2022-102495,08/31/2022,09/02/2022,Standard Class,CU-10197,Customer 397,Corporate,United States,Oregon,Oregon,79108,West,TEC-ACC-9575,Technology,Accessories,Accessories model 35,2863.43,2,0.0,312.26
2496,US-2023-102496,05/28/2023,06/04/2023,Standard Class,CU-10697,Customer 598,Consumer,United States,Nevada,Nevada,32305,West,TEC-COP-6536,Technology,Copiers,Copiers model 239,2500.42,2,0.5,-67.15
2497,US-2023-102497,02/19/2023,02/21/2023,First Class,CU-10330,Customer 410,Consumer,United States,Nevada,Nevada,88141,West,TEC-PHO-7940,Technology,Phones,Phones model 116,8356.88,9,0.4,2321.31
2498,US-2021-102498,11/25/2021,11/27/2021,Standard Class,CU-10044,Customer 667,Consumer,United States,Florida,Florida,70848,South,FUR-BOO-7057,Furniture,Bookcases,Bookcases model 268,856.2,3,0.0,-149.27
2499,US-2022-102499,04/18/2022,04/24/2022,Same Day,CU-10037,Customer 576,Corporate,United States,Oregon,Oregon,56465,West,TEC-ACC-9541,Technology,Accessories,Accessories model 276,2146.06,2,0.3,-135.06
2500,US-2024-102500,11/15/2024,11/17/2024,Standard Class,CU-10211,Customer 130,Home Office,United States,New Jersey,New Jersey,14588,East,OFF-BIN-4700,Office Supplies,Binders,Binders model 261,347.58,6,0.1,-76.02
2501,US-2024-102501,01/16/2024,01/21/2024,Same Day,CU-10532,Customer 403,Home Office,United States,California,California,25310,West,FUR-FUR-4636,Furniture,Furnishings,Furnishings model 205,1594.31,9,0.1,232.51
2502,US-2021-102502,02/01/2021,02/06/2021,Standard Class,CU-10581,Customer 97,Home Office,United States,New York,New York,39996,East,FUR-BOO-2739,Furniture,Bookcases,Bookcases model 1,961.96,2,0.0,314.98
2503,US-2024-102503,08/30/2024,09/04/2024,Same Day,CU-10610,Customer 183,Home Office,United States,Florida,Florida,58189,South,OFF-STO-3760,Office Supplies,Storage,Storage model 75,122.84,1,0.1,26.59
2504,US-2024-102504,10/13/2024,10/14/2024,Standard Class,CU-10268,Customer 80,Corporate,United States,North Carolina,North Carolina,33344,South,TEC-MAC-1919,Technology,Machines,Machines model 93,4708.43,8,0.15,1014.96
2505,US-2021-102505,01/18/2021,01/24/2021,Standard Class,CU-10479,Customer 310,Corporate,United States,California,California,87280,West,OFF-PAP-9858,Office Supplies,Paper,Paper model 185,136.0,4,0.0,51.22
2506,US-2023-102506,04/29/2023,05/04/2023,Standard Class,CU-10213,Customer 746,Corporate,United States,Alabama,Alabama,90295,South,TEC-COP-2549,Technology,Copiers,Copiers model 5,5972.49,9,0.3,797.3
2507,US-2021-102507,04/09/2021,04/10/2021,Standard Class,CU-10760,Customer 38,Home Office,United States,Ohio,Ohio,45103,Central,FUR-FUR-8196,Furniture,Furnishings,Furnishings model 192,933.92,9,0.1,109.09
2508,US-2021-102508,07/09/2021,07/13/2021,First Class,CU-10549,Customer 693,Corporate,United States,Pennsylvania,Pennsylvania,82621,East,TEC-PHO-6317,Technology,Phones,Phones model 216,2410.72,6,0.4,-118.69
2509,US-2023-102509,03/07/2023,03/12/2023,Standard Class,CU-10264,Customer 725,Home Office,United States,Illinois,Illinois,20127,Central,OFF-BIN-6735,Office Supplies,Binders,Binders model 63,240.23,3,0.0,43.71
2510,US-2021-102510,06/14/2021,06/20/2021,Standard Class,CU-10151,Customer 603,Home Office,United States,North Carolina,North Carolina,85276,South,OFF-LAB-7154,Office Supplies,Labels,Labels model 46,23.47,1,0.2,-1.0
2511,US-2024-102511,10/04/2024,10/10/2024,Second Class,CU-10567,Customer 766,Home Office,United States,Oregon,Oregon,60001,West,OFF-ART-6464,Office Supplies,Art,Art model 213,93.74,2,0.1,48.54
2512,US-2024-102512,02/17/2024,02/19/2024,First Class,CU-10114,Customer 411,Corporate,United States,New York,New York,89032,East,TEC-MAC-5599,Technology,Machines,Machines model 151,2445.19,3,0.2,-228.65
2513,US-2021-102513,05/22/2021,05/27/2021,First Class,CU-10458,Customer 5,Home Office,United States,Massachusetts,Massachusetts,85139,East,OFF-PAP-1298,Office Supplies,Paper,Paper model 154,411.7,7,0.0,30.6
2514,US-2022-102514,10/21/2022,10/26/2022,Standard Class,CU-10622,Customer 118,Home Office,United States,Pennsylvania,Pennsylvania,93097,East,OFF-BIN-1828,Office Supplies,Binders,Binders model 189,414.93,3,0.0,54.45
2515,US-2021-102515,02/07/2021,02/13/2021,First Class,CU-10669,Customer 197,Home Office,United States,Washington,Washington,65805,West,OFF-STO-3522,Office Supplies,Storage,Storage model 129,1118.39,9,0.1,-174.07
2516,US-2024-102516,09/21/2024,09/24/2024,Same Day,CU-10304,Customer 264,Home Office,United States,Oregon,Oregon,30157,West,FUR-FUR-3443,Furniture,Furnishings,Furnishings model 123,687.71,6,0.0,201.99
2517,US-2022-102517,12/27/2022,01/01/2023,Standard Class,CU-10622,Customer 49,Home Office,United States,New York,New York,79836,East,OFF-ART-7543,Office Supplies,Art,Art model 267,210.72,3,0.4,1.8
2518,US-2023-102518,10/14/2023,10/18/2023,Second Class,CU-10638,Customer 606,Consumer,United States,Michigan,Michigan,10773,Central,OFF-ART-4033,Office Supplies,Art,Art model 229,105.28,5,0.1,18.21
2519,US-2022-102519,08/27/2022,09/02/2022,Second Class,CU-10349,Customer 463,Corporate,United States,New Jersey,New Jersey,27718,East,OFF-ART-9467,Office Supplies,Art,Art model 222,389.18,4,0.0,46.77
2520,US-2023-102520,01/31/2023,02/01/2023,Standard Class,CU-10319,Customer 208,Home Office,United States,Washington,Washington,35393,West,FUR-CHA-3204,Furniture,Chairs,Chairs model 160,3652.73,7,0.0,1264.32
2521,US-2021-102521,04/18/2021,04/23/2021,Second Class,CU-10544,Customer 59,Home Office,United States,Illinois,Illinois,49811,Central,OFF-PAP-4199,Office Supplies,Paper,Paper model 279,403.18,9,0.4,-28.45
2522,US-2023-102522,07/26/2023,08/01/2023,Standard Class,CU-10577,Customer 400,Corporate,United States,Georgia,Georgia,19928,South,OFF-STO-8344,Office Supplies,Storage,Storage model 39,890.21,8,0.0,40.88
2523,US-2024-102523,07/30/2024,08/04/2024,First Class,CU-10085,Customer 560,Corporate,United States,Illinois,Illinois,87496,Central,OFF-STO-6476,Office Supplies,Storage,Storage model 136,122.81,1,0.3,3.0
2524,US-2022-102524,10/12/2022,10/18/2022,Same Day,CU-10386,Customer 564,Consumer,United States,New Jersey,New Jersey,20534,East,OFF-PAP-7628,Office Supplies,Paper,Paper model 48,430.14,7,0.2,-34.79
2525,US-2023-102525,10/30/2023,11/05/2023,Standard Class,CU-10703,Customer 264,Corporate,United States,Illinois,Illinois,45674,Central,OFF-LAB-7592,Office Supplies,Labels,Labels model 142,446.92,9,0.1,12.57
2526,US-2022-102526,10/25/2022,11/01/2022,Second Class,CU-10064,Customer 442,Consumer,United States,California,California,23243,West,FUR-FUR-3586,Furniture,Furnishings,Furnishings model 73,5462.82,7,0.0,228.7
2527,US-2024-102527,06/06/2024,06/07/2024,Standard Class,CU-10446,Customer 314,Consumer,United States,Michigan,Michigan,85308,Central,OFF-ART-2729,Office Supplies,Art,Art model 297,557.84,7,0.5,97.03
2528,US-2024-102528,03/27/2024,03/29/2024,First Class,CU-10611,Customer 238,Corporate,United States,Alabama,Alabama,72946,South,TEC-ACC-6997,Technology,Accessories,Accessories model 77,5906.29,4,0.2,1593.27
2529,US-2021-102529,01/13/2021,01/18/2021,Standard Class,CU-10674,Customer 155,Home Office,United States,Florida,Florida,67627,South,OFF-STO-8663,Office Supplies,Storage,Storage model 229,817.85,7,0.5,-71.37
2530,US-2022-102530,04/04/2022,04/07/2022,Standard Class,CU-10574,Customer 721,Consumer,United States,Nevada,Nevada,47991,West,OFF-LAB-1055,Office Supplies,Labels,Labels model 195,131.14,1,0.3,14.58
2531,US-2023-102531,05/04/2023,05/09/2023,First Class,CU-10235,Customer 697,Consumer,United States,Nevada,Nevada,24598,West,FUR-TAB-4648,Furniture,Tables,Tables model 24,3559.71,9,0.0,462.07
2532,US-2022-102532,02/24/2022,03/02/2022,Second Class,CU-10676,Customer 119,Home Office,United States,Illinois,Illinois,14897,Central,FUR-TAB-3904,Furniture,Tables,Tables model 1,988.41,2,0.0,-77.42
2533,US-2023-102533,05/21/2023,05/24/2023,Standard Class,CU-10623,Customer 279,Corporate,United States,California,California,18751,West,OFF-BIN-3494,Office Supplies,Binders,Binders model 56,373.65,7,0.15,71.77
2534,US-2023-102534,08/23/2023,08/27/2023,Second Class,CU-10360,Customer 60,Home Office,United States,Massachusetts,Massachusetts,48234,East,OFF-LAB-3518,Office Supplies,Labels,Labels model 294,18.85,1,0.0,-3.28
2535,US-2023-102535,12/21/2023,12/23/2023,First Class,CU-10422,Customer 599,Corporate,United States,California,California,92368,West,FUR-FUR-5362,Furniture,Furnishings,Furnishings model 203,1534.03,2,0.1,24.4
2536,US-2024-102536,06/01/2024,06/02/2024,First Class,CU-10315,Customer 387,Consumer,United States,Pennsylvania,Pennsylvania,99047,East,OFF-ART-5021,Office Supplies,Art,Art model 13,601.28,5,0.2,52.64
2537,US-2024-102537,11/08/2024,11/09/2024,Standard Class,CU-10485,Customer 202,Consumer,United States,Washington,Washington,15472,West,TEC-COP-2987,Technology,Copiers,Copiers model 233,1971.4,3,0.1,321.99
2538,US-2024-102538,02/22/2024,02/28/2024,Second Class,CU-10284,Customer 64,Corporate,United States,Texas,Texas,21805,Central,FUR-FUR-1635,Furniture,Furnishings,Furnishings model 281,1214.96,2,0.0,205.23
2539,US-2023-102539,03/07/2023,03/08/2023,Standard Class,CU-10667,Customer 689,Consumer,United States,Michigan,Michigan,74474,Central,TEC-PHO-7883,Technology,Phones,Phones model 49,1517.45,1,0.0,42.78
2540,US-2024-102540,09/13/2024,09/20/2024,Second Class,CU-10776,Customer 112,Consumer,United States,Florida,Florida,22743,South,OFF-BIN-4845,Office Supplies,Binders,Binders model 249,120.83,1,0.1,4.08
2541,US-2023-102541,01/27/2023,01/28/2023,First Class,CU-10779,Customer 336,Home Office,United States,Washington,Washington,11036,West,TEC-MAC-2319,Technology,Machines,Machines model 87,2609.72,2,0.0,851.3
2542,US-2021-102542,03/24/2021,03/25/2021,Standard Class,CU-10174,Customer 780,Home Office,United States,Washington,Washington,37171,West,OFF-ART-9873,Office Supplies,Art,Art model 160,196.88,6,0.0,33.33
2543,US-2021-102543,06/22/2021,06/27/2021,Second Class,CU-10351,Customer 97,Consumer,United States,Florida,Florida,39061,South,TEC-COP-1665,Technology,Copiers,Copiers model 151,1877.29,4,0.15,144.96
2544,US-2023-102544,01/05/2023,01/09/2023,Standard Class,CU-10799,Customer 547,Consumer,United States,New York,New York,87008,East,OFF-PAP-7241,Office Supplies,Paper,Paper model 199,68.94,4,0.0,12.85
2545,US-2021-102545,02/02/2021,02/06/2021,Standard Class,CU-10317,Customer 533,Home Office,United States,California,California,47466,West,OFF-STO-2938,Office Supplies,Storage,Storage model 75,520.13,5,0.15,132.14
2546,US-2021-102546,05/19/2021,05/25/2021,Standard Class,CU-10173,Customer 622,Home Office,United States,Florida,Florida,20082,South,OFF-PAP-9800,Office Supplies,Paper,Paper model 170,115.22,7,0.0,13.54
2547,US-2024-102547,08/29/2024,09/01/2024,Standard Class,CU-10147,Customer 715,Home Office,United States,Washington,Washington,30678,West,OFF-STO-7892,Office Supplies,Storage,Storage model 266,380.51,5,0.3,-58.01
2548,US-2022-102548,04/14/2022,04/18/2022,Standard Class,CU-10003,Customer 686,Home Office,United States,Illinois,Illinois,15989,Central,OFF-STO-4722,Office Supplies,Storage,Storage model 25,39.13,2,0.0,21.97
2549,US-2022-102549,05/24/2022,05/29/2022,First Class,CU-10149,Customer 102,Home Office,United States,Ohio,Ohio,63497,Central,OFF-BIN-5948,Office Supplies,Binders,Binders model 79,74.13,5,0.15,15.92
2550,US-2022-102550,02/11/2022,02/17/2022,Standard Class,CU-10087,Customer 488,Consumer,United States,Washington,Washington,64710,West,OFF-STO-7612,Office Supplies,Storage,Storage model 234,451.11,9,0.5,101.37
2551,US-2023-102551,05/08/2023,05/10/2023,First Class,CU-10478,Customer 405,Corporate,United States,Pennsylvania,Pennsylvania,70788,East,OFF-STO-1175,Office Supplies,Storage,Storage model 111,642.44,6,0.4,14.4
2552,US-2022-102552,03/01/2022,03/02/2022,Standard Class,CU-10141,Customer 191,Consumer,United States,Nevada,Nevada,63577,West,TEC-COP-5380,Technology,Copiers,Copiers model 290,3898.74,7,0.0,-31.62
2553,US-2024-102553,03/13/2024,03/16/2024,Same Day,CU-10329,Customer 58,Corporate,United States,Illinois,Illinois,59558,Central,OFF-ART-6751,Office Supplies,Art,Art model 118,101.58,1,0.4,-50.06
2554,US-2022-102554,11/15/2022,11/22/2022,Standard Class,CU-10605,Customer 28,Consumer,United States,Texas,Texas,14541,Central,OFF-PAP-8338,Office Supplies,Paper,Paper model 40,239.08,5,0.3,18.21
2555,US-2022-102555,05/13/2022,05/19/2022,Second Class,CU-10321,Customer 103,Corporate,United States,Oregon,Oregon,52271,West,OFF-BIN-4930,Office Supplies,Binders,Binders model 272,573.09,5,0.0,176.33
2556,US-2023-102556,08/10/2023,08/13/2023,Second Class,CU-10395,Customer 750,Consumer,United States,Alabama,Alabama,27736,South,FUR-TAB-7684,Furniture,Tables,Tables model 160,1838.89,7,0.0,248.81
2557,US-2023-102557,05/28/2023,06/02/2023,Standard Class,CU-10549,Customer 387,Home Office,United States,New Jersey,New Jersey,77338,East,OFF-STO-3678,Office Supplies,Storage,Storage model 299,77.9,2,0.0,24.4
2558,US-2024-102558,12/02/2024,12/07/2024,First Class,CU-10790,Customer 101,Home Office,United States,Washington,Washington,24616,West,FUR-TAB-8090,Furniture,Tables,Tables model 293,6384.05,8,0.3,910.96
2559,US-2024-102559,07/14/2024,07/21/2024,Same Day,CU-10056,Customer 378,Corporate,United States,Nevada,Nevada,82714,West,OFF-STO-3884,Office Supplies,Storage,Storage model 251,529.25,7,0.0,96.54
2560,US-2021-102560,08/21/2021,08/26/2021,First Class,CU-10690,Customer 25,Consumer,United States,Michigan,Michigan,13606,Central,OFF-ART-5790,Office Supplies,Art,Art model 13,831.56,6,0.1,-50.77
2561,US-2021-102561,08/22/2021,08/26/2021,Second Class,CU-10431,Customer 271,Corporate,United States,Michigan,Michigan,67073,Central,OFF-ART-8407,Office Supplies,Art,Art model 286,56.49,4,0.2,14.41
2562,US-2023-102562,09/10/2023,09/11/2023,Standard Class,CU-10221,Customer 398,Consumer,United States,Nevada,Nevada,93956,West,OFF-LAB-4366,Office Supplies,Labels,Labels model 117,42.69,4,0.0,8.73
2563,US-2023-102563,01/28/2023,02/04/2023,Standard Class,CU-10345,Customer 85,Home Office,United States,California,California,14178,West,OFF-STO-6566,Office Supplies,Storage,Storage model 226,420.06,4,0.15,67.03
2564,US-2022-102564,06/12/2022,06/17/2022,Standard Class,CU-10252,Customer 754,Corporate,United States,New York,New York,47195,East,OFF-BIN-6665,Office Supplies,Binders,Binders model 15,194.3,2,0.0,14.5
2565,US-2022-102565,05/01/2022,05/02/2022,Second Class,CU-10014,Customer 536,Consumer,United States,New York,New York,89774,East,TEC-COP-5727,Technology,Copiers,Copiers model 14,1388.84,3,0.2,149.17
2566,US-2023-102566,02/17/2023,02/19/2023,Standard Class,CU-10450,Customer 636,Home Office,United States,Alabama,Alabama,55011,South,OFF-LAB-4230,Office Supplies,Labels,Labels model 264,1187.07,9,0.2,351.82
2567,US-2024-102567,12/26/2024,12/29/2024,Standard Class,CU-10687,Customer 15,Corporate,United States,Washington,Washington,69170,West,TEC-MAC-5726,Technology,Machines,Machines model 108,4553.28,4,0.0,1569.07
2568,US-2022-102568,01/06/2022,01/07/2022,Second Class,CU-10515,Customer 301,Home Office,United States,Georgia,Georgia,27974,South,TEC-ACC-4988,Technology,Accessories,Accessories model 168,13281.38,8,0.15,168.86
2569,US-2021-102569,09/11/2021,09/17/2021,Standard Class,CU-10032,Customer 401,Home Office,United States,Oregon,Oregon,12313,West,OFF-BIN-6587,Office Supplies,Binders,Binders model 277,25.35,1,0.1,2.05
2570,US-2021-102570,11/25/2021,11/27/2021,Standard Class,CU-10022,Customer 624,Home Office,United States,Alabama,Alabama,64929,South,FUR-BOO-4545,Furniture,Bookcases,Bookcases model 133,4297.01,7,0.3,661.72
2571,US-2021-102571,08/25/2021,08/27/2021,First Class,CU-10133,Customer 549,Corporate,United States,Michigan,Michigan,27419,Central,OFF-BIN-6823,Office Supplies,Binders,Binders model 96,750.33,8,0.5,-149.01
2572,US-2021-102572,10/01/2021,10/06/2021,Standard Class,CU-10160,Customer 249,Corporate,United States,New York,New York,75641,East,FUR-BOO-3201,Furniture,Bookcases,Bookcases model 211,474.77,4,0.1,54.03
2573,US-2021-102573,09/28/2021,10/02/2021,Second Class,CU-10582,Customer 71,Home Office,United States,Pennsylvania,Pennsylvania,77531,East,OFF-STO-6749,Office Supplies,Storage,Storage model 50,158.22,3,0.1,-8.99
2574,US-2022-102574,03/07/2022,03/11/2022,Standard Class,CU-10533,Customer 427,Home Office,United States,Pennsylvania,Pennsylvania,80149,East,OFF-PAP-6445,Office Supplies,Paper,Paper model 30,178.16,2,0.0,73.57
2575,US-2024-102575,07/29/2024,08/05/2024,Standard Class,CU-10702,Customer 651,Corporate,United States,Pennsylvania,Pennsylvania,49158,East,OFF-PAP-4936,Office Supplies,Paper,Paper model 282,78.33,1,0.2,30.14
2576,US-2021-102576,06/29/2021,07/01/2021,First Class,CU-10593,Customer 217,Home Office,United States,New York,New York,69803,East,OFF-LAB-6143,Office Supplies,Labels,Labels model 180,1177.41,9,0.1,-215.9
2577,US-2021-102577,12/13/2021,12/17/2021,Second Class,CU-10641,Customer 750,Home Office,United States,Massachusetts,Massachusetts,55790,East,TEC-PHO-4469,Technology,Phones,Phones model 252,10557.33,8,0.2,1145.06
2578,US-2024-102578,01/08/2024,01/10/2024,Same Day,CU-10592,Customer 137,Home Office,United States,Alabama,Alabama,17253,South,FUR-BOO-5179,Furniture,Bookcases,Bookcases model 126,755.07,1,0.15,98.33
2579,US-2024-102579,11/26/2024,11/28/2024,Second Class,CU-10370,Customer 155,Consumer,United States,Georgia,Georgia,53714,South,OFF-BIN-4476,Office Supplies,Binders,Binders model 13,56.01,1,0.3,6.0
2580,US-2021-102580,08/16/2021,08/20/2021,First Class,CU-10623,Customer 11,Corporate,United States,Michigan,Michigan,57966,Central,OFF-BIN-3395,Office Supplies,Binders,Binders model 86,168.29,5,0.1,19.11
2581,US-2021-102581,02/02/2021,02/06/2021,Second Class,CU-10749,Customer 661,Corporate,United States,Alabama,Alabama,77047,South,TEC-ACC-6404,Technology,Accessories,Accessories model 48,645.62,1,0.15,176.33
2582,US-2022-102582,04/03/2022,04/04/2022,First Class,CU-10582,Customer 375,Corporate,United States,Texas,Texas,49105,Central,OFF-STO-2828,Office Supplies,Storage,Storage model 26,106.38,6,0.1,13.33
2583,US-2024-102583,07/09/2024,07/12/2024,Standard Class,CU-10727,Customer 150,Home Office,United States,Alabama,Alabama,58724,South,OFF-BIN-5790,Office Supplies,Binders,Binders model 239,10.04,2,0.0,1.31
2584,US-2024-102584,03/25/2024,03/29/2024,Standard Class,CU-10415,Customer 546,Consumer,United States,Florida,Florida,48462,South,TEC-MAC-8204,Technology,Machines,Machines model 48,7580.99,9,0.4,295.76
2585,US-2023-102585,06/28/2023,07/01/2023,Standard Class,CU-10667,Customer 127,Consumer,United States,New York,New York,72442,East,OFF-BIN-8535,Office Supplies,Binders,Binders model 207,286.19,3,0.0,68.93
2586,US-2024-102586,04/19/2024,04/20/2024,Standard Class,CU-10745,Customer 391,Consumer,United States,New Jersey,New Jersey,87505,East,TEC-ACC-6511,Technology,Accessories,Accessories model 15,1667.96,1,0.0,650.21
2587,US-2021-102587,09/11/2021,09/16/2021,Second Class,CU-10599,Customer 722,Corporate,United States,North Carolina,North Carolina,69980,South,FUR-BOO-2152,Furniture,Bookcases,Bookcases model 60,1966.73,3,0.1,-204.44
2588,US-2022-102588,10/01/2022,10/03/2022,Standard Class,CU-10498,Customer 478,Home Office,United States,Illinois,Illinois,45214,Central,TEC-PHO-7215,Technology,Phones,Phones model 118,1501.51,2,0.3,183.26
2589,US-2022-102589,04/08/2022,04/14/2022,First Class,CU-10289,Customer 108,Consumer,United States,New York,New York,41324,East,FUR-CHA-9536,Furniture,Chairs,Chairs model 152,1447.8,8,0.4,0.99
2590,US-2021-102590,08/30/2021,09/03/2021,Second Class,CU-10197,Customer 528,Consumer,United States,Pennsylvania,Pennsylvania,41497,East,FUR-FUR-8156,Furniture,Furnishings,Furnishings model 121,680.08,1,0.4,47.79
2591,US-2021-102591,11/28/2021,12/04/2021,Standard Class,CU-10622,Customer 583,Corporate,United States,Washington,Washington,76980,West,OFF-ART-1906,Office Supplies,Art,Art model 280,22.75,4,0.0,-0.88
2592,US-2022-102592,10/18/2022,10/23/2022,Second Class,CU-10089,Customer 396,Home Office,United States,Pennsylvania,Pennsylvania,32302,East,TEC-ACC-5298,Technology,Accessories,Accessories model 273,6590.78,5,0.2,724.01
2593,US-2021-102593,06/11/2021,06/16/2021,Standard Class,CU-10644,Customer 430,Home Office,United States,New York,New York,98876,East,OFF-LAB-7670,Office Supplies,Labels,Labels model 294,141.83,5,0.0,59.28
2594,US-2023-102594,11/24/2023,11/26/2023,Second Class,CU-10565,Customer 290,Home Office,United States,North Carolina,North Carolina,38056,South,OFF-ART-2840,Office Supplies,Art,Art model 129,327.57,3,0.1,50.83
2595,US-2022-102595,07/26/2022,08/01/2022,Standard Class,CU-10228,Customer 31,Home Office,United States,Michigan,Michigan,98019,Central,OFF-BIN-1760,Office Supplies,Binders,Binders model 11,146.69,1,0.0,13.4
2596,US-2023-102596,08/12/2023,08/16/2023,Standard Class,CU-10329,Customer 257,Corporate,United States,Nevada,Nevada,39856,West,OFF-STO-1442,Office Supplies,Storage,Storage model 212,210.93,6,0.15,-17.69
2597,US-2024-102597,03/16/2024,03/21/2024,First Class,CU-10720,Customer 328,Home Office,United States,Ohio,Ohio,57740,Central,TEC-PHO-6836,Technology,Phones,Phones model 172,2732.21,2,0.15,161.25
2598,US-2024-102598,06/16/2024,06/21/2024,Standard Class,CU-10049,Customer 465,Consumer,United States,Pennsylvania,Pennsylvania,13740,East,OFF-ART-4326,Office Supplies,Art,Art model 49,214.65,4,0.0,74.79
2599,US-2022-102599,08/22/2022,08/26/2022,Standard Class,CU-10053,Customer 309,Home Office,United States,Texas,Texas,29760,Central,TEC-PHO-9534,Technology,Phones,Phones model 298,9198.81,9,0.0,851.59
2600,US-2023-102600,02/10/2023,02/16/2023,Standard Class,CU-10093,Customer 131,Home Office,United States,Washington,Washington,12935,West,FUR-BOO-8503,Furniture,Bookcases,Bookcases model 291,2382.49,7,0.1,-101.28
2601,US-2021-102601,06/12/2021,06/18/2021,Standard Class,CU-10585,Customer 567,Consumer,United States,Michigan,Michigan,77590,Central,FUR-BOO-4336,Furniture,Bookcases,Bookcases model 106,2521.65,7,0.0,874.12
2602,US-2021-102602,12/24/2021,12/28/2021,Standard Class,CU-10539,Customer 767,Consumer,United States,Texas,Texas,68811,Central,OFF-BIN-9016,Office Supplies,Binders,Binders model 7,474.92,7,0.4,91.85
2603,US-2024-102603,03/01/2024,03/08/2024,Standard Class,CU-10546,Customer 470,Home Office,United States,New York,New York,13004,East,OFF-PAP-4243,Office Supplies,Paper,Paper model 169,57.94,6,0.0,1.88
2604,US-2021-102604,02/22/2021,02/28/2021,First Class,CU-10234,Customer 494,Corporate,United States,Florida,Florida,47697,South,OFF-BIN-4457,Office Supplies,Binders,Binders model 210,785.5,9,0.1,125.4
2605,US-2023-102605,03/30/2023,04/03/2023,Standard Class,CU-10048,Customer 743,Home Office,United States,North Carolina,North Carolina,58313,South,TEC-ACC-4068,Technology,Accessories,Accessories model 115,6478.28,6,0.1,550.46
2606,US-2024-102606,01/05/2024,01/10/2024,Same Day,CU-10037,Customer 417,Home Office,United States,California,California,39341,West,OFF-ART-6787,Office Supplies,Art,Art model 127,14.99,1,0.15,0.03
2607,US-2023-102607,11/18/2023,11/25/2023,First Class,CU-10556,Customer 772,Consumer,United States,Michigan,Michigan,79859,Central,OFF-STO-3500,Office Supplies,Storage,Storage model 35,141.42,4,0.0,23.4
2608,US-2021-102608,06/07/2021,06/12/2021,First Class,CU-10439,Customer 82,Home Office,United States,North Carolina,North Carolina,13091,South,TEC-MAC-8801,Technology,Machines,Machines model 97,3712.71,5,0.2,445.82
2609,US-2022-102609,03/24/2022,03/27/2022,Second Class,CU-10057,Customer 293,Home Office,United States,Michigan,Michigan,79905,Central,OFF-ART-9046,Office Supplies,Art,Art model 3,639.39,5,0.2,59.29
2610,US-2023-102610,12/02/2023,12/07/2023,Standard Class,CU-10247,Customer 487,Corporate,United States,Pennsylvania,Pennsylvania,64339,East,TEC-COP-5949,Technology,Copiers,Copiers model 213,4063.38,9,0.1,1086.53
2611,US-2024-102611,11/27/2024,12/04/2024,Standard Class,CU-10707,Customer 745,Consumer,United States,Texas,Texas,69645,Central,OFF-PAP-9437,Office Supplies,Paper,Paper model 10,525.66,6,0.0,68.1
2612,US-2024-102612,09/01/2024,09/02/2024,Standard Class,CU-10349,Customer 440,Consumer,United States,Illinois,Illinois,66466,Central,OFF-PAP-6099,Office Supplies,Paper,Paper model 121,53.19,6,0.0,-2.54
2613,US-2022-102613,01/15/2022,01/20/2022,Standard Class,CU-10074,Customer 314,Consumer,United States,Pennsylvania,Pennsylvania,16384,East,OFF-LAB-8479,Office Supplies,Labels,Labels model 116,39.68,1,0.4,1.35
2614,US-2021-102614,02/27/2021,03/03/2021,Standard Class,CU-10167,Customer 683,Consumer,United States,Texas,Texas,74460,Central,TEC-MAC-5958,Technology,Machines,Machines model 60,411.94,4,0.3,109.26
2615,US-2022-102615,02/26/2022,02/27/2022,Standard Class,CU-10743,Customer 243,Corporate,United States,Florida,Florida,56635,South,FUR-TAB-8014,Furniture,Tables,Tables model 200,2160.47,3,0.0,603.55
2616,US-2021-102616,11/26/2021,12/03/2021,First Class,CU-10073,Customer 70,Home Office,United States,Florida,Florida,57553,South,FUR-FUR-8797,Furniture,Furnishings,Furnishings model 153,187.38,1,0.15,22.45
2617,US-2023-102617,05/15/2023,05/18/2023,Standard Class,CU-10285,Customer 369,Home Office,United States,Washington,Washington,25653,West,TEC-ACC-8891,Technology,Accessories,Accessories model 21,6328.45,6,0.0,1713.44
2618,US-2024-102618,11/28/2024,12/02/2024,Standard Class,CU-10188,Customer 210,Corporate,United States,Illinois,Illinois,32500,Central,TEC-COP-2708,Technology,Copiers,Copiers model 278,4859.42,4,0.1,378.22
2619,US-2021-102619,05/04/2021,05/05/2021,Standard Class,CU-10739,Customer 310,Home Office,United States,Texas,Texas,23276,Central,OFF-PAP-7964,Office Supplies,Paper,Paper model 55,303.84,4,0.0,-14.42
2620,US-2024-102620,01/03/2024,01/10/2024,Standard Class,CU-10183,Customer 544,Consumer,United States,New Jersey,New Jersey,39068,East,OFF-BIN-9967,Office Supplies,Binders,Binders model 42,58.07,9,0.1,-5.46
2621,US-2021-102621,03/04/2021,03/08/2021,Standard Class,CU-10301,Customer 456,Corporate,United States,North Carolina,North Carolina,60256,South,OFF-PAP-2171,Office Supplies,Paper,Paper model 211,41.01,7,0.1,5.07
2622,US-2023-102622,12/22/2023,12/24/2023,First Class,CU-10151,Customer 569,Consumer,United States,Florida,Florida,22018,South,FUR-CHA-6126,Furniture,Chairs,Chairs model 216,1084.27,2,0.1,-59.08
2623,US-2021-102623,08/28/2021,08/30/2021,Standard Class,CU-10731,Customer 134,Home Office,United States,Georgia,Georgia,86559,South,TEC-MAC-4644,Technology,Machines,Machines model 116,8311.49,8,0.15,1773.95
2624,US-2023-102624,02/17/2023,02/23/2023,Standard Class,CU-10221,Customer 309,Home Office,United States,Georgia,Georgia,87370,South,OFF-LAB-6884,Office Supplies,Labels,Labels model 144,427.92,5,0.2,41.58
2625,US-2021-102625,08/01/2021,08/08/2021,Standard Class,CU-10413,Customer 585,Consumer,United States,Michigan,Michigan,28544,Central,TEC-PHO-8577,Technology,Phones,Phones model 204,1566.57,1,0.1,223.93
2626,US-2022-102626,05/24/2022,05/28/2022,Standard Class,CU-10688,Customer 521,Consumer,United States,Oregon,Oregon,25113,West,TEC-ACC-5842,Technology,Accessories,Accessories model 218,1730.95,4,0.0,490.81
2627,US-2022-102627,02/03/2022,02/06/2022,Second Class,CU-10309,Customer 79,Home Office,United States,Washington,Washington,52613,West,FUR-FUR-2194,Furniture,Furnishings,Furnishings model 112,916.67,2,0.0,201.67
2628,US-2024-102628,05/24/2024,05/31/2024,Standard Class,CU-10173,Customer 107,Corporate,United States,California,California,75718,West,OFF-LAB-3449,Office Supplies,Labels,Labels model 7,461.15,7,0.0,11.06
2629,US-2022-102629,05/17/2022,05/22/2022,Second Class,CU-10614,Customer 734,Consumer,United States,Michigan,Michigan,23346,Central,OFF-ART-3154,Office Supplies,Art,Art model 279,240.98,7,0.2,16.93
2630,US-2023-102630,01/03/2023,01/09/2023,Standard Class,CU-10077,Customer 691,Corporate,United States,Michigan,Michigan,20747,Central,TEC-MAC-5982,Technology,Machines,Machines model 78,5325.83,8,0.0,52.33
2631,US-2024-102631,05/01/2024,05/02/2024,Standard Class,CU-10669,Customer 197,Corporate,United States,Florida,Florida,72852,South,FUR-TAB-5522,Furniture,Tables,Tables model 165,1573.98,3,0.15,61.4
2632,US-2021-102632,11/20/2021,11/23/2021,Standard Class,CU-10620,Customer 10,Home Office,United States,Oregon,Oregon,46926,West,TEC-PHO-6912,Technology,Phones,Phones model 196,3585.9,6,0.1,368.29
2633,US-2022-102633,06/14/2022,06/19/2022,Standard Class,CU-10471,Customer 724,Home Office,United States,Massachusetts,Massachusetts,11244,East,FUR-CHA-3848,Furniture,Chairs,Chairs model 188,6262.89,8,0.15,-1126.13
2634,US-2023-102634,06/24/2023,06/27/2023,Standard Class,CU-10757,Customer 749,Consumer,United States,California,California,76858,West,FUR-FUR-3647,Furniture,Furnishings,Furnishings model 221,401.0,4,0.5,-162.56
2635,US-2023-102635,04/11/2023,04/13/2023,Same Day,CU-10416,Customer 214,Consumer,United States,California,California,20178,West,TEC-PHO-9681,Technology,Phones,Phones model 125,2508.2,6,0.0,286.83
2636,US-2022-102636,09/03/2022,09/06/2022,Second Class,CU-10500,Customer 418,Consumer,United States,Pennsylvania,Pennsylvania,92725,East,TEC-MAC-9068,Technology,Machines,Machines model 289,8937.06,6,0.0,1606.59
2637,US-2023-102637,01/22/2023,01/29/2023,Standard Class,CU-10732,Customer 534,Home Office,United States,New Jersey,New Jersey,74439,East,OFF-STO-4598,Office Supplies,Storage,Storage model 24,768.39,9,0.0,148.75
2638,US-2023-102638,06/30/2023,07/01/2023,Standard Class,CU-10266,Customer 706,Corporate,United States,Oregon,Oregon,23510,West,TEC-ACC-4517,Technology,Accessories,Accessories model 285,5794.29,7,0.1,-157.65
2639,US-2022-102639,12/20/2022,12/22/2022,Second Class,CU-10661,Customer 684,Home Office,United States,Alabama,Alabama,81054,South,TEC-PHO-9410,Technology,Phones,Phones model 162,7878.54,5,0.2,695.24
2640,US-2024-102640,01/19/2024,01/23/2024,First Class,CU-10415,Customer 761,Consumer,United States,Pennsylvania,Pennsylvania,23322,East,TEC-PHO-6952,Technology,Phones,Phones model 68,1099.14,5,0.0,358.29
2641,US-2022-102641,04/09/2022,04/11/2022,First Class,CU-10573,Customer 523,Home Office,United States,Michigan,Michigan,96736,Central,FUR-FUR-3699,Furniture,Furnishings,Furnishings model 219,894.17,2,0.3,-80.1
2642,US-2024-102642,03/14/2024,03/15/2024,Second Class,CU-10216,Customer 665,Home Office,United States,Florida,Florida,86973,South,OFF-ART-3694,Office Supplies,Art,Art model 69,523.02,4,0.2,34.72
2643,US-2021-102643,11/09/2021,11/15/2021,Standard Class,CU-10781,Customer 665,Home Office,United States,Washington,Washington,16072,West,TEC-ACC-8054,Technology,Accessories,Accessories model 145,2774.5,6,0.1,485.11
2644,US-2021-102644,09/29/2021,10/01/2021,First Class,CU-10444,Customer 725,Consumer,United States,Ohio,Ohio,80245,Central,OFF-PAP-8843,Office Supplies,Paper,Paper model 156,267.76,8,0.15,63.64
2645,US-2024-102645,09/17/2024,09/19/2024,First Class,CU-10514,Customer 605,Consumer,United States,California,California,43790,West,OFF-STO-6304,Office Supplies,Storage,Storage model 174,100.28,4,0.15,7.13
2646,US-2024-102646,06/07/2024,06/08/2024,Second Class,CU-10198,Customer 50,Consumer,United States,Pennsylvania,Pennsylvania,68620,East,OFF-PAP-9174,Office Supplies,Paper,Paper model 283,179.05,8,0.0,27.74
2647,US-2024-102647,03/17/2024,03/19/2024,Standard Class,CU-10142,Customer 701,Corporate,United States,Massachusetts,Massachusetts,59138,East,OFF-LAB-9089,Office Supplies,Labels,Labels model 55,978.75,7,0.1,123.56
2648,US-2024-102648,02/07/2024,02/14/2024,Standard Class,CU-10188,Customer 654,Home Office,United States,Pennsylvania,Pennsylvania,44907,East,TEC-COP-2500,Technology,Copiers,Copiers model 155,1835.1,2,0.5,-152.87
2649,US-2021-102649,06/17/2021,06/20/2021,Standard Class,CU-10551,Customer 273,Corporate,United States,Pennsylvania,Pennsylvania,18133,East,OFF-PAP-3285,Office Supplies,Paper,Paper model 193,261.0,2,0.0,38.42
2650,US-2024-102650,07/15/2024,07/22/2024,Second Class,CU-10404,Customer 705,Home Office,United States,Alabama,Alabama,35765,South,OFF-BIN-9174,Office Supplies,Binders,Binders model 284,662.57,9,0.0,-46.49
2651,US-2021-102651,09/22/2021,09/27/2021,Second Class,CU-10602,Customer 370,Consumer,United States,Pennsylvania,Pennsylvania,44066,East,TEC-PHO-1539,Technology,Phones,Phones model 266,13649.08,8,0.0,4402.54
2652,US-2021-102652,06/06/2021,06/11/2021,First Class,CU-10244,Customer 204,Corporate,United States,Alabama,Alabama,64711,South,OFF-LAB-4994,Office Supplies,Labels,Labels model 15,135.81,1,0.0,38.84
2653,US-2021-102653,10/24/2021,10/26/2021,First Class,CU-10280,Customer 523,Home Office,United States,Texas,Texas,65297,Central,TEC-ACC-1263,Technology,Accessories,Accessories model 180,9298.7,6,0.3,1539.31
2654,US-2021-102654,12/24/2021,12/31/2021,Standard Class,CU-10008,Customer 699,Home Office,United States,California,California,35937,West,FUR-CHA-4282,Furniture,Chairs,Chairs model 239,2630.65,9,0.2,723.51
2655,US-2023-102655,07/28/2023,07/30/2023,Standard Class,CU-10438,Customer 188,Corporate,United States,Alabama,Alabama,38249,South,OFF-PAP-1070,Office Supplies,Paper,Paper model 85,15.46,2,0.15,1.74
2656,US-2023-102656,03/03/2023,03/05/2023,Standard Class,CU-10632,Customer 502,Corporate,United States,New Jersey,New Jersey,55958,East,TEC-MAC-3636,Technology,Machines,Machines model 272,5129.23,4,0.0,840.55
2657,US-2024-102657,08/28/2024,09/01/2024,Standard Class,CU-10592,Customer 427,Home Office,United States,Oregon,Oregon,19463,West,OFF-ART-7380,Office Supplies,Art,Art model 42,67.94,3,0.0,-4.74
2658,US-2023-102658,01/13/2023,01/14/2023,Same Day,CU-10109,Customer 58,Corporate,United States,California,California,17710,West,FUR-CHA-3249,Furniture,Chairs,Chairs model 132,721.22,1,0.0,71.32
2659,US-2024-102659,01/29/2024,02/02/2024,Standard Class,CU-10256,Customer 379,Home Office,United States,Washington,Washington,31558,West,OFF-BIN-1192,Office Supplies,Binders,Binders model 217,112.53,2,0.3,-12.02
2660,US-2024-102660,07/25/2024,07/27/2024,First Class,CU-10641,Customer 348,Corporate,United States,Florida,Florida,16823,South,TEC-COP-5791,Technology,Copiers,Copiers model 222,1629.14,1,0.2,329.89
2661,US-2021-102661,05/23/2021,05/26/2021,Standard Class,CU-10713,Customer 299,Consumer,United States,Nevada,Nevada,21799,West,OFF-LAB-1271,Office Supplies,Labels,Labels model 114,986.51,7,0.0,-129.34
2662,US-2021-102662,07/03/2021,07/06/2021,Standard Class,CU-10517,Customer 632,Corporate,United States,Nevada,Nevada,20325,West,OFF-BIN-6461,Office Supplies,Binders,Binders model 175,897.11,7,0.1,138.3
2663,US-2024-102663,06/08/2024,06/13/2024,Standard Class,CU-10047,Customer 58,Consumer,United States,Washington,Washington,52116,West,OFF-ART-6263,Office Supplies,Art,Art model 10,143.83,1,0.0,36.04
2664,US-2021-102664,07/15/2021,07/19/2021,Standard Class,CU-10203,Customer 63,Consumer,United States,Washington,Washington,49804,West,FUR-FUR-7331,Furniture,Furnishings,Furnishings model 175,1731.85,7,0.3,174.19
2665,US-2022-102665,06/13/2022,06/14/2022,Standard Class,CU-10784,Customer 607,Corporate,United States,New Jersey,New Jersey,41924,East,TEC-COP-8901,Technology,Copiers,Copiers model 174,3490.42,6,0.2,-427.73
2666,US-2023-102666,04/06/2023,04/10/2023,Standard Class,CU-10638,Customer 260,Consumer,United States,Nevada,Nevada,26387,West,TEC-COP-1401,Technology,Copiers,Copiers model 203,9044.59,6,0.3,1140.44
2667,US-2023-102667,02/06/2023,02/07/2023,Standard Class,CU-10314,Customer 545,Home Office,United States,Georgia,Georgia,52452,South,TEC-MAC-6335,Technology,Machines,Machines model 263,3167.54,7,0.0,561.49
2668,US-2023-102668,10/01/2023,10/05/2023,Standard Class,CU-10243,Customer 488,Home Office,United States,Illinois,Illinois,51120,Central,OFF-ART-3685,Office Supplies,Art,Art model 138,523.61,8,0.15,200.54
2669,US-2022-102669,09/02/2022,09/08/2022,Standard Class,CU-10110,Customer 454,Home Office,United States,Nevada,Nevada,53060,West,TEC-MAC-2547,Technology,Machines,Machines model 226,2793.99,5,0.0,851.84
2670,US-2021-102670,09/20/2021,09/23/2021,Standard Class,CU-10513,Customer 406,Consumer,United States,New Jersey,New Jersey,49791,East,OFF-BIN-3975,Office Supplies,Binders,Binders model 238,691.73,5,0.2,55.61
2671,US-2022-102671,05/04/2022,05/09/2022,Standard Class,CU-10319,Customer 36,Home Office,United States,Nevada,Nevada,74218,West,OFF-LAB-1122,Office Supplies,Labels,Labels model 191,584.05,6,0.3,28.88
2672,US-2023-102672,10/14/2023,10/17/2023,Second Class,CU-10562,Customer 738,Home Office,United States,Oregon,Oregon,23306,West,OFF-BIN-9587,Office Supplies,Binders,Binders model 158,214.39,2,0.1,-18.28
2673,US-2021-102673,05/13/2021,05/20/2021,Standard Class,CU-10636,Customer 508,Consumer,United States,Nevada,Nevada,67551,West,OFF-BIN-8689,Office Supplies,Binders,Binders model 83,919.51,8,0.1,190.35
2674,US-2024-102674,04/05/2024,04/07/2024,Second Class,CU-10548,Customer 193,Corporate,United States,Georgia,Georgia,29915,South,FUR-FUR-4460,Furniture,Furnishings,Furnishings model 217,142.84,2,0.2,11.74
2675,US-2024-102675,08/21/2024,08/22/2024,Second Class,CU-10155,Customer 519,Corporate,United States,Pennsylvania,Pennsylvania,35903,East,FUR-TAB-6440,Furniture,Tables,Tables model 17,212.58,1,0.3,0.99
2676,US-2021-102676,11/02/2021,11/07/2021,Standard Class,CU-10326,Customer 82,Home Office,United States,Nevada,Nevada,18938,West,TEC-PHO-6458,Technology,Phones,Phones model 113,7714.71,5,0.1,3157.81
2677,US-2024-102677,08/27/2024,09/03/2024,Standard Class,CU-10060,Customer 380,Home Office,United States,Oregon,Oregon,32273,West,TEC-MAC-3211,Technology,Machines,Machines model 127,145.26,1,0.0,32.98
2678,US-2024-102678,12/25/2024,12/28/2024,Standard Class,CU-10161,Customer 524,Home Office,United States,New York,New York,50463,East,TEC-COP-1450,Technology,Copiers,Copiers model 206,1903.22,2,0.1,343.07
2679,US-2022-102679,03/03/2022,03/09/2022,First Class,CU-10455,Customer 331,Home Office,United States,Washington,Washington,70140,West,OFF-ART-3397,Office Supplies,Art,Art model 34,426.32,4,0.0,93.28
2680,US-2023-102680,10/02/2023,10/03/2023,Standard Class,CU-10579,Customer 543,Consumer,United States,North Carolina,North Carolina,18791,South,OFF-PAP-1570,Office Supplies,Paper,Paper model 114,614.29,9,0.1,-52.8
2681,US-2021-102681,06/02/2021,06/08/2021,Standard Class,CU-10343,Customer 177,Consumer,United States,California,California,46008,West,OFF-ART-1403,Office Supplies,Art,Art model 28,281.91,6,0.1,-0.39
2682,US-2021-102682,05/31/2021,06/01/2021,Second Class,CU-10584,Customer 374,Home Office,United States,Pennsylvania,Pennsylvania,45067,East,FUR-TAB-7775,Furniture,Tables,Tables model 141,1981.87,5,0.0,949.6
2683,US-2022-102683,08/11/2022,08/16/2022,Standard Class,CU-10242,Customer 621,Consumer,United States,Washington,Washington,24091,West,FUR-FUR-4969,Furniture,Furnishings,Furnishings model 175,1382.47,2,0.1,63.62
2684,US-2021-102684,09/05/2021,09/10/2021,Standard Class,CU-10186,Customer 453,Corporate,United States,Michigan,Michigan,30225,Central,OFF-LAB-5055,Office Supplies,Labels,Labels model 143,88.25,1,0.3,14.52
2685,US-2022-102685,12/04/2022,12/07/2022,First Class,CU-10270,Customer 781,Corporate,United States,Illinois,Illinois,64737,Central,FUR-BOO-2905,Furniture,Bookcases,Bookcases model 61,6546.04,8,0.2,1301.32
2686,US-2021-102686,02/26/2021,03/02/2021,Standard Class,CU-10451,Customer 35,Home Office,United States,Texas,Texas,41596,Central,TEC-COP-4912,Technology,Copiers,Copiers model 244,3584.46,4,0.0,1240.15
2687,US-2023-102687,04/09/2023,04/15/2023,Standard Class,CU-10469,Customer 368,Consumer,United States,Massachusetts,Massachusetts,38879,East,TEC-PHO-5388,Technology,Phones,Phones model 146,11979.56,7,0.15,3142.48
2688,US-2024-102688,08/18/2024,08/20/2024,First Class,CU-10225,Customer 570,Consumer,United States,Oregon,Oregon,95422,West,OFF-LAB-9826,Office Supplies,Labels,Labels model 23,49.07,2,0.2,4.15
2689,US-2023-102689,08/30/2023,09/01/2023,Second Class,CU-10081,Customer 131,Consumer,United States,New Jersey,New Jersey,88322,East,FUR-BOO-3919,Furniture,Bookcases,Bookcases model 208,5273.26,9,0.15,-89.56
2690,US-2022-102690,03/26/2022,03/27/2022,First Class,CU-10649,Customer 329,Home Office,United States,Illinois,Illinois,66856,Central,OFF-STO-9541,Office Supplies,Storage,Storage model 227,1329.65,9,0.0,321.48
2691,US-2023-102691,09/09/2023,09/15/2023,Standard Class,CU-10207,Customer 503,Consumer,United States,Nevada,Nevada,96307,West,OFF-PAP-5021,Office Supplies,Paper,Paper model 105,58.91,1,0.5,5.88
2692,US-2021-102692,02/01/2021,02/02/2021,Standard Class,CU-10060,Customer 362,Corporate,United States,North Carolina,North Carolina,53147,South,OFF-LAB-3345,Office Supplies,Labels,Labels model 39,433.21,8,0.1,56.55
2693,US-2021-102693,06/22/2021,06/29/2021,Second Class,CU-10615,Customer 202,Home Office,United States,North Carolina,North Carolina,43871,South,FUR-CHA-1055,Furniture,Chairs,Chairs model 215,1813.44,3,0.0,714.27
2694,US-2023-102694,10/19/2023,10/20/2023,Second Class,CU-10321,Customer 672,Corporate,United States,Michigan,Michigan,63037,Central,OFF-PAP-7023,Office Supplies,Paper,Paper model 247,303.1,6,0.0,83.94
2695,US-2021-102695,03/15/2021,03/20/2021,Standard Class,CU-10293,Customer 191,Home Office,United States,New Jersey,New Jersey,68906,East,FUR-FUR-9908,Furniture,Furnishings,Furnishings model 252,1991.98,3,0.1,-270.9
2696,US-2021-102696,09/18/2021,09/19/2021,Standard Class,CU-10215,Customer 275,Home Office,United States,New York,New York,17042,East,TEC-ACC-3219,Technology,Accessories,Accessories model 177,6898.16,5,0.15,2295.64
2697,US-2022-102697,05/26/2022,05/27/2022,Standard Class,CU-10629,Customer 114,Corporate,United States,New York,New York,63303,East,FUR-FUR-6360,Furniture,Furnishings,Furnishings model 146,1150.48,9,0.2,-217.76
2698,US-2022-102698,05/09/2022,05/12/2022,Standard Class,CU-10639,Customer 310,Home Office,United States,New York,New York,87081,East,TEC-PHO-5800,Technology,Phones,Phones model 223,8539.08,9,0.0,4395.29
2699,US-2021-102699,09/24/2021,09/27/2021,Standard Class,CU-10290,Customer 686,Consumer,United States,Georgia,Georgia,11826,South,TEC-ACC-5601,Technology,Accessories,Accessories model 262,1260.56,1,0.0,266.19
2700,US-2022-102700,02/19/2022,02/23/2022,Standard Class,CU-10027,Customer 189,Corporate,United States,New Jersey,New Jersey,75697,East,OFF-PAP-6137,Office Supplies,Paper,Paper model 133,662.4,5,0.3,-78.08
2701,US-2022-102701,05/03/2022,05/04/2022,Standard Class,CU-10281,Customer 637,Home Office,United States,Nevada,Nevada,77121,West,FUR-TAB-2785,Furniture,Tables,Tables model 26,3024.01,7,0.2,532.73
2702,US-2024-102702,05/13/2024,05/19/2024,Standard Class,CU-10061,Customer 370,Corporate,United States,Texas,Texas,67603,Central,TEC-MAC-5175,Technology,Machines,Machines model 176,6709.59,6,0.0,772.05
2703,US-2023-102703,08/14/2023,08/20/2023,First Class,CU-10100,Customer 265,Consumer,United States,Washington,Washington,79164,West,OFF-PAP-7150,Office Supplies,Paper,Paper model 4,434.67,3,0.1,189.44
2704,US-2023-102704,01/07/2023,01/13/2023,Standard Class,CU-10213,Customer 593,Consumer,United States,Florida,Florida,91900,South,FUR-BOO-8905,Furniture,Bookcases,Bookcases model 93,3318.32,5,0.0,102.36
2705,US-2021-102705,03/03/2021,03/08/2021,First Class,CU-10795,Customer 430,Corporate,United States,New York,New York,61782,East,OFF-BIN-7585,Office Supplies,Binders,Binders model 120,93.97,8,0.0,39.59
2706,US-2024-102706,01/28/2024,01/30/2024,Standard Class,CU-10035,Customer 259,Corporate,United States,Nevada,Nevada,37243,West,FUR-CHA-9416,Furniture,Chairs,Chairs model 47,2609.53,7,0.2,24.91
2707,US-2024-102707,04/12/2024,04/19/2024,Standard Class,CU-10098,Customer 236,Home Office,United States,New Jersey,New Jersey,63402,East,FUR-CHA-9486,Furniture,Chairs,Chairs model 181,3889.4,6,0.15,1386.57
2708,US-2024-102708,06/18/2024,06/21/2024,Standard Class,CU-10706,Customer 205,Consumer,United States,Georgia,Georgia,66455,South,FUR-CHA-2377,Furniture,Chairs,Chairs model 60,1287.05,7,0.2,-169.69
2709,US-2022-102709,04/05/2022,04/06/2022,Standard Class,CU-10462,Customer 582,Corporate,United States,Florida,Florida,19629,South,OFF-LAB-9304,Office Supplies,Labels,Labels model 190,33.26,2,0.0,-1.04
2710,US-2021-102710,09/25/2021,09/26/2021,Standard Class,CU-10755,Customer 75,Home Office,United States,North Carolina,North Carolina,99305,South,FUR-TAB-8021,Furniture,Tables,Tables model 32,1586.42,8,0.2,42.88
2711,US-2022-102711,06/25/2022,07/02/2022,Standard Class,CU-10609,Customer 20,Home Office,United States,Ohio,Ohio,33245,Central,TEC-MAC-1384,Technology,Machines,Machines model 74,4372.56,5,0.0,1461.02
2712,US-2024-102712,11/09/2024,11/11/2024,Standard Class,CU-10267,Customer 620,Corporate,United States,Ohio,Ohio,45644,Central,OFF-STO-9631,Office Supplies,Storage,Storage model 277,160.82,5,0.1,71.25
2713,US-2021-102713,01/24/2021,01/27/2021,Same Day,CU-10469,Customer 93,Consumer,United States,Massachusetts,Massachusetts,58414,East,FUR-CHA-3604,Furniture,Chairs,Chairs model 295,1596.57,6,0.0,403.68
2714,US-2022-102714,09/27/2022,09/28/2022,First Class,CU-10583,Customer 100,Consumer,United States,Ohio,Ohio,77780,Central,OFF-BIN-6192,Office Supplies,Binders,Binders model 40,105.36,1,0.1,19.17
2715,US-2021-102715,07/28/2021,08/01/2021,Standard Class,CU-10762,Customer 536,Home Office,United States,Washington,Washington,59601,West,OFF-STO-1675,Office Supplies,Storage,Storage model 139,195.39,5,0.3,-47.52
2716,US-2022-102716,12/13/2022,12/14/2022,Second Class,CU-10331,Customer 626,Home Office,United States,Georgia,Georgia,59307,South,OFF-STO-8418,Office Supplies,Storage,Storage model 12,241.37,4,0.0,0.38
2717,US-2023-102717,05/07/2023,05/08/2023,Standard Class,CU-10017,Customer 632,Corporate,United States,New Jersey,New Jersey,50927,East,OFF-LAB-6411,Office Supplies,Labels,Labels model 95,112.18,4,0.4,-21.63
2718,US-2023-102718,04/25/2023,04/26/2023,Standard Class,CU-10679,Customer 147,Consumer,United States,Texas,Texas,51205,Central,FUR-TAB-3619,Furniture,Tables,Tables model 166,3315.76,5,0.3,309.34
2719,US-2023-102719,07/24/2023,07/31/2023,Standard Class,CU-10059,Customer 298,Home Office,United States,Washington,Washington,70411,West,OFF-ART-5261,Office Supplies,Art,Art model 197,635.64,5,0.3,-29.18
2720,US-2021-102720,01/28/2021,01/31/2021,Standard Class,CU-10789,Customer 650,Consumer,United States,Texas,Texas,80593,Central,FUR-CHA-2017,Furniture,Chairs,Chairs model 156,6590.11,8,0.1,565.08
2721,US-2023-102721,11/12/2023,11/14/2023,Standard Class,CU-10306,Customer 264,Home Office,United States,Georgia,Georgia,97257,South,TEC-PHO-4137,Technology,Phones,Phones model 214,9547.65,9,0.15,3868.35
2722,US-2024-102722,08/13/2024,08/19/2024,Second Class,CU-10400,Customer 553,Home Office,United States,Massachusetts,Massachusetts,79807,East,TEC-PHO-9044,Technology,Phones,Phones model 115,10338.69,7,0.1,184.19
2723,US-2024-102723,08/31/2024,09/03/2024,Second Class,CU-10187,Customer 18,Consumer,United States,Nevada,Nevada,31554,West,TEC-MAC-7491,Technology,Machines,Machines model 63,1137.58,1,0.0,-37.99
2724,US-2023-102724,08/11/2023,08/14/2023,Standard Class,CU-10455,Customer 51,Consumer,United States,New Jersey,New Jersey,36604,East,FUR-CHA-3441,Furniture,Chairs,Chairs model 193,1633.28,3,0.1,187.19
2725,US-2022-102725,12/02/2022,12/05/2022,Standard Class,CU-10544,Customer 318,Corporate,United States,California,California,63925,West,TEC-COP-9307,Technology,Copiers,Copiers model 51,635.54,1,0.5,-17.15
2726,US-2021-102726,01/06/2021,01/08/2021,Standard Class,CU-10204,Customer 456,Home Office,United States,North Carolina,North Carolina,83083,South,FUR-FUR-8594,Furniture,Furnishings,Furnishings model 111,2588.13,4,0.2,1323.69
2727,US-2023-102727,10/02/2023,10/09/2023,Standard Class,CU-10382,Customer 420,Consumer,United States,Texas,Texas,28035,Central,OFF-PAP-9825,Office Supplies,Paper,Paper model 13,51.84,6,0.4,-5.88
2728,US-2022-102728,01/16/2022,01/21/2022,First Class,CU-10750,Customer 246,Home Office,United States,Alabama,Alabama,73649,South,OFF-BIN-5017,Office Supplies,Binders,Binders model 286,447.76,4,0.15,184.14
2729,US-2022-102729,01/24/2022,01/28/2022,Standard Class,CU-10075,Customer 78,Consumer,United States,Michigan,Michigan,65791,Central,OFF-LAB-7283,Office Supplies,Labels,Labels model 156,556.69,9,0.15,26.32
2730,US-2021-102730,08/01/2021,08/07/2021,First Class,CU-10413,Customer 770,Consumer,United States,Michigan,Michigan,34903,Central,TEC-MAC-6832,Technology,Machines,Machines model 275,8324.83,6,0.3,800.84
2731,US-2024-102731,12/06/2024,12/10/2024,Second Class,CU-10303,Customer 751,Corporate,United States,Alabama,Alabama,85367,South,TEC-ACC-8698,Technology,Accessories,Accessories model 270,3621.17,8,0.0,1049.15
2732,US-2021-102732,05/12/2021,05/14/2021,Standard Class,CU-10580,Customer 314,Home Office,United States,Alabama,Alabama,91602,South,TEC-ACC-8047,Technology,Accessories,Accessories model 143,3282.51,7,0.0,-239.24
2733,US-2021-102733,11/20/2021,11/21/2021,Standard Class,CU-10557,Customer 263,Consumer,United States,New Jersey,New Jersey,43876,East,TEC-MAC-7823,Technology,Machines,Machines model 3,6013.86,4,0.0,260.94
2734,US-2024-102734,01/25/2024,01/31/2024,Standard Class,CU-10410,Customer 635,Consumer,United States,Alabama,Alabama,36042,South,OFF-LAB-1100,Office Supplies,Labels,Labels model 10,424.93,4,0.1,52.06
2735,US-2022-102735,12/05/2022,12/08/2022,Standard Class,CU-10630,Customer 494,Consumer,United States,North Carolina,North Carolina,39205,South,OFF-PAP-5843,Office Supplies,Paper,Paper model 296,156.71,4,0.0,25.15
2736,US-2024-102736,08/16/2024,08/21/2024,Standard Class,CU-10483,Customer 167,Consumer,United States,Nevada,Nevada,89394,West,FUR-FUR-3622,Furniture,Furnishings,Furnishings model 283,489.05,4,0.3,-50.67
2737,US-2022-102737,08/10/2022,08/11/2022,Standard Class,CU-10003,Customer 771,Consumer,United States,North Carolina,North Carolina,48549,South,OFF-BIN-5656,Office Supplies,Binders,Binders model 282,729.95,5,0.0,71.2
2738,US-2022-102738,05/31/2022,06/03/2022,Standard Class,CU-10478,Customer 101,Consumer,United States,Alabama,Alabama,58528,South,FUR-FUR-5062,Furniture,Furnishings,Furnishings model 267,1219.83,2,0.0,184.75
2739,US-2021-102739,01/20/2021,01/25/2021,Standard Class,CU-10360,Customer 61,Corporate,United States,Oregon,Oregon,18952,West,FUR-TAB-5830,Furniture,Tables,Tables model 269,1138.77,2,0.0,355.94
2740,US-2021-102740,07/15/2021,07/21/2021,Standard Class,CU-10302,Customer 414,Corporate,United States,Illinois,Illinois,25176,Central,OFF-STO-1066,Office Supplies,Storage,Storage model 204,140.24,4,0.0,-3.83
2741,US-2022-102741,05/12/2022,05/17/2022,Second Class,CU-10228,Customer 261,Home Office,United States,Florida,Florida,59011,South,OFF-LAB-8982,Office Supplies,Labels,Labels model 170,66.81,1,0.0,18.76
2742,US-2022-102742,11/24/2022,12/01/2022,Standard Class,CU-10026,Customer 699,Consumer,United States,Ohio,Ohio,33640,Central,FUR-CHA-7701,Furniture,Chairs,Chairs model 84,5647.68,8,0.1,2509.36
2743,US-2021-102743,08/08/2021,08/13/2021,Standard Class,CU-10248,Customer 797,Home Office,United States,Texas,Texas,46462,Central,TEC-PHO-3790,Technology,Phones,Phones model 204,2788.46,4,0.0,759.64
2744,US-2022-102744,10/25/2022,10/26/2022,Standard Class,CU-10684,Customer 514,Consumer,United States,Georgia,Georgia,90592,South,OFF-ART-1726,Office Supplies,Art,Art model 201,71.06,4,0.2,17.03
2745,US-2022-102745,05/21/2022,05/26/2022,Standard Class,CU-10055,Customer 545,Corporate,United States,New Jersey,New Jersey,43097,East,OFF-STO-7077,Office Supplies,Storage,Storage model 250,458.9,6,0.2,-61.37
2746,US-2021-102746,01/09/2021,01/16/2021,Standard Class,CU-10161,Customer 203,Consumer,United States,Alabama,Alabama,34686,South,TEC-COP-8419,Technology,Copiers,Copiers model 43,1665.17,2,0.3,298.94
2747,US-2024-102747,11/30/2024,12/04/2024,First Class,CU-10480,Customer 324,Consumer,United States,Washington,Washington,89628,West,FUR-BOO-3479,Furniture,Bookcases,Bookcases model 154,566.5,1,0.0,48.08
2748,US-2023-102748,06/30/2023,07/06/2023,Standard Class,CU-10319,Customer 413,Corporate,United States,Illinois,Illinois,69030,Central,OFF-LAB-5528,Office Supplies,Labels,Labels model 196,1107.14,9,0.4,-163.13
2749,US-2023-102749,07/03/2023,07/05/2023,First Class,CU-10602,Customer 771,Home Office,United States,Pennsylvania,Pennsylvania,17443,East,OFF-PAP-9127,Office Supplies,Paper,Paper model 27,58.32,2,0.0,10.47
2750,US-2024-102750,10/22/2024,10/26/2024,Standard Class,CU-10005,Customer 620,Corporate,United States,Ohio,Ohio,49468,Central,OFF-BIN-3120,Office Supplies,Binders,Binders model 298,485.46,4,0.1,108.39
2751,US-2024-102751,04/19/2024,04/25/2024,Standard Class,CU-10480,Customer 326,Corporate,United States,Alabama,Alabama,42389,South,OFF-STO-8626,Office Supplies,Storage,Storage model 272,461.68,8,0.4,30.65
2752,US-2023-102752,03/29/2023,04/05/2023,Standard Class,CU-10298,Customer 49,Consumer,United States,Washington,Washington,88985,West,TEC-COP-8464,Technology,Copiers,Copiers model 65,3407.43,2,0.0,1166.68
2753,US-2024-102753,12/21/2024,12/24/2024,Standard Class,CU-10084,Customer 185,Consumer,United States,California,California,24379,West,OFF-LAB-5836,Office Supplies,Labels,Labels model 202,616.48,7,0.3,-76.78
2754,US-2023-102754,01/06/2023,01/09/2023,Same Day,CU-10343,Customer 623,Consumer,United States,Michigan,Michigan,49577,Central,TEC-PHO-5906,Technology,Phones,Phones model 120,2172.27,6,0.1,297.86
2755,US-2024-102755,08/19/2024,08/21/2024,Standard Class,CU-10515,Customer 90,Home Office,United States,Nevada,Nevada,27567,West,FUR-TAB-7156,Furniture,Tables,Tables model 101,1180.07,3,0.4,-361.72
2756,US-2024-102756,05/13/2024,05/19/2024,First Class,CU-10073,Customer 636,Consumer,United States,Alabama,Alabama,27588,South,OFF-ART-9507,Office Supplies,Art,Art model 23,107.79,3,0.2,21.47
2757,US-2024-102757,04/19/2024,04/21/2024,First Class,CU-10577,Customer 193,Consumer,United States,Massachusetts,Massachusetts,93697,East,OFF-LAB-3105,Office Supplies,Labels,Labels model 212,454.5,5,0.15,38.47
2758,US-2024-102758,12/18/2024,12/19/2024,First Class,CU-10146,Customer 341,Consumer,United States,Georgia,Georgia,20596,South,OFF-LAB-3779,Office Supplies,Labels,Labels model 173,149.06,5,0.0,38.51
2759,US-2021-102759,08/02/2021,08/03/2021,Standard Class,CU-10545,Customer 77,Corporate,United States,Nevada,Nevada,80509,West,OFF-BIN-7548,Office Supplies,Binders,Binders model 219,271.91,2,0.15,47.93
2760,US-2024-102760,04/29/2024,05/05/2024,Standard Class,CU-10508,Customer 197,Consumer,United States,Oregon,Oregon,39694,West,FUR-TAB-1232,Furniture,Tables,Tables model 65,4968.49,8,0.4,1959.59
2761,US-2023-102761,09/12/2023,09/19/2023,Second Class,CU-10615,Customer 717,Home Office,United States,New Jersey,New Jersey,16357,East,OFF-PAP-2688,Office Supplies,Paper,Paper model 71,695.12,5,0.2,-49.67
2762,US-2022-102762,02/05/2022,02/09/2022,Second Class,CU-10519,Customer 759,Home Office,United States,Texas,Texas,34977,Central,FUR-TAB-7134,Furniture,Tables,Tables model 23,1969.9,7,0.3,-311.93
2763,US-2024-102763,11/02/2024,11/04/2024,Standard Class,CU-10623,Customer 690,Corporate,United States,Georgia,Georgia,49966,South,OFF-LAB-1845,Office Supplies,Labels,Labels model 23,486.08,8,0.15,116.13
2764,US-2024-102764,08/23/2024,08/25/2024,Same Day,CU-10392,Customer 123,Corporate,United States,Pennsylvania,Pennsylvania,52835,East,FUR-BOO-9282,Furniture,Bookcases,Bookcases model 240,1561.52,6,0.0,547.38
2765,US-2022-102765,12/28/2022,12/31/2022,Standard Class,CU-10661,Customer 301,Corporate,United States,New York,New York,52782,East,FUR-CHA-2340,Furniture,Chairs,Chairs model 148,2280.92,3,0.2,163.73
2766,US-2021-102766,11/01/2021,11/05/2021,Standard Class,CU-10396,Customer 402,Consumer,United States,Washington,Washington,16885,West,FUR-TAB-5493,Furniture,Tables,Tables model 114,1185.76,3,0.1,-144.88
2767,US-2024-102767,04/27/2024,04/29/2024,First Class,CU-10305,Customer 279,Corporate,United States,New Jersey,New Jersey,61404,East,OFF-PAP-6158,Office Supplies,Paper,Paper model 124,1139.24,8,0.15,410.87
2768,US-2021-102768,07/03/2021,07/05/2021,Standard Class,CU-10666,Customer 264,Corporate,United States,North Carolina,North Carolina,42787,South,TEC-MAC-1450,Technology,Machines,Machines model 135,4763.57,3,0.0,374.46
2769,US-2021-102769,07/31/2021,08/03/2021,Standard Class,CU-10199,Customer 21,Consumer,United States,New Jersey,New Jersey,32271,East,OFF-ART-3033,Office Supplies,Art,Art model 175,16.83,1,0.5,-3.46
2770,US-2021-102770,02/17/2021,02/20/2021,First Class,CU-10319,Customer 188,Corporate,United States,Illinois,Illinois,74283,Central,TEC-PHO-1210,Technology,Phones,Phones model 42,13090.37,9,0.0,4340.09
2771,US-2021-102771,10/23/2021,10/27/2021,Standard Class,CU-10535,Customer 554,Corporate,United States,Michigan,Michigan,47356,Central,FUR-FUR-1305,Furniture,Furnishings,Furnishings model 5,5071.6,9,0.15,1124.12
2772,US-2022-102772,08/04/2022,08/06/2022,Standard Class,CU-10202,Customer 491,Consumer,United States,Oregon,Oregon,59246,West,OFF-LAB-8669,Office Supplies,Labels,Labels model 76,543.37,8,0.15,69.62
2773,US-2024-102773,03/31/2024,04/04/2024,First Class,CU-10677,Customer 111,Corporate,United States,Pennsylvania,Pennsylvania,69681,East,OFF-PAP-2626,Office Supplies,Paper,Paper model 4,512.06,4,0.2,161.73
2774,US-2021-102774,05/25/2021,05/31/2021,First Class,CU-10695,Customer 676,Home Office,United States,Illinois,Illinois,50644,Central,OFF-LAB-3698,Office Supplies,Labels,Labels model 52,1164.33,9,0.0,-124.92
2775,US-2023-102775,01/12/2023,01/15/2023,First Class,CU-10294,Customer 136,Home Office,United States,Oregon,Oregon,57647,West,OFF-ART-8417,Office Supplies,Art,Art model 228,132.17,4,0.0,-2.89
2776,US-2024-102776,07/12/2024,07/19/2024,Standard Class,CU-10514,Customer 464,Home Office,United States,California,California,21368,West,OFF-STO-7374,Office Supplies,Storage,Storage model 32,225.3,9,0.15,41.66
2777,US-2024-102777,09/06/2024,09/13/2024,Standard Class,CU-10799,Customer 210,Corporate,United States,Alabama,Alabama,12901,South,OFF-STO-2110,Office Supplies,Storage,Storage model 10,793.81,7,0.0,145.81
2778,US-2024-102778,05/06/2024,05/07/2024,Standard Class,CU-10676,Customer 783,Consumer,United States,California,California,91832,West,TEC-COP-6541,Technology,Copiers,Copiers model 32,2675.98,2,0.0,535.85
2779,US-2022-102779,01/22/2022,01/29/2022,Second Class,CU-10375,Customer 396,Consumer,United States,Georgia,Georgia,35608,South,OFF-STO-2586,Office Supplies,Storage,Storage model 79,90.22,1,0.15,20.14
2780,US-2022-102780,01/26/2022,02/01/2022,Second Class,CU-10785,Customer 537,Consumer,United States,Nevada,Nevada,28054,West,OFF-LAB-3657,Office Supplies,Labels,Labels model 137,698.56,8,0.2,-240.78
2781,US-2024-102781,06/15/2024,06/17/2024,Second Class,CU-10400,Customer 643,Consumer,United States,Alabama,Alabama,47856,South,TEC-PHO-6829,Technology,Phones,Phones model 90,9839.08,9,0.1,861.2
2782,US-2024-102782,04/06/2024,04/08/2024,First Class,CU-10042,Customer 223,Consumer,United States,Florida,Florida,60486,South,OFF-LAB-1542,Office Supplies,Labels,Labels model 112,222.56,3,0.3,33.23
2783,US-2022-102783,02/09/2022,02/11/2022,Standard Class,CU-10371,Customer 166,Consumer,United States,California,California,94627,West,OFF-PAP-4634,Office Supplies,Paper,Paper model 51,101.06,1,0.3,13.97
2784,US-2021-102784,08/12/2021,08/15/2021,Standard Class,CU-10101,Customer 736,Consumer,United States,Nevada,Nevada,30808,West,TEC-COP-6307,Technology,Copiers,Copiers model 226,2519.56,8,0.0,885.87
2785,US-2021-102785,07/27/2021,07/31/2021,Standard Class,CU-10086,Customer 240,Consumer,United States,Pennsylvania,Pennsylvania,94978,East,FUR-TAB-1579,Furniture,Tables,Tables model 64,2404.24,4,0.5,255.59
2786,US-2022-102786,12/09/2022,12/12/2022,Standard Class,CU-10649,Customer 622,Corporate,United States,Oregon,Oregon,45811,West,OFF-LAB-6857,Office Supplies,Labels,Labels model 141,27.04,1,0.0,3.14
2787,US-2022-102787,03/21/2022,03/22/2022,Standard Class,CU-10252,Customer 217,Corporate,United States,Oregon,Oregon,30141,West,OFF-STO-9617,Office Supplies,Storage,Storage model 197,227.89,4,0.5,-18.27
2788,US-2022-102788,08/11/2022,08/16/2022,Second Class,CU-10072,Customer 314,Home Office,United States,California,California,85192,West,OFF-ART-3924,Office Supplies,Art,Art model 272,508.56,4,0.0,92.33
2789,US-2022-102789,01/11/2022,01/18/2022,Second Class,CU-10281,Customer 785,Consumer,United States,Michigan,Michigan,18787,Central,OFF-BIN-7701,Office Supplies,Binders,Binders model 88,79.51,3,0.3,9.58
2790,US-2022-102790,07/08/2022,07/11/2022,Standard Class,CU-10598,Customer 156,Home Office,United States,Michigan,Michigan,89128,Central,OFF-BIN-5915,Office Supplies,Binders,Binders model 70,178.52,3,0.3,2.52
2791,US-2023-102791,11/12/2023,11/17/2023,Second Class,CU-10407,Customer 585,Consumer,United States,North Carolina,North Carolina,73712,South,OFF-PAP-8192,Office Supplies,Paper,Paper model 142,178.37,5,0.2,12.14
2792,US-2023-102792,06/26/2023,06/29/2023,First Class,CU-10179,Customer 507,Corporate,United States,Oregon,Oregon,84494,West,FUR-TAB-1674,Furniture,Tables,Tables model 256,338.19,1,0.2,-13.78
2793,US-2022-102793,06/04/2022,06/11/2022,Standard Class,CU-10459,Customer 34,Home Office,United States,Washington,Washington,66845,West,OFF-ART-2992,Office Supplies,Art,Art model 282,126.4,1,0.0,52.07
2794,US-2023-102794,09/25/2023,09/26/2023,Same Day,CU-10300,Customer 71,Corporate,United States,Oregon,Oregon,22720,West,OFF-LAB-2231,Office Supplies,Labels,Labels model 62,610.28,5,0.1,0.99
2795,US-2023-102795,01/14/2023,01/15/2023,Second Class,CU-10417,Customer 681,Consumer,United States,New Jersey,New Jersey,14234,East,OFF-ART-6168,Office Supplies,Art,Art model 150,65.64,5,0.0,-1.04
2796,US-2024-102796,09/13/2024,09/14/2024,Standard Class,CU-10745,Customer 374,Corporate,United States,Pennsylvania,Pennsylvania,65042,East,OFF-BIN-7193,Office Supplies,Binders,Binders model 217,45.33,1,0.1,7.14
2797,US-2024-102797,06/21/2024,06/23/2024,Standard Class,CU-10730,Customer 23,Consumer,United States,New Jersey,New Jersey,84493,East,TEC-COP-8227,Technology,Copiers,Copiers model 38,1052.15,2,0.0,266.2
2798,US-2023-102798,12/23/2023,12/28/2023,Second Class,CU-10795,Customer 164,Corporate,United States,Pennsylvania,Pennsylvania,34489,East,OFF-LAB-1946,Office Supplies,Labels,Labels model 199,462.33,9,0.0,57.5
2799,US-2024-102799,04/23/2024,04/24/2024,Standard Class,CU-10602,Customer 757,Consumer,United States,New Jersey,New Jersey,49285,East,OFF-STO-6061,Office Supplies,Storage,Storage model 191,361.05,3,0.15,65.14
2800,US-2023-102800,07/02/2023,07/09/2023,Standard Class,CU-10740,Customer 262,Corporate,United States,Michigan,Michigan,65242,Central,FUR-FUR-4829,Furniture,Furnishings,Furnishings model 59,1544.79,6,0.0,589.38
2801,US-2021-102801,02/07/2021,02/09/2021,Standard Class,CU-10743,Customer 752,Home Office,United States,Ohio,Ohio,84665,Central,FUR-BOO-2018,Furniture,Bookcases,Bookcases model 128,6375.64,8,0.0,2149.69
2802,US-2023-102802,06/27/2023,07/04/2023,Standard Class,CU-10188,Customer 459,Consumer,United States,Michigan,Michigan,67564,Central,TEC-PHO-8886,Technology,Phones,Phones model 142,13517.94,8,0.1,5841.21
2803,US-2022-102803,11/24/2022,11/28/2022,Same Day,CU-10418,Customer 176,Home Office,United States,California,California,14378,West,TEC-COP-4144,Technology,Copiers,Copiers model 94,248.82,1,0.1,-15.16
2804,US-2023-102804,08/19/2023,08/22/2023,Standard Class,CU-10428,Customer 576,Corporate,United States,Pennsylvania,Pennsylvania,69291,East,OFF-LAB-9078,Office Supplies,Labels,Labels model 290,163.94,2,0.1,47.7
2805,US-2022-102805,05/24/2022,05/29/2022,Second Class,CU-10247,Customer 153,Home Office,United States,Pennsylvania,Pennsylvania,68456,East,OFF-LAB-4990,Office Supplies,Labels,Labels model 52,180.98,5,0.0,54.43
2806,US-2021-102806,08/16/2021,08/18/2021,Standard Class,CU-10337,Customer 209,Corporate,United States,Michigan,Michigan,36432,Central,OFF-BIN-1096,Office Supplies,Binders,Binders model 187,347.0,7,0.5,-22.88
2807,US-2021-102807,05/08/2021,05/11/2021,Second Class,CU-10762,Customer 306,Consumer,United States,Georgia,Georgia,23299,South,OFF-ART-6619,Office Supplies,Art,Art model 256,629.85,6,0.0,-112.54
2808,US-2023-102808,11/16/2023,11/18/2023,First Class,CU-10005,Customer 483,Home Office,United States,Illinois,Illinois,42895,Central,OFF-PAP-3110,Office Supplies,Paper,Paper model 237,316.39,4,0.1,29.41
2809,US-2024-102809,02/18/2024,02/22/2024,Standard Class,CU-10073,Customer 473,Corporate,United States,New York,New York,65729,East,OFF-STO-6998,Office Supplies,Storage,Storage model 113,230.64,5,0.1,12.84
2810,US-2021-102810,03/24/2021,03/29/2021,Standard Class,CU-10639,Customer 507,Corporate,United States,Florida,Florida,96288,South,OFF-PAP-2193,Office Supplies,Paper,Paper model 107,629.87,8,0.3,-40.53
2811,US-2022-102811,04/12/2022,04/16/2022,Same Day,CU-10050,Customer 689,Corporate,United States,Alabama,Alabama,54037,South,OFF-PAP-7056,Office Supplies,Paper,Paper model 160,20.18,1,0.0,7.71
2812,US-2024-102812,05/23/2024,05/29/2024,Standard Class,CU-10557,Customer 223,Home Office,United States,Florida,Florida,96765,South,TEC-MAC-7063,Technology,Machines,Machines model 162,5924.41,4,0.5,994.92
2813,US-2024-102813,11/03/2024,11/09/2024,Standard Class,CU-10753,Customer 607,Corporate,United States,New York,New York,79671,East,OFF-BIN-1831,Office Supplies,Binders,Binders model 275,444.5,5,0.0,16.76
2814,US-2022-102814,07/07/2022,07/13/2022,First Class,CU-10269,Customer 440,Corporate,United States,Alabama,Alabama,62853,South,OFF-LAB-9310,Office Supplies,Labels,Labels model 122,114.19,1,0.0,17.89
2815,US-2021-102815,12/31/2021,01/06/2022,First Class,CU-10284,Customer 534,Corporate,United States,Nevada,Nevada,57402,West,OFF-PAP-9040,Office Supplies,Paper,Paper model 255,548.78,5,0.0,108.44
2816,US-2021-102816,05/16/2021,05/19/2021,Standard Class,CU-10591,Customer 601,Home Office,United States,Oregon,Oregon,69500,West,OFF-PAP-8873,Office Supplies,Paper,Paper model 66,486.47,5,0.0,76.3
2817,US-2021-102817,08/22/2021,08/29/2021,Standard Class,CU-10531,Customer 451,Consumer,United States,Florida,Florida,91622,South,OFF-ART-9072,Office Supplies,Art,Art model 31,52.92,1,0.4,1.84
2818,US-2021-102818,03/08/2021,03/15/2021,First Class,CU-10304,Customer 185,Corporate,United States,Georgia,Georgia,39657,South,OFF-LAB-8615,Office Supplies,Labels,Labels model 298,580.24,9,0.3,181.64
2819,US-2023-102819,05/24/2023,05/26/2023,First Class,CU-10188,Customer 429,Home Office,United States,North Carolina,North Carolina,64998,South,OFF-BIN-8483,Office Supplies,Binders,Binders model 170,720.96,5,0.0,89.45
2820,US-2023-102820,08/08/2023,08/09/2023,Second Class,CU-10486,Customer 799,Consumer,United States,North Carolina,North Carolina,87599,South,OFF-LAB-6846,Office Supplies,Labels,Labels model 31,294.71,3,0.3,5.18
2821,US-2024-102821,05/02/2024,05/04/2024,Same Day,CU-10298,Customer 391,Home Office,United States,Oregon,Oregon,72456,West,TEC-MAC-5291,Technology,Machines,Machines model 3,859.08,3,0.0,138.6
2822,US-2023-102822,12/10/2023,12/12/2023,Second Class,CU-10132,Customer 694,Consumer,United States,Oregon,Oregon,63508,West,OFF-ART-8311,Office Supplies,Art,Art model 156,284.29,3,0.1,66.87
2823,US-2022-102823,05/08/2022,05/11/2022,Second Class,CU-10328,Customer 522,Home Office,United States,Texas,Texas,21640,Central,OFF-BIN-9667,Office Supplies,Binders,Binders model 244,20.5,1,0.15,2.08
2824,US-2022-102824,10/07/2022,10/11/2022,Second Class,CU-10622,Customer 582,Home Office,United States,Washington,Washington,50278,West,OFF-ART-7709,Office Supplies,Art,Art model 26,40.4,3,0.5,-4.72
2825,US-2024-102825,04/14/2024,04/20/2024,First Class,CU-10205,Customer 351,Corporate,United States,Ohio,Ohio,77447,Central,OFF-BIN-1687,Office Supplies,Binders,Binders model 258,681.65,6,0.15,105.7
2826,US-2023-102826,12/03/2023,12/05/2023,Standard Class,CU-10778,Customer 317,Home Office,United States,Alabama,Alabama,57487,South,TEC-ACC-5052,Technology,Accessories,Accessories model 150,2125.41,2,0.1,484.68
2827,US-2024-102827,12/15/2024,12/18/2024,Second Class,CU-10685,Customer 580,Home Office,United States,Georgia,Georgia,38766,South,OFF-LAB-5509,Office Supplies,Labels,Labels model 140,123.28,3,0.4,3.94
2828,US-2024-102828,03/14/2024,03/15/2024,First Class,CU-10726,Customer 760,Corporate,United States,North Carolina,North Carolina,17128,South,OFF-STO-2254,Office Supplies,Storage,Storage model 286,176.8,7,0.1,31.31
2829,US-2021-102829,02/12/2021,02/18/2021,Standard Class,CU-10031,Customer 629,Corporate,United States,Michigan,Michigan,43944,Central,FUR-BOO-7367,Furniture,Bookcases,Bookcases model 9,570.9,4,0.1,129.58
2830,US-2024-102830,03/04/2024,03/09/2024,Standard Class,CU-10617,Customer 180,Corporate,United States,Alabama,Alabama,77738,South,OFF-PAP-4247,Office Supplies,Paper,Paper model 34,151.55,5,0.15,19.07
2831,US-2023-102831,04/01/2023,04/08/2023,Standard Class,CU-10510,Customer 180,Corporate,United States,North Carolina,North Carolina,67813,South,FUR-TAB-9217,Furniture,Tables,Tables model 126,1968.12,9,0.3,407.96
2832,US-2022-102832,03/04/2022,03/06/2022,First Class,CU-10310,Customer 655,Home Office,United States,Georgia,Georgia,97842,South,OFF-STO-8304,Office Supplies,Storage,Storage model 253,11.76,2,0.0,2.77
2833,US-2023-102833,03/08/2023,03/14/2023,Second Class,CU-10090,Customer 29,Home Office,United States,Texas,Texas,87922,Central,OFF-ART-6133,Office Supplies,Art,Art model 276,270.2,6,0.0,52.55
2834,US-2024-102834,10/25/2024,10/27/2024,Second Class,CU-10042,Customer 517,Consumer,United States,New Jersey,New Jersey,73740,East,TEC-PHO-3575,Technology,Phones,Phones model 156,3032.16,9,0.0,-393.55
2835,US-2024-102835,08/08/2024,08/12/2024,First Class,CU-10461,Customer 349,Home Office,United States,Pennsylvania,Pennsylvania,58270,East,OFF-LAB-6028,Office Supplies,Labels,Labels model 143,749.55,7,0.3,-63.23
2836,US-2022-102836,09/03/2022,09/10/2022,Standard Class,CU-10709,Customer 258,Corporate,United States,Texas,Texas,94952,Central,OFF-STO-7425,Office Supplies,Storage,Storage model 175,920.81,8,0.4,-69.54
2837,US-2021-102837,06/17/2021,06/19/2021,Standard Class,CU-10233,Customer 660,Home Office,United States,Illinois,Illinois,27413,Central,FUR-CHA-5200,Furniture,Chairs,Chairs model 267,1555.86,3,0.0,246.8
2838,US-2022-102838,05/03/2022,05/08/2022,Second Class,CU-10065,Customer 532,Consumer,United States,Pennsylvania,Pennsylvania,82072,East,OFF-PAP-8342,Office Supplies,Paper,Paper model 158,72.6,3,0.1,1.44
2839,US-2022-102839,10/13/2022,10/18/2022,Standard Class,CU-10354,Customer 502,Corporate,United States,California,California,29278,West,OFF-ART-8046,Office Supplies,Art,Art model 6,776.75,8,0.3,157.37
2840,US-2024-102840,04/15/2024,04/20/2024,First Class,CU-10260,Customer 355,Corporate,United States,Texas,Texas,90043,Central,FUR-CHA-6839,Furniture,Chairs,Chairs model 200,681.38,9,0.0,66.52
2841,US-2023-102841,05/14/2023,05/16/2023,First Class,CU-10163,Customer 480,Home Office,United States,Ohio,Ohio,90634,Central,OFF-PAP-3964,Office Supplies,Paper,Paper model 34,422.89,5,0.0,158.77
2842,US-2021-102842,12/27/2021,12/31/2021,Standard Class,CU-10590,Customer 318,Home Office,United States,Texas,Texas,95213,Central,OFF-BIN-5274,Office Supplies,Binders,Binders model 44,94.52,5,0.0,46.54
2843,US-2021-102843,10/09/2021,10/10/2021,First Class,CU-10237,Customer 769,Consumer,United States,Alabama,Alabama,75819,South,OFF-PAP-2029,Office Supplies,Paper,Paper model 292,68.62,2,0.2,-7.57
2844,US-2024-102844,10/28/2024,11/01/2024,Standard Class,CU-10461,Customer 626,Consumer,United States,Florida,Florida,33668,South,OFF-LAB-5676,Office Supplies,Labels,Labels model 182,235.74,8,0.2,55.09
2845,US-2022-102845,11/22/2022,11/27/2022,First Class,CU-10158,Customer 198,Consumer,United States,Washington,Washington,36428,West,OFF-PAP-5719,Office Supplies,Paper,Paper model 55,16.5,3,0.0,4.72
2846,US-2021-102846,01/06/2021,01/12/2021,Second Class,CU-10686,Customer 692,Corporate,United States,Texas,Texas,79214,Central,OFF-LAB-6768,Office Supplies,Labels,Labels model 272,619.06,5,0.15,169.09
2847,US-2022-102847,07/05/2022,07/08/2022,Standard Class,CU-10199,Customer 528,Consumer,United States,North Carolina,North Carolina,63049,South,OFF-ART-8767,Office Supplies,Art,Art model 279,1325.37,9,0.0,641.71
2848,US-2023-102848,04/05/2023,04/08/2023,Standard Class,CU-10578,Customer 790,Home Office,United States,Massachusetts,Massachusetts,13893,East,OFF-ART-9192,Office Supplies,Art,Art model 48,9.91,1,0.0,2.01
2849,US-2021-102849,03/15/2021,03/19/2021,Standard Class,CU-10346,Customer 709,Home Office,United States,Texas,Texas,33383,Central,OFF-PAP-1318,Office Supplies,Paper,Paper model 90,327.17,3,0.15,-0.79
2850,US-2024-102850,09/12/2024,09/13/2024,Standard Class,CU-10306,Customer 320,Home Office,United States,New Jersey,New Jersey,80535,East,TEC-MAC-2077,Technology,Machines,Machines model 246,864.21,1,0.15,474.89
2851,US-2023-102851,11/10/2023,11/15/2023,Standard Class,CU-10730,Customer 645,Home Office,United States,North Carolina,North Carolina,31158,South,OFF-PAP-4144,Office Supplies,Paper,Paper model 192,273.84,2,0.0,19.47
2852,US-2023-102852,12/16/2023,12/23/2023,Second Class,CU-10027,Customer 748,Corporate,United States,California,California,47474,West,OFF-BIN-6430,Office Supplies,Binders,Binders model 299,111.53,8,0.4,-28.4
2853,US-2021-102853,10/01/2021,10/08/2021,Standard Class,CU-10396,Customer 246,Consumer,United States,Pennsylvania,Pennsylvania,25310,East,OFF-LAB-7981,Office Supplies,Labels,Labels model 271,51.01,1,0.15,-6.3
2854,US-2023-102854,09/10/2023,09/16/2023,Second Class,CU-10036,Customer 68,Consumer,United States,Washington,Washington,29728,West,OFF-BIN-3725,Office Supplies,Binders,Binders model 268,89.72,1,0.0,23.53
2855,US-2022-102855,08/13/2022,08/15/2022,Standard Class,CU-10468,Customer 185,Home Office,United States,Ohio,Ohio,32205,Central,OFF-LAB-1737,Office Supplies,Labels,Labels model 207,253.67,6,0.1,10.06
2856,US-2023-102856,04/09/2023,04/14/2023,Standard Class,CU-10731,Customer 327,Consumer,United States,Washington,Washington,96582,West,OFF-ART-6271,Office Supplies,Art,Art model 257,74.15,3,0.2,12.42
2857,US-2022-102857,04/13/2022,04/17/2022,Standard Class,CU-10288,Customer 23,Corporate,United States,Alabama,Alabama,94153,South,OFF-PAP-9217,Office Supplies,Paper,Paper model 280,195.89,8,0.1,60.32
2858,US-2023-102858,05/19/2023,05/24/2023,First Class,CU-10666,Customer 266,Consumer,United States,New Jersey,New Jersey,30029,East,OFF-PAP-2974,Office Supplies,Paper,Paper model 120,129.97,9,0.1,12.77
2859,US-2023-102859,09/23/2023,09/30/2023,Standard Class,CU-10415,Customer 249,Home Office,United States,Michigan,Michigan,69981,Central,TEC-COP-7129,Technology,Copiers,Copiers model 163,1722.04,1,0.0,625.89
2860,US-2021-102860,07/05/2021,07/09/2021,Standard Class,CU-10186,Customer 636,Home Office,United States,Texas,Texas,20337,Central,OFF-BIN-9214,Office Supplies,Binders,Binders model 51,113.73,9,0.0,3.84
2861,US-2023-102861,09/15/2023,09/20/2023,Standard Class,CU-10186,Customer 668,Home Office,United States,North Carolina,North Carolina,40515,South,FUR-FUR-5012,Furniture,Furnishings,Furnishings model 198,6192.87,8,0.1,1300.78
2862,US-2024-102862,11/20/2024,11/22/2024,First Class,CU-10134,Customer 474,Consumer,United States,Texas,Texas,85847,Central,TEC-MAC-9180,Technology,Machines,Machines model 220,10239.57,7,0.0,1973.88
2863,US-2024-102863,12/06/2024,12/10/2024,Second Class,CU-10759,Customer 677,Corporate,United States,New York,New York,94709,East,TEC-ACC-2782,Technology,Accessories,Accessories model 236,3254.55,9,0.4,1038.2
2864,US-2023-102864,11/11/2023,11/17/2023,First Class,CU-10473,Customer 677,Corporate,United States,Oregon,Oregon,28489,West,TEC-ACC-1140,Technology,Accessories,Accessories model 158,547.35,6,0.2,-26.62
2865,US-2022-102865,04/04/2022,04/09/2022,Standard Class,CU-10443,Customer 579,Consumer,United States,California,California,76276,West,OFF-ART-7193,Office Supplies,Art,Art model 151,275.71,3,0.2,16.58
2866,US-2021-102866,07/30/2021,07/31/2021,Standard Class,CU-10408,Customer 80,Home Office,United States,New Jersey,New Jersey,33193,East,TEC-COP-1642,Technology,Copiers,Copiers model 282,536.66,1,0.0,192.24
2867,US-2023-102867,10/22/2023,10/24/2023,Same Day,CU-10093,Customer 74,Consumer,United States,Illinois,Illinois,99270,Central,FUR-BOO-3565,Furniture,Bookcases,Bookcases model 125,373.92,1,0.1,103.4
2868,US-2024-102868,09/13/2024,09/19/2024,Second Class,CU-10481,Customer 135,Home Office,United States,Pennsylvania,Pennsylvania,53393,East,OFF-ART-5581,Office Supplies,Art,Art model 89,186.66,3,0.15,0.71
2869,US-2024-102869,04/07/2024,04/08/2024,Standard Class,CU-10721,Customer 170,Corporate,United States,Oregon,Oregon,57046,West,OFF-BIN-7211,Office Supplies,Binders,Binders model 176,146.99,5,0.2,2.15
2870,US-2023-102870,02/10/2023,02/17/2023,Second Class,CU-10768,Customer 172,Consumer,United States,Pennsylvania,Pennsylvania,84908,East,OFF-STO-7526,Office Supplies,Storage,Storage model 95,99.46,2,0.3,-2.78
2871,US-2022-102871,02/03/2022,02/10/2022,Second Class,CU-10362,Customer 71,Home Office,United States,Massachusetts,Massachusetts,36198,East,OFF-STO-2499,Office Supplies,Storage,Storage model 139,185.28,2,0.15,-16.93
2872,US-2024-102872,03/13/2024,03/14/2024,Standard Class,CU-10021,Customer 69,Corporate,United States,New York,New York,78438,East,TEC-ACC-2442,Technology,Accessories,Accessories model 53,4258.21,7,0.15,1241.82
2873,US-2022-102873,06/01/2022,06/07/2022,Second Class,CU-10528,Customer 560,Corporate,United States,Alabama,Alabama,52175,South,FUR-FUR-6920,Furniture,Furnishings,Furnishings model 248,844.74,1,0.15,124.43
2874,US-2023-102874,11/13/2023,11/14/2023,Standard Class,CU-10160,Customer 126,Consumer,United States,Illinois,Illinois,21606,Central,OFF-LAB-9935,Office Supplies,Labels,Labels model 133,761.58,7,0.3,230.98
2875,US-2021-102875,03/17/2021,03/20/2021,Second Class,CU-10186,Customer 4,Consumer,United States,North Carolina,North Carolina,53944,South,FUR-BOO-8827,Furniture,Bookcases,Bookcases model 173,1614.37,3,0.0,354.22
2876,US-2024-102876,11/22/2024,11/28/2024,Standard Class,CU-10438,Customer 381,Home Office,United States,Ohio,Ohio,15837,Central,OFF-ART-2538,Office Supplies,Art,Art model 211,95.84,1,0.3,12.76
2877,US-2022-102877,12/02/2022,12/04/2022,Standard Class,CU-10001,Customer 718,Corporate,United States,Illinois,Illinois,81068,Central,TEC-MAC-7336,Technology,Machines,Machines model 92,1047.19,6,0.0,-104.67
2878,US-2021-102878,04/25/2021,05/01/2021,Standard Class,CU-10338,Customer 325,Home Office,United States,Illinois,Illinois,46138,Central,TEC-MAC-7521,Technology,Machines,Machines model 214,1503.55,7,0.1,399.0
2879,US-2023-102879,10/25/2023,10/30/2023,Standard Class,CU-10426,Customer 671,Corporate,United States,Massachusetts,Massachusetts,34659,East,OFF-LAB-8515,Office Supplies,Labels,Labels model 243,611.7,6,0.3,76.4
2880,US-2023-102880,08/27/2023,09/01/2023,First Class,CU-10473,Customer 430,Home Office,United States,Illinois,Illinois,28989,Central,OFF-ART-2006,Office Supplies,Art,Art model 288,300.53,6,0.0,21.67
2881,US-2022-102881,08/31/2022,09/07/2022,Second Class,CU-10417,Customer 382,Corporate,United States,California,California,37744,West,OFF-LAB-5762,Office Supplies,Labels,Labels model 106,57.18,5,0.2,17.4
2882,US-2024-102882,01/11/2024,01/18/2024,Standard Class,CU-10075,Customer 738,Home Office,United States,New Jersey,New Jersey,23387,East,OFF-BIN-5221,Office Supplies,Binders,Binders model 9,39.39,6,0.2,6.8
2883,US-2024-102883,10/19/2024,10/21/2024,Standard Class,CU-10625,Customer 591,Home Office,United States,Illinois,Illinois,28655,Central,TEC-ACC-7026,Technology,Accessories,Accessories model 69,7118.35,5,0.3,248.56
2884,US-2023-102884,09/22/2023,09/25/2023,Standard Class,CU-10193,Customer 14,Home Office,United States,New Jersey,New Jersey,94629,East,OFF-LAB-8996,Office Supplies,Labels,Labels model 149,35.59,1,0.0,-3.29
2885,US-2023-102885,01/16/2023,01/18/2023,Same Day,CU-10173,Customer 145,Home Office,United States,New Jersey,New Jersey,83492,East,TEC-COP-6660,Technology,Copiers,Copiers model 217,2317.42,7,0.15,941.28
2886,US-2024-102886,09/19/2024,09/23/2024,First Class,CU-10731,Customer 471,Home Office,United States,Michigan,Michigan,15127,Central,FUR-BOO-2015,Furniture,Bookcases,Bookcases model 185,1169.32,9,0.0,86.51
2887,US-2024-102887,09/19/2024,09/20/2024,Standard Class,CU-10749,Customer 412,Corporate,United States,New York,New York,11805,East,TEC-MAC-4361,Technology,Machines,Machines model 19,5542.3,8,0.0,383.15
2888,US-2022-102888,11/26/2022,12/01/2022,Standard Class,CU-10139,Customer 590,Corporate,United States,Oregon,Oregon,21425,West,OFF-BIN-9678,Office Supplies,Binders,Binders model 92,9.56,1,0.0,1.69
2889,US-2024-102889,08/18/2024,08/25/2024,Same Day,CU-10629,Customer 724,Corporate,United States,New Jersey,New Jersey,95643,East,OFF-ART-2832,Office Supplies,Art,Art model 34,331.41,5,0.1,74.65
2890,US-2024-102890,01/05/2024,01/12/2024,First Class,CU-10260,Customer 722,Consumer,United States,Massachusetts,Massachusetts,29725,East,OFF-ART-6940,Office Supplies,Art,Art model 204,123.41,1,0.2,-1.2
2891,US-2022-102891,03/05/2022,03/10/2022,First Class,CU-10681,Customer 74,Consumer,United States,Florida,Florida,12682,South,OFF-LAB-2586,Office Supplies,Labels,Labels model 105,376.06,5,0.15,-60.28
2892,US-2024-102892,11/01/2024,11/05/2024,Standard Class,CU-10001,Customer 601,Home Office,United States,Georgia,Georgia,49635,South,OFF-BIN-3945,Office Supplies,Binders,Binders model 224,324.95,6,0.0,59.07
2893,US-2021-102893,08/18/2021,08/22/2021,Standard Class,CU-10637,Customer 462,Home Office,United States,North Carolina,North Carolina,26887,South,OFF-BIN-9100,Office Supplies,Binders,Binders model 253,625.97,6,0.15,117.13
2894,US-2024-102894,06/10/2024,06/11/2024,Standard Class,CU-10278,Customer 696,Consumer,United States,Oregon,Oregon,87729,West,OFF-STO-1007,Office Supplies,Storage,Storage model 248,208.84,9,0.0,5.1
2895,US-2021-102895,02/06/2021,02/11/2021,Standard Class,CU-10004,Customer 136,Corporate,United States,Washington,Washington,45131,West,TEC-MAC-6994,Technology,Machines,Machines model 84,504.55,1,0.3,11.46
2896,US-2023-102896,09/21/2023,09/22/2023,Second Class,CU-10040,Customer 21,Consumer,United States,Ohio,Ohio,80666,Central,TEC-COP-6820,Technology,Copiers,Copiers model 19,2463.95,9,0.0,-50.64
2897,US-2023-102897,11/25/2023,11/30/2023,Second Class,CU-10639,Customer 488,Home Office,United States,Alabama,Alabama,62516,South,OFF-STO-6608,Office Supplies,Storage,Storage model 101,699.39,6,0.15,90.71
2898,US-2022-102898,10/18/2022,10/24/2022,Standard Class,CU-10632,Customer 294,Home Office,United States,Michigan,Michigan,63753,Central,TEC-COP-2362,Technology,Copiers,Copiers model 292,1933.28,4,0.1,100.85
2899,US-2023-102899,03/22/2023,03/28/2023,Standard Class,CU-10543,Customer 714,Corporate,United States,Massachusetts,Massachusetts,38691,East,TEC-COP-2945,Technology,Copiers,Copiers model 211,3164.81,6,0.2,1553.29
2900,US-2024-102900,02/24/2024,03/02/2024,Same Day,CU-10191,Customer 540,Corporate,United States,Alabama,Alabama,43191,South,FUR-BOO-6598,Furniture,Bookcases,Bookcases model 213,4027.03,6,0.0,-425.51
2901,US-2022-102901,07/16/2022,07/19/2022,Second Class,CU-10134,Customer 590,Home Office,United States,Georgia,Georgia,64910,South,FUR-FUR-5264,Furniture,Furnishings,Furnishings model 231,1723.8,2,0.0,-217.56
2902,US-2021-102902,01/23/2021,01/27/2021,Standard Class,CU-10064,Customer 325,Home Office,United States,Oregon,Oregon,72915,West,FUR-FUR-5126,Furniture,Furnishings,Furnishings model 214,2082.62,6,0.4,167.01
2903,US-2022-102903,03/04/2022,03/07/2022,Standard Class,CU-10277,Customer 558,Home Office,United States,Nevada,Nevada,63542,West,OFF-BIN-8195,Office Supplies,Binders,Binders model 187,256.81,6,0.2,34.66
2904,US-2023-102904,01/14/2023,01/15/2023,First Class,CU-10110,Customer 43,Home Office,United States,New Jersey,New Jersey,81648,East,OFF-LAB-1269,Office Supplies,Labels,Labels model 214,352.94,6,0.1,2.0
2905,US-2024-102905,05/08/2024,05/09/2024,Standard Class,CU-10429,Customer 156,Home Office,United States,Oregon,Oregon,57312,West,OFF-PAP-7996,Office Supplies,Paper,Paper model 233,318.71,4,0.0,30.66
2906,US-2024-102906,02/05/2024,02/11/2024,Standard Class,CU-10051,Customer 316,Corporate,United States,Illinois,Illinois,82620,Central,FUR-TAB-7010,Furniture,Tables,Tables model 165,554.0,2,0.1,157.18
2907,US-2022-102907,11/13/2022,11/20/2022,Standard Class,CU-10726,Customer 265,Consumer,United States,Washington,Washington,20138,West,OFF-ART-3574,Office Supplies,Art,Art model 227,526.91,4,0.15,-25.11
2908,US-2024-102908,01/21/2024,01/23/2024,Standard Class,CU-10077,Customer 37,Consumer,United States,Pennsylvania,Pennsylvania,26028,East,OFF-STO-3180,Office Supplies,Storage,Storage model 96,319.35,3,0.0,-67.69
2909,US-2023-102909,09/26/2023,09/30/2023,Same Day,CU-10519,Customer 690,Corporate,United States,New Jersey,New Jersey,72380,East,OFF-PAP-2605,Office Supplies,Paper,Paper model 30,899.3,9,0.0,360.07
2910,US-2022-102910,08/16/2022,08/21/2022,First Class,CU-10045,Customer 236,Corporate,United States,Georgia,Georgia,53203,South,OFF-BIN-6190,Office Supplies,Binders,Binders model 239,474.0,8,0.0,97.46
2911,US-2022-102911,12/20/2022,12/24/2022,Standard Class,CU-10078,Customer 334,Consumer,United States,New York,New York,81680,East,OFF-PAP-2266,Office Supplies,Paper,Paper model 284,149.4,1,0.0,23.03
2912,US-2021-102912,08/10/2021,08/13/2021,Standard Class,CU-10501,Customer 80,Home Office,United States,California,California,25417,West,FUR-FUR-5254,Furniture,Furnishings,Furnishings model 291,3292.7,5,0.0,158.19
2913,US-2022-102913,08/22/2022,08/23/2022,Standard Class,CU-10428,Customer 775,Corporate,United States,Massachusetts,Massachusetts,55398,East,FUR-FUR-8846,Furniture,Furnishings,Furnishings model 13,1041.58,2,0.3,286.53
2914,US-2021-102914,11/14/2021,11/15/2021,Standard Class,CU-10234,Customer 375,Consumer,United States,California,California,87846,West,OFF-LAB-4179,Office Supplies,Labels,Labels model 140,1214.18,9,0.1,325.23
2915,US-2022-102915,02/09/2022,02/11/2022,First Class,CU-10153,Customer 780,Corporate,United States,Alabama,Alabama,10218,South,OFF-LAB-6671,Office Supplies,Labels,Labels model 42,72.41,2,0.1,22.07
2916,US-2021-102916,10/11/2021,10/13/2021,Standard Class,CU-10094,Customer 443,Home Office,United States,Texas,Texas,56530,Central,OFF-LAB-5667,Office Supplies,Labels,Labels model 127,1136.88,8,0.1,-230.49
2917,US-2022-102917,05/29/2022,06/03/2022,First Class,CU-10593,Customer 706,Consumer,United States,Michigan,Michigan,73814,Central,FUR-BOO-9310,Furniture,Bookcases,Bookcases model 187,2581.9,6,0.3,172.49
2918,US-2023-102918,12/05/2023,12/11/2023,Second Class,CU-10790,Customer 349,Corporate,United States,New Jersey,New Jersey,61630,East,OFF-BIN-1914,Office Supplies,Binders,Binders model 294,392.23,3,0.4,-90.24
2919,US-2022-102919,03/20/2022,03/22/2022,Standard Class,CU-10455,Customer 408,Corporate,United States,Texas,Texas,69650,Central,TEC-MAC-6726,Technology,Machines,Machines model 60,1659.4,1,0.0,35.92
2920,US-2024-102920,04/19/2024,04/25/2024,Second Class,CU-10129,Customer 308,Consumer,United States,Pennsylvania,Pennsylvania,66396,East,FUR-TAB-8514,Furniture,Tables,Tables model 135,3829.31,5,0.3,-458.35
2921,US-2022-102921,01/18/2022,01/22/2022,Standard Class,CU-10183,Customer 467,Consumer,United States,Massachusetts,Massachusetts,76286,East,OFF-ART-8834,Office Supplies,Art,Art model 144,264.72,2,0.0,98.15
2922,US-2023-102922,10/03/2023,10/08/2023,Standard Class,CU-10302,Customer 588,Consumer,United States,Oregon,Oregon,72611,West,FUR-BOO-4536,Furniture,Bookcases,Bookcases model 134,3530.04,5,0.1,1287.18
2923,US-2021-102923,08/18/2021,08/21/2021,Standard Class,CU-10541,Customer 796,Consumer,United States,Nevada,Nevada,79173,West,FUR-TAB-7889,Furniture,Tables,Tables model 119,1558.47,2,0.0,394.14
2924,US-2022-102924,10/30/2022,11/03/2022,First Class,CU-10217,Customer 510,Home Office,United States,Nevada,Nevada,55470,West,FUR-TAB-2064,Furniture,Tables,Tables model 215,4550.13,6,0.0,-151.97
2925,US-2022-102925,02/27/2022,03/05/2022,Standard Class,CU-10057,Customer 339,Home Office,United States,Washington,Washington,86383,West,TEC-MAC-1997,Technology,Machines,Machines model 40,2028.53,5,0.5,28.01
2926,US-2022-102926,08/26/2022,08/29/2022,Standard Class,CU-10440,Customer 233,Home Office,United States,Pennsylvania,Pennsylvania,33777,East,OFF-ART-4267,Office Supplies,Art,Art model 179,250.75,2,0.15,42.76
2927,US-2022-102927,05/19/2022,05/20/2022,Second Class,CU-10719,Customer 638,Corporate,United States,Georgia,Georgia,76342,South,FUR-FUR-3557,Furniture,Furnishings,Furnishings model 107,2954.61,4,0.3,197.67
2928,US-2024-102928,01/25/2024,01/26/2024,Standard Class,CU-10735,Customer 357,Home Office,United States,Ohio,Ohio,87782,Central,OFF-LAB-7280,Office Supplies,Labels,Labels model 290,215.99,9,0.15,22.38
2929,US-2022-102929,11/18/2022,11/22/2022,Standard Class,CU-10240,Customer 578,Home Office,United States,Washington,Washington,66912,West,OFF-BIN-6131,Office Supplies,Binders,Binders model 110,5.6,1,0.3,0.61
2930,US-2021-102930,04/14/2021,04/20/2021,First Class,CU-10184,Customer 755,Home Office,United States,Illinois,Illinois,36098,Central,TEC-ACC-6008,Technology,Accessories,Accessories model 260,4504.36,4,0.1,865.74
2931,US-2024-102931,04/30/2024,05/03/2024,Second Class,CU-10162,Customer 602,Home Office,United States,Michigan,Michigan,25230,Central,OFF-STO-4000,Office Supplies,Storage,Storage model 220,840.45,8,0.1,96.53
2932,US-2022-102932,12/28/2022,12/29/2022,Standard Class,CU-10747,Customer 758,Consumer,United States,Florida,Florida,11417,South,FUR-FUR-2971,Furniture,Furnishings,Furnishings model 259,1677.57,6,0.1,-81.15
2933,US-2023-102933,01/26/2023,02/02/2023,Second Class,CU-10418,Customer 522,Home Office,United States,Georgia,Georgia,85948,South,FUR-BOO-8263,Furniture,Bookcases,Bookcases model 3,3208.73,6,0.2,20.25
2934,US-2024-102934,10/17/2024,10/19/2024,Standard Class,CU-10108,Customer 385,Home Office,United States,Georgia,Georgia,32698,South,FUR-TAB-9628,Furniture,Tables,Tables model 48,278.95,1,0.15,-11.91
2935,US-2023-102935,11/06/2023,11/11/2023,Standard Class,CU-10748,Customer 472,Corporate,United States,Washington,Washington,54297,West,OFF-PAP-4575,Office Supplies,Paper,Paper model 236,152.34,2,0.1,8.4
2936,US-2022-102936,10/31/2022,11/06/2022,Standard Class,CU-10624,Customer 706,Home Office,United States,Illinois,Illinois,81209,Central,OFF-BIN-2574,Office Supplies,Binders,Binders model 98,592.91,6,0.0,128.32
2937,US-2022-102937,10/20/2022,10/21/2022,First Class,CU-10208,Customer 140,Home Office,United States,North Carolina,North Carolina,55399,South,FUR-BOO-5081,Furniture,Bookcases,Bookcases model 27,2107.8,3,0.3,429.11
2938,US-2023-102938,07/09/2023,07/12/2023,Standard Class,CU-10406,Customer 254,Consumer,United States,Oregon,Oregon,50213,West,OFF-PAP-1371,Office Supplies,Paper,Paper model 168,183.61,7,0.0,50.09
2939,US-2022-102939,07/18/2022,07/25/2022,Second Class,CU-10764,Customer 384,Consumer,United States,New Jersey,New Jersey,10450,East,OFF-ART-5648,Office Supplies,Art,Art model 233,386.05,8,0.2,36.88
2940,US-2024-102940,02/12/2024,02/14/2024,Second Class,CU-10406,Customer 250,Corporate,United States,New York,New York,14526,East,OFF-LAB-1419,Office Supplies,Labels,Labels model 290,379.5,3,0.15,4.68
2941,US-2024-102941,12/04/2024,12/06/2024,Standard Class,CU-10231,Customer 452,Corporate,United States,Oregon,Oregon,54252,West,TEC-COP-5685,Technology,Copiers,Copiers model 38,488.49,5,0.3,22.96
2942,US-2024-102942,02/18/2024,02/23/2024,First Class,CU-10130,Customer 124,Home Office,United States,Washington,Washington,84694,West,TEC-MAC-6783,Technology,Machines,Machines model 182,661.45,3,0.0,142.46
2943,US-2021-102943,12/07/2021,12/09/2021,Second Class,CU-10464,Customer 326,Consumer,United States,New York,New York,64994,East,OFF-PAP-2913,Office Supplies,Paper,Paper model 296,31.58,4,0.0,9.33
2944,US-2023-102944,08/08/2023,08/14/2023,Second Class,CU-10312,Customer 228,Consumer,United States,North Carolina,North Carolina,40212,South,OFF-ART-1464,Office Supplies,Art,Art model 152,415.95,8,0.1,133.77
2945,US-2022-102945,09/21/2022,09/22/2022,Standard Class,CU-10694,Customer 395,Home Office,United States,Massachusetts,Massachusetts,23453,East,OFF-LAB-4791,Office Supplies,Labels,Labels model 188,919.72,7,0.0,75.13
2946,US-2023-102946,06/27/2023,06/28/2023,Second Class,CU-10514,Customer 136,Corporate,United States,Pennsylvania,Pennsylvania,66479,East,OFF-ART-3722,Office Supplies,Art,Art model 145,257.12,2,0.0,137.6
2947,US-2024-102947,08/22/2024,08/26/2024,Standard Class,CU-10099,Customer 728,Corporate,United States,Washington,Washington,20540,West,TEC-COP-9164,Technology,Copiers,Copiers model 103,8156.39,8,0.2,1820.19
2948,US-2024-102948,12/22/2024,12/28/2024,Second Class,CU-10306,Customer 49,Home Office,United States,Florida,Florida,87234,South,OFF-STO-6195,Office Supplies,Storage,Storage model 76,16.44,1,0.15,1.98
2949,US-2023-102949,12/08/2023,12/11/2023,Second Class,CU-10565,Customer 728,Corporate,United States,Georgia,Georgia,46642,South,FUR-BOO-9682,Furniture,Bookcases,Bookcases model 102,1380.75,2,0.3,110.36
2950,US-2022-102950,11/15/2022,11/16/2022,First Class,CU-10498,Customer 791,Consumer,United States,Oregon,Oregon,38320,West,OFF-BIN-7108,Office Supplies,Binders,Binders model 9,68.35,5,0.0,4.73
2951,US-2023-102951,10/01/2023,10/04/2023,Standard Class,CU-10063,Customer 603,Corporate,United States,Nevada,Nevada,96254,West,TEC-COP-3409,Technology,Copiers,Copiers model 167,3258.85,5,0.2,618.74
2952,US-2021-102952,05/16/2021,05/21/2021,First Class,CU-10079,Customer 479,Corporate,United States,New York,New York,41006,East,OFF-BIN-7985,Office Supplies,Binders,Binders model 54,287.3,5,0.5,-32.91
2953,US-2024-102953,08/05/2024,08/07/2024,First Class,CU-10272,Customer 162,Home Office,United States,California,California,99242,West,FUR-FUR-7470,Furniture,Furnishings,Furnishings model 103,5310.28,9,0.1,789.98
2954,US-2024-102954,03/13/2024,03/19/2024,Standard Class,CU-10502,Customer 223,Consumer,United States,New York,New York,20598,East,TEC-PHO-7762,Technology,Phones,Phones model 64,8115.38,9,0.1,-1338.38
2955,US-2022-102955,06/04/2022,06/10/2022,First Class,CU-10082,Customer 775,Home Office,United States,Alabama,Alabama,68862,South,OFF-LAB-5610,Office Supplies,Labels,Labels model 52,69.32,4,0.2,1.18
2956,US-2021-102956,10/10/2021,10/11/2021,Same Day,CU-10320,Customer 372,Home Office,United States,Massachusetts,Massachusetts,20354,East,OFF-LAB-6457,Office Supplies,Labels,Labels model 250,205.39,2,0.3,12.62
2957,US-2022-102957,11/29/2022,12/02/2022,Standard Class,CU-10081,Customer 344,Home Office,United States,California,California,74830,West,TEC-COP-3502,Technology,Copiers,Copiers model 46,2680.56,2,0.1,429.0
2958,US-2023-102958,01/28/2023,02/02/2023,Standard Class,CU-10757,Customer 511,Home Office,United States,Texas,Texas,42616,Central,OFF-LAB-8817,Office Supplies,Labels,Labels model 34,86.91,2,0.5,-5.58
2959,US-2024-102959,09/19/2024,09/20/2024,First Class,CU-10710,Customer 81,Consumer,United States,Florida,Florida,82689,South,OFF-BIN-9678,Office Supplies,Binders,Binders model 233,270.47,5,0.15,33.98
2960,US-2022-102960,01/23/2022,01/27/2022,Standard Class,CU-10770,Customer 196,Consumer,United States,Oregon,Oregon,95321,West,OFF-PAP-7003,Office Supplies,Paper,Paper model 85,36.05,1,0.1,0.23
2961,US-2023-102961,03/31/2023,04/02/2023,Standard Class,CU-10727,Customer 302,Home Office,United States,Ohio,Ohio,41671,Central,FUR-FUR-4619,Furniture,Furnishings,Furnishings model 117,1462.28,2,0.0,280.41
2962,US-2021-102962,02/14/2021,02/20/2021,Second Class,CU-10511,Customer 569,Consumer,United States,Michigan,Michigan,97110,Central,OFF-PAP-1146,Office Supplies,Paper,Paper model 1,119.62,1,0.0,14.87
2963,US-2023-102963,07/25/2023,07/29/2023,Standard Class,CU-10387,Customer 123,Corporate,United States,New York,New York,94473,East,TEC-COP-1744,Technology,Copiers,Copiers model 127,10098.01,8,0.4,400.21
2964,US-2022-102964,12/26/2022,12/28/2022,Standard Class,CU-10581,Customer 11,Home Office,United States,California,California,86407,West,OFF-STO-3112,Office Supplies,Storage,Storage model 20,130.07,6,0.1,37.98
2965,US-2023-102965,04/15/2023,04/20/2023,Standard Class,CU-10628,Customer 547,Corporate,United States,Illinois,Illinois,65392,Central,TEC-MAC-2485,Technology,Machines,Machines model 148,10770.68,8,0.3,357.38
2966,US-2021-102966,06/03/2021,06/05/2021,Standard Class,CU-10411,Customer 631,Home Office,United States,Ohio,Ohio,54939,Central,OFF-BIN-7429,Office Supplies,Binders,Binders model 13,1180.0,9,0.15,151.33
2967,US-2021-102967,01/21/2021,01/28/2021,Standard Class,CU-10606,Customer 701,Corporate,United States,New Jersey,New Jersey,32648,East,OFF-BIN-6457,Office Supplies,Binders,Binders model 248,149.32,2,0.1,9.46
2968,US-2021-102968,02/22/2021,02/24/2021,Standard Class,CU-10630,Customer 55,Consumer,United States,Illinois,Illinois,87362,Central,TEC-PHO-2167,Technology,Phones,Phones model 210,5728.17,4,0.0,-54.91
2969,US-2023-102969,10/25/2023,10/30/2023,Standard Class,CU-10465,Customer 594,Consumer,United States,California,California,99827,West,FUR-TAB-7876,Furniture,Tables,Tables model 257,3082.64,8,0.1,197.32
2970,US-2023-102970,03/01/2023,03/03/2023,Standard Class,CU-10408,Customer 673,Home Office,United States,Alabama,Alabama,76009,South,OFF-ART-3154,Office Supplies,Art,Art model 94,399.56,5,0.2,39.46
2971,US-2023-102971,11/20/2023,11/23/2023,Standard Class,CU-10207,Customer 82,Home Office,United States,Florida,Florida,12643,South,FUR-CHA-8244,Furniture,Chairs,Chairs model 23,373.85,6,0.3,80.62
2972,US-2021-102972,01/25/2021,01/31/2021,Standard Class,CU-10731,Customer 38,Corporate,United States,Pennsylvania,Pennsylvania,53764,East,OFF-STO-6892,Office Supplies,Storage,Storage model 294,19.13,1,0.1,6.16
2973,US-2022-102973,06/09/2022,06/13/2022,Standard Class,CU-10107,Customer 335,Home Office,United States,North Carolina,North Carolina,84758,South,TEC-COP-2621,Technology,Copiers,Copiers model 168,1414.97,1,0.4,-45.28
2974,US-2023-102974,12/12/2023,12/14/2023,First Class,CU-10038,Customer 673,Corporate,United States,Alabama,Alabama,21083,South,FUR-CHA-4490,Furniture,Chairs,Chairs model 197,2131.75,6,0.2,-6.06
2975,US-2024-102975,12/25/2024,12/28/2024,First Class,CU-10769,Customer 788,Corporate,United States,New York,New York,91438,East,FUR-FUR-8048,Furniture,Furnishings,Furnishings model 39,145.96,1,0.0,-3.98
2976,US-2023-102976,12/12/2023,12/18/2023,Standard Class,CU-10031,Customer 73,Home Office,United States,Nevada,Nevada,27040,West,OFF-LAB-9780,Office Supplies,Labels,Labels model 57,1016.5,7,0.0,68.38
2977,US-2023-102977,01/13/2023,01/20/2023,First Class,CU-10390,Customer 700,Home Office,United States,Washington,Washington,39246,West,TEC-MAC-1767,Technology,Machines,Machines model 287,624.27,4,0.1,-60.32
2978,US-2021-102978,06/10/2021,06/16/2021,Same Day,CU-10762,Customer 26,Consumer,United States,Ohio,Ohio,38887,Central,TEC-COP-4046,Technology,Copiers,Copiers model 166,1334.72,5,0.1,240.1
2979,US-2024-102979,07/19/2024,07/23/2024,Standard Class,CU-10507,Customer 646,Home Office,United States,Oregon,Oregon,76920,West,FUR-TAB-3347,Furniture,Tables,Tables model 254,1635.69,2,0.0,170.63
2980,US-2023-102980,12/06/2023,12/13/2023,Second Class,CU-10344,Customer 523,Home Office,United States,California,California,20704,West,OFF-LAB-8149,Office Supplies,Labels,Labels model 295,101.97,3,0.0,-8.94
2981,US-2024-102981,11/19/2024,11/25/2024,Second Class,CU-10302,Customer 545,Corporate,United States,Washington,Washington,95685,West,OFF-ART-7608,Office Supplies,Art,Art model 117,33.9,6,0.0,2.67
2982,US-2023-102982,06/05/2023,06/08/2023,Standard Class,CU-10262,Customer 70,Corporate,United States,Oregon,Oregon,17439,West,TEC-MAC-3466,Technology,Machines,Machines model 286,6427.51,4,0.0,654.51
2983,US-2024-102983,10/01/2024,10/07/2024,Standard Class,CU-10520,Customer 364,Consumer,United States,Alabama,Alabama,79984,South,OFF-LAB-3107,Office Supplies,Labels,Labels model 34,32.52,3,0.0,4.92
2984,US-2022-102984,05/08/2022,05/10/2022,First Class,CU-10251,Customer 150,Consumer,United States,Nevada,Nevada,47958,West,OFF-PAP-6240,Office Supplies,Paper,Paper model 132,74.66,1,0.1,-6.33
2985,US-2024-102985,05/27/2024,06/01/2024,Standard Class,CU-10728,Customer 541,Consumer,United States,North Carolina,North Carolina,94226,South,FUR-FUR-4519,Furniture,Furnishings,Furnishings model 259,3352.67,9,0.4,527.84
2986,US-2021-102986,05/25/2021,05/31/2021,Second Class,CU-10228,Customer 683,Consumer,United States,Washington,Washington,94967,West,OFF-BIN-9053,Office Supplies,Binders,Binders model 31,1188.81,9,0.1,225.85
2987,US-2021-102987,05/12/2021,05/15/2021,Standard Class,CU-10556,Customer 163,Corporate,United States,Pennsylvania,Pennsylvania,33400,East,OFF-ART-2995,Office Supplies,Art,Art model 35,259.26,6,0.2,26.8
2988,US-2023-102988,11/14/2023,11/18/2023,First Class,CU-10109,Customer 141,Corporate,United States,Alabama,Alabama,60070,South,OFF-LAB-6272,Office Supplies,Labels,Labels model 258,450.96,6,0.0,227.83
2989,US-2021-102989,07/02/2021,07/03/2021,Same Day,CU-10491,Customer 600,Consumer,United States,Oregon,Oregon,60013,West,FUR-FUR-2734,Furniture,Furnishings,Furnishings model 99,4135.56,8,0.0,1532.41
2990,US-2022-102990,11/24/2022,11/26/2022,Second Class,CU-10348,Customer 54,Home Office,United States,Texas,Texas,37906,Central,TEC-COP-1786,Technology,Copiers,Copiers model 165,1003.57,1,0.0,79.87
2991,US-2023-102991,05/31/2023,06/04/2023,Standard Class,CU-10401,Customer 736,Corporate,United States,Pennsylvania,Pennsylvania,78415,East,TEC-MAC-7578,Technology,Machines,Machines model 35,7515.55,6,0.0,384.76
2992,US-2023-102992,11/11/2023,11/16/2023,Second Class,CU-10274,Customer 88,Consumer,United States,North Carolina,North Carolina,82402,South,OFF-ART-2067,Office Supplies,Art,Art model 124,664.84,6,0.15,202.56
2993,US-2024-102993,05/28/2024,06/01/2024,Same Day,CU-10106,Customer 275,Corporate,United States,Washington,Washington,40754,West,OFF-BIN-2905,Office Supplies,Binders,Binders model 52,720.38,5,0.1,210.93
2994,US-2022-102994,03/30/2022,04/04/2022,First Class,CU-10614,Customer 727,Corporate,United States,Georgia,Georgia,74274,South,OFF-PAP-3384,Office Supplies,Paper,Paper model 101,651.59,5,0.1,275.93
2995,US-2021-102995,02/19/2021,02/25/2021,Standard Class,CU-10181,Customer 456,Corporate,United States,Florida,Florida,16965,South,FUR-TAB-6156,Furniture,Tables,Tables model 23,1563.56,3,0.2,271.17
2996,US-2022-102996,12/13/2022,12/18/2022,Standard Class,CU-10703,Customer 772,Home Office,United States,Illinois,Illinois,16736,Central,OFF-BIN-9168,Office Supplies,Binders,Binders model 288,757.03,6,0.15,-193.68
2997,US-2024-102997,06/19/2024,06/20/2024,Second Class,CU-10398,Customer 414,Corporate,United States,Alabama,Alabama,49942,South,FUR-CHA-1846,Furniture,Chairs,Chairs model 20,1521.62,2,0.3,103.1
2998,US-2023-102998,01/01/2023,01/04/2023,Standard Class,CU-10642,Customer 693,Home Office,United States,New Jersey,New Jersey,77100,East,OFF-BIN-5286,Office Supplies,Binders,Binders model 216,132.14,1,0.2,39.92
2999,US-2023-102999,01/14/2023,01/15/2023,Standard Class,CU-10025,Customer 167,Corporate,United States,North Carolina,North Carolina,29963,South,FUR-BOO-4711,Furniture,Bookcases,Bookcases model 245,5655.37,8,0.0,682.55
3000,US-2021-103000,10/25/2021,10/28/2021,First Class,CU-10482,Customer 510,Corporate,United States,North Carolina,North Carolina,27626,South,FUR-BOO-1263,Furniture,Bookcases,Bookcases model 26,1736.41,7,0.15,-166.86
3001,US-2023-103001,08/19/2023,08/20/2023,Second Class,CU-10666,Customer 56,Corporate,United States,New York,New York,17909,East,OFF-BIN-2435,Office Supplies,Binders,Binders model 262,407.61,4,0.2,-61.09
3002,US-2023-103002,06/23/2023,06/25/2023,First Class,CU-10795,Customer 66,Corporate,United States,Illinois,Illinois,23500,Central,OFF-PAP-3045,Office Supplies,Paper,Paper model 81,128.91,1,0.15,18.89
3003,US-2022-103003,08/23/2022,08/26/2022,Standard Class,CU-10674,Customer 637,Home Office,United States,Illinois,Illinois,72264,Central,OFF-ART-8958,Office Supplies,Art,Art model 129,53.64,1,0.3,10.64
3004,US-2023-103004,06/04/2023,06/06/2023,First Class,CU-10694,Customer 166,Consumer,United States,New York,New York,14025,East,FUR-FUR-5314,Furniture,Furnishings,Furnishings model 19,5360.96,9,0.0,1550.8
3005,US-2023-103005,01/06/2023,01/08/2023,Same Day,CU-10216,Customer 583,Consumer,United States,Nevada,Nevada,42104,West,OFF-LAB-7329,Office Supplies,Labels,Labels model 96,413.27,4,0.1,48.32
3006,US-2023-103006,01/12/2023,01/14/2023,Second Class,CU-10505,Customer 615,Home Office,United States,Florida,Florida,65563,South,OFF-ART-6208,Office Supplies,Art,Art model 197,448.59,7,0.0,113.66
3007,US-2022-103007,01/06/2022,01/13/2022,Standard Class,CU-10751,Customer 448,Consumer,United States,Oregon,Oregon,92307,West,TEC-COP-9850,Technology,Copiers,Copiers model 202,3687.15,5,0.15,390.31
3008,US-2022-103008,05/26/2022,06/01/2022,Second Class,CU-10091,Customer 382,Home Office,United States,Florida,Florida,42483,South,OFF-STO-5754,Office Supplies,Storage,Storage model 80,541.25,5,0.0,56.25
3009,US-2024-103009,04/21/2024,04/25/2024,Standard Class,CU-10366,Customer 86,Home Office,United States,Michigan,Michigan,69693,Central,OFF-PAP-5709,Office Supplies,Paper,Paper model 179,572.64,4,0.0,85.81
3010,US-2023-103010,04/26/2023,05/01/2023,First Class,CU-10293,Customer 265,Consumer,United States,Massachusetts,Massachusetts,89708,East,FUR-CHA-6836,Furniture,Chairs,Chairs model 78,1006.43,5,0.0,92.66
3011,US-2024-103011,09/16/2024,09/22/2024,First Class,CU-10395,Customer 352,Corporate,United States,Illinois,Illinois,51252,Central,TEC-COP-3303,Technology,Copiers,Copiers model 198,1376.23,5,0.0,372.37
3012,US-2023-103012,08/04/2023,08/07/2023,Standard Class,CU-10352,Customer 306,Home Office,United States,Illinois,Illinois,11041,Central,OFF-ART-4396,Office Supplies,Art,Art model 159,1275.3,9,0.0,323.47
3013,US-2022-103013,08/19/2022,08/25/2022,Standard Class,CU-10146,Customer 4,Consumer,United States,Washington,Washington,96550,West,TEC-PHO-8897,Technology,Phones,Phones model 224,2266.89,2,0.1,370.18
3014,US-2021-103014,12/13/2021,12/20/2021,Second Class,CU-10087,Customer 63,Home Office,United States,North Carolina,North Carolina,17678,South,TEC-COP-8512,Technology,Copiers,Copiers model 277,11979.44,7,0.15,-62.41
3015,US-2023-103015,03/12/2023,03/15/2023,Standard Class,CU-10492,Customer 529,Home Office,United States,Massachusetts,Massachusetts,63543,East,OFF-STO-1188,Office Supplies,Storage,Storage model 124,651.47,8,0.0,260.73
3016,US-2024-103016,03/03/2024,03/09/2024,Standard Class,CU-10560,Customer 403,Corporate,United States,Oregon,Oregon,77203,West,FUR-TAB-2122,Furniture,Tables,Tables model 288,4925.4,8,0.1,848.78
3017,US-2024-103017,09/30/2024,10/04/2024,Standard Class,CU-10197,Customer 771,Corporate,United States,Ohio,Ohio,92404,Central,FUR-FUR-3670,Furniture,Furnishings,Furnishings model 265,2181.04,5,0.5,352.19
3018,US-2021-103018,07/26/2021,07/30/2021,First Class,CU-10031,Customer 188,Corporate,United States,Michigan,Michigan,18711,Central,FUR-CHA-3155,Furniture,Chairs,Chairs model 119,2503.97,9,0.15,-380.15
3019,US-2023-103019,03/03/2023,03/08/2023,Standard Class,CU-10273,Customer 209,Consumer,United States,Oregon,Oregon,81645,West,OFF-STO-1241,Office Supplies,Storage,Storage model 216,62.23,1,0.4,6.66
3020,US-2023-103020,04/04/2023,04/06/2023,Standard Class,CU-10633,Customer 118,Home Office,United States,Georgia,Georgia,96728,South,OFF-LAB-4044,Office Supplies,Labels,Labels model 51,82.21,2,0.15,-11.38
3021,US-2021-103021,01/21/2021,01/25/2021,Standard Class,CU-10022,Customer 28,Home Office,United States,Massachusetts,Massachusetts,14596,East,FUR-FUR-4298,Furniture,Furnishings,Furnishings model 159,2888.69,5,0.1,-612.12
3022,US-2024-103022,06/07/2024,06/14/2024,First Class,CU-10147,Customer 74,Consumer,United States,Alabama,Alabama,77322,South,OFF-ART-1179,Office Supplies,Art,Art model 47,279.33,8,0.3,-52.82
3023,US-2024-103023,09/05/2024,09/08/2024,First Class,CU-10169,Customer 549,Consumer,United States,Texas,Texas,65809,Central,OFF-STO-7336,Office Supplies,Storage,Storage model 48,229.71,3,0.1,15.75
3024,US-2023-103024,03/07/2023,03/09/2023,Standard Class,CU-10315,Customer 775,Home Office,United States,Alabama,Alabama,20960,South,OFF-STO-5691,Office Supplies,Storage,Storage model 24,237.1,9,0.0,76.49
3025,US-2021-103025,01/09/2021,01/14/2021,Second Class,CU-10717,Customer 631,Home Office,United States,Pennsylvania,Pennsylvania,41137,East,TEC-MAC-4507,Technology,Machines,Machines model 30,12619.42,9,0.4,-1513.11
3026,US-2024-103026,05/03/2024,05/08/2024,First Class,CU-10004,Customer 606,Consumer,United States,Georgia,Georgia,84452,South,OFF-BIN-7391,Office Supplies,Binders,Binders model 241,118.04,8,0.2,20.23
3027,US-2022-103027,04/04/2022,04/11/2022,Standard Class,CU-10667,Customer 68,Home Office,United States,Alabama,Alabama,50917,South,OFF-STO-7784,Office Supplies,Storage,Storage model 84,346.11,4,0.1,99.23
3028,US-2024-103028,07/11/2024,07/15/2024,Standard Class,CU-10089,Customer 135,Consumer,United States,Florida,Florida,65984,South,OFF-STO-2946,Office Supplies,Storage,Storage model 97,249.11,6,0.2,26.26
3029,US-2022-103029,06/28/2022,07/03/2022,Standard Class,CU-10632,Customer 274,Consumer,United States,Texas,Texas,52184,Central,TEC-MAC-9803,Technology,Machines,Machines model 23,4735.32,3,0.15,1017.34
3030,US-2022-103030,01/15/2022,01/16/2022,Standard Class,CU-10019,Customer 639,Corporate,United States,New York,New York,28072,East,FUR-CHA-2185,Furniture,Chairs,Chairs model 109,5986.27,7,0.1,-1039.45
3031,US-2022-103031,07/22/2022,07/26/2022,Same Day,CU-10400,Customer 414,Home Office,United States,Texas,Texas,80283,Central,OFF-LAB-1882,Office Supplies,Labels,Labels model 239,1346.61,9,0.0,-151.33
3032,US-2021-103032,03/25/2021,03/30/2021,Second Class,CU-10660,Customer 477,Consumer,United States,Pennsylvania,Pennsylvania,14693,East,OFF-STO-7219,Office Supplies,Storage,Storage model 76,330.41,4,0.0,24.29
3033,US-2023-103033,02/18/2023,02/23/2023,Standard Class,CU-10306,Customer 164,Corporate,United States,Florida,Florida,83628,South,OFF-BIN-7062,Office Supplies,Binders,Binders model 155,286.04,9,0.1,143.16
3034,US-2022-103034,05/21/2022,05/24/2022,Standard Class,CU-10086,Customer 253,Home Office,United States,Nevada,Nevada,58329,West,TEC-MAC-2694,Technology,Machines,Machines model 220,13101.71,9,0.0,2425.06
3035,US-2023-103035,01/23/2023,01/28/2023,Same Day,CU-10645,Customer 688,Corporate,United States,Oregon,Oregon,88041,West,OFF-ART-6014,Office Supplies,Art,Art model 164,182.32,6,0.1,37.92
3036,US-2021-103036,06/22/2021,06/28/2021,First Class,CU-10625,Customer 129,Consumer,United States,Nevada,Nevada,16346,West,FUR-CHA-6732,Furniture,Chairs,Chairs model 70,397.83,7,0.0,58.91
3037,US-2023-103037,09/06/2023,09/11/2023,Standard Class,CU-10662,Customer 343,Corporate,United States,New Jersey,New Jersey,46496,East,TEC-COP-4520,Technology,Copiers,Copiers model 68,1072.16,3,0.1,-91.57
3038,US-2022-103038,08/19/2022,08/21/2022,Standard Class,CU-10629,Customer 697,Corporate,United States,New York,New York,21964,East,OFF-STO-5134,Office Supplies,Storage,Storage model 130,866.58,9,0.15,301.01
3039,US-2023-103039,05/14/2023,05/18/2023,Second Class,CU-10421,Customer 700,Home Office,United States,Georgia,Georgia,76188,South,FUR-BOO-3669,Furniture,Bookcases,Bookcases model 186,476.75,1,0.2,101.71
3040,US-2022-103040,11/27/2022,11/28/2022,Standard Class,CU-10288,Customer 139,Home Office,United States,Oregon,Oregon,57986,West,OFF-ART-9020,Office Supplies,Art,Art model 88,668.79,9,0.4,-185.87
3041,US-2022-103041,04/24/2022,04/27/2022,Standard Class,CU-10718,Customer 68,Corporate,United States,Oregon,Oregon,72470,West,OFF-LAB-1104,Office Supplies,Labels,Labels model 15,438.05,3,0.0,38.0
3042,US-2023-103042,12/02/2023,12/09/2023,First Class,CU-10036,Customer 44,Home Office,United States,Oregon,Oregon,74737,West,TEC-PHO-9644,Technology,Phones,Phones model 115,1740.05,1,0.1,-135.95
3043,US-2021-103043,11/23/2021,11/26/2021,Standard Class,CU-10445,Customer 200,Corporate,United States,North Carolina,North Carolina,46544,South,OFF-ART-4811,Office Supplies,Art,Art model 189,443.32,6,0.0,122.23
3044,US-2023-103044,06/25/2023,07/01/2023,Second Class,CU-10089,Customer 182,Corporate,United States,Alabama,Alabama,34126,South,OFF-BIN-2386,Office Supplies,Binders,Binders model 240,636.55,7,0.2,243.99
3045,US-2022-103045,12/04/2022,12/10/2022,Standard Class,CU-10607,Customer 24,Home Office,United States,California,California,41447,West,OFF-STO-8075,Office Supplies,Storage,Storage model 32,38.36,1,0.2,5.09
3046,US-2021-103046,06/08/2021,06/13/2021,Standard Class,CU-10362,Customer 611,Consumer,United States,North Carolina,North Carolina,93955,South,OFF-BIN-7592,Office Supplies,Binders,Binders model 150,290.79,8,0.3,67.9
3047,US-2022-103047,03/07/2022,03/13/2022,Second Class,CU-10523,Customer 441,Consumer,United States,Alabama,Alabama,97021,South,OFF-LAB-5130,Office Supplies,Labels,Labels model 76,359.63,4,0.0,-58.34
3048,US-2021-103048,02/11/2021,02/12/2021,Standard Class,CU-10415,Customer 159,Home Office,United States,New York,New York,78236,East,OFF-LAB-8314,Office Supplies,Labels,Labels model 81,694.39,5,0.2,245.89
3049,US-2022-103049,06/13/2022,06/16/2022,Standard Class,CU-10767,Customer 482,Home Office,United States,Georgia,Georgia,27193,South,FUR-BOO-1204,Furniture,Bookcases,Bookcases model 41,739.01,2,0.3,-3.7
3050,US-2024-103050,12/17/2024,12/22/2024,First Class,CU-10537,Customer 783,Consumer,United States,New Jersey,New Jersey,42522,East,FUR-FUR-8986,Furniture,Furnishings,Furnishings model 243,3239.57,8,0.4,-12.71
3051,US-2023-103051,01/31/2023,02/07/2023,Standard Class,CU-10317,Customer 785,Corporate,United States,Massachusetts,Massachusetts,23754,East,OFF-BIN-5191,Office Supplies,Binders,Binders model 28,567.03,5,0.0,81.83
3052,US-2024-103052,12/24/2024,12/31/2024,Standard Class,CU-10795,Customer 766,Corporate,United States,Michigan,Michigan,57369,Central,TEC-COP-6673,Technology,Copiers,Copiers model 160,845.4,4,0.15,216.94
3053,US-2024-103053,09/27/2024,09/30/2024,Standard Class,CU-10769,Customer 443,Corporate,United States,California,California,35499,West,OFF-LAB-4722,Office Supplies,Labels,Labels model 49,118.13,2,0.1,30.52
3054,US-2023-103054,02/15/2023,02/16/2023,First Class,CU-10705,Customer 249,Home Office,United States,Massachusetts,Massachusetts,21923,East,TEC-MAC-8265,Technology,Machines,Machines model 284,6539.16,6,0.2,1049.98
3055,US-2024-103055,12/09/2024,12/12/2024,First Class,CU-10364,Customer 337,Corporate,United States,Oregon,Oregon,80926,West,OFF-PAP-3615,Office Supplies,Paper,Paper model 9,247.3,2,0.1,22.41
3056,US-2024-103056,02/28/2024,03/06/2024,First Class,CU-10076,Customer 497,Consumer,United States,Alabama,Alabama,99227,South,OFF-BIN-7303,Office Supplies,Binders,Binders model 37,429.36,5,0.1,111.35
3057,US-2024-103057,06/05/2024,06/09/2024,Standard Class,CU-10005,Customer 344,Corporate,United States,New Jersey,New Jersey,16132,East,OFF-LAB-1187,Office Supplies,Labels,Labels model 61,199.46,9,0.15,3.23
3058,US-2024-103058,09/30/2024,10/03/2024,First Class,CU-10088,Customer 225,Home Office,United States,Nevada,Nevada,98889,West,TEC-MAC-7105,Technology,Machines,Machines model 44,3202.5,5,0.2,757.34
3059,US-2023-103059,01/23/2023,01/27/2023,Standard Class,CU-10298,Customer 109,Home Office,United States,California,California,25608,West,FUR-TAB-4534,Furniture,Tables,Tables model 76,5634.37,7,0.0,1991.94
3060,US-2023-103060,10/28/2023,10/29/2023,Standard Class,CU-10640,Customer 490,Corporate,United States,Illinois,Illinois,26054,Central,OFF-BIN-4117,Office Supplies,Binders,Binders model 173,719.23,6,0.1,-133.66
3061,US-2023-103061,11/05/2023,11/12/2023,Standard Class,CU-10372,Customer 481,Home Office,United States,Texas,Texas,29204,Central,TEC-MAC-8131,Technology,Machines,Machines model 194,449.58,2,0.0,163.03
3062,US-2024-103062,04/15/2024,04/21/2024,Standard Class,CU-10476,Customer 541,Home Office,United States,North Carolina,North Carolina,40149,South,TEC-MAC-7819,Technology,Machines,Machines model 267,6030.4,5,0.15,856.93
3063,US-2024-103063,08/05/2024,08/06/2024,Second Class,CU-10773,Customer 587,Consumer,United States,California,California,40909,West,TEC-ACC-5373,Technology,Accessories,Accessories model 262,1182.74,1,0.3,-43.04
3064,US-2023-103064,01/06/2023,01/08/2023,Standard Class,CU-10670,Customer 583,Home Office,United States,New Jersey,New Jersey,92500,East,FUR-FUR-4943,Furniture,Furnishings,Furnishings model 42,3087.59,8,0.0,1227.02
3065,US-2022-103065,06/01/2022,06/06/2022,Second Class,CU-10439,Customer 221,Corporate,United States,Georgia,Georgia,82840,South,TEC-COP-2431,Technology,Copiers,Copiers model 220,6377.12,4,0.15,-5.3
3066,US-2023-103066,12/14/2023,12/16/2023,Standard Class,CU-10082,Customer 750,Home Office,United States,California,California,21758,West,OFF-ART-7380,Office Supplies,Art,Art model 74,375.43,5,0.15,92.7
3067,US-2024-103067,07/19/2024,07/21/2024,Same Day,CU-10119,Customer 23,Home Office,United States,Alabama,Alabama,76882,South,FUR-CHA-8182,Furniture,Chairs,Chairs model 241,5135.92,8,0.1,780.94
3068,US-2024-103068,04/21/2024,04/27/2024,Standard Class,CU-10096,Customer 637,Consumer,United States,Ohio,Ohio,16672,Central,FUR-CHA-9876,Furniture,Chairs,Chairs model 124,2460.73,6,0.1,299.33
3069,US-2022-103069,07/01/2022,07/08/2022,Standard Class,CU-10761,Customer 462,Home Office,United States,Florida,Florida,77747,South,OFF-LAB-6126,Office Supplies,Labels,Labels model 251,395.71,6,0.0,199.69
3070,US-2023-103070,01/20/2023,01/25/2023,First Class,CU-10508,Customer 686,Corporate,United States,Oregon,Oregon,39410,West,OFF-STO-2707,Office Supplies,Storage,Storage model 126,370.11,9,0.0,91.38
3071,US-2024-103071,10/19/2024,10/26/2024,Standard Class,CU-10639,Customer 310,Consumer,United States,Alabama,Alabama,98051,South,TEC-PHO-2057,Technology,Phones,Phones model 196,1743.73,3,0.0,542.88
3072,US-2021-103072,01/31/2021,02/02/2021,Standard Class,CU-10231,Customer 63,Corporate,United States,Washington,Washington,22954,West,OFF-STO-7155,Office Supplies,Storage,Storage model 165,692.17,6,0.3,111.38
3073,US-2022-103073,10/31/2022,11/04/2022,Second Class,CU-10063,Customer 636,Corporate,United States,Pennsylvania,Pennsylvania,24265,East,TEC-PHO-5815,Technology,Phones,Phones model 131,1695.5,1,0.0,267.52
3074,US-2023-103074,02/13/2023,02/14/2023,Standard Class,CU-10257,Customer 507,Home Office,United States,North Carolina,North Carolina,17775,South,OFF-LAB-7417,Office Supplies,Labels,Labels model 145,429.1,7,0.0,106.69
3075,US-2022-103075,03/18/2022,03/22/2022,Standard Class,CU-10494,Customer 110,Consumer,United States,Florida,Florida,63627,South,OFF-LAB-9575,Office Supplies,Labels,Labels model 128,52.58,1,0.2,-5.21
3076,US-2021-103076,06/13/2021,06/20/2021,Standard Class,CU-10492,Customer 496,Home Office,United States,Michigan,Michigan,12297,Central,OFF-BIN-8126,Office Supplies,Binders,Binders model 219,794.05,7,0.1,4.87
3077,US-2022-103077,01/13/2022,01/15/2022,Standard Class,CU-10510,Customer 30,Corporate,United States,Illinois,Illinois,29082,Central,FUR-FUR-6092,Furniture,Furnishings,Furnishings model 82,482.04,5,0.0,65.19
3078,US-2022-103078,04/30/2022,05/05/2022,First Class,CU-10088,Customer 253,Corporate,United States,Washington,Washington,85764,West,TEC-PHO-1040,Technology,Phones,Phones model 223,425.17,1,0.4,1.8
3079,US-2024-103079,05/01/2024,05/07/2024,First Class,CU-10420,Customer 5,Corporate,United States,Georgia,Georgia,68790,South,TEC-MAC-2548,Technology,Machines,Machines model 180,176.46,1,0.0,27.71
3080,US-2024-103080,01/14/2024,01/20/2024,Standard Class,CU-10248,Customer 314,Corporate,United States,New Jersey,New Jersey,13798,East,OFF-ART-4404,Office Supplies,Art,Art model 225,63.58,3,0.1,3.19
3081,US-2022-103081,07/15/2022,07/20/2022,First Class,CU-10681,Customer 390,Consumer,United States,Pennsylvania,Pennsylvania,61180,East,TEC-MAC-7460,Technology,Machines,Machines model 67,3436.48,8,0.3,-165.62
3082,US-2021-103082,05/13/2021,05/18/2021,Standard Class,CU-10683,Customer 169,Consumer,United States,Washington,Washington,75241,West,FUR-TAB-7834,Furniture,Tables,Tables model 121,1633.95,5,0.0,449.94
3083,US-2024-103083,01/19/2024,01/22/2024,Second Class,CU-10517,Customer 792,Corporate,United States,Florida,Florida,93923,South,OFF-BIN-2510,Office Supplies,Binders,Binders model 291,915.44,8,0.0,159.05
3084,US-2023-103084,09/23/2023,09/27/2023,Standard Class,CU-10091,Customer 644,Home Office,United States,Pennsylvania,Pennsylvania,53350,East,OFF-ART-9534,Office Supplies,Art,Art model 108,1304.68,9,0.0,82.91
3085,US-2021-103085,03/19/2021,03/25/2021,Standard Class,CU-10634,Customer 546,Consumer,United States,Pennsylvania,Pennsylvania,90242,East,FUR-FUR-9245,Furniture,Furnishings,Furnishings model 45,3693.51,7,0.1,1028.4
3086,US-2023-103086,03/21/2023,03/26/2023,Standard Class,CU-10279,Customer 484,Corporate,United States,Illinois,Illinois,59262,Central,OFF-ART-7651,Office Supplies,Art,Art model 55,31.59,5,0.0,1.79
3087,US-2021-103087,03/16/2021,03/22/2021,Second Class,CU-10253,Customer 396,Consumer,United States,Illinois,Illinois,28084,Central,OFF-BIN-3772,Office Supplies,Binders,Binders model 293,467.38,7,0.0,41.43
3088,US-2023-103088,04/07/2023,04/09/2023,Standard Class,CU-10610,Customer 213,Home Office,United States,Michigan,Michigan,93454,Central,TEC-MAC-4023,Technology,Machines,Machines model 10,1263.84,8,0.3,500.55
3089,US-2024-103089,04/13/2024,04/17/2024,Same Day,CU-10652,Customer 534,Consumer,United States,Massachusetts,Massachusetts,76294,East,TEC-ACC-7969,Technology,Accessories,Accessories model 99,6746.93,6,0.5,-65.01
3090,US-2022-103090,11/19/2022,11/21/2022,Standard Class,CU-10209,Customer 37,Corporate,United States,Nevada,Nevada,71311,West,FUR-TAB-8676,Furniture,Tables,Tables model 252,682.03,1,0.0,60.27
3091,US-2022-103091,01/10/2022,01/15/2022,Second Class,CU-10741,Customer 23,Corporate,United States,Massachusetts,Massachusetts,86967,East,OFF-PAP-4238,Office Supplies,Paper,Paper model 73,408.25,5,0.0,53.3
3092,US-2024-103092,09/24/2024,10/01/2024,Same Day,CU-10028,Customer 206,Home Office,United States,Ohio,Ohio,70488,Central,TEC-PHO-2680,Technology,Phones,Phones model 129,7410.23,5,0.0,1698.22
3093,US-2022-103093,07/12/2022,07/13/2022,Standard Class,CU-10258,Customer 21,Home Office,United States,Oregon,Oregon,46554,West,OFF-BIN-4413,Office Supplies,Binders,Binders model 181,421.25,4,0.15,118.55
3094,US-2021-103094,08/25/2021,09/01/2021,Second Class,CU-10359,Customer 528,Corporate,United States,Florida,Florida,16900,South,OFF-ART-3379,Office Supplies,Art,Art model 255,19.99,1,0.0,4.35
3095,US-2021-103095,07/10/2021,07/13/2021,Second Class,CU-10600,Customer 548,Corporate,United States,California,California,16655,West,FUR-FUR-9630,Furniture,Furnishings,Furnishings model 191,1268.19,5,0.15,104.87
3096,US-2023-103096,05/22/2023,05/27/2023,Standard Class,CU-10633,Customer 518,Corporate,United States,Massachusetts,Massachusetts,41400,East,FUR-BOO-5264,Furniture,Bookcases,Bookcases model 189,679.35,2,0.1,-113.75
3097,US-2023-103097,02/10/2023,02/15/2023,Standard Class,CU-10625,Customer 463,Corporate,United States,Pennsylvania,Pennsylvania,16372,East,TEC-COP-1547,Technology,Copiers,Copiers model 177,9870.7,7,0.0,-17.96
3098,US-2022-103098,02/12/2022,02/13/2022,Second Class,CU-10709,Customer 789,Home Office,United States,Florida,Florida,33745,South,OFF-BIN-6801,Office Supplies,Binders,Binders model 137,962.97,9,0.15,172.72
3099,US-2021-103099,03/28/2021,03/31/2021,Standard Class,CU-10203,Customer 242,Corporate,United States,Texas,Texas,64186,Central,FUR-FUR-5866,Furniture,Furnishings,Furnishings model 246,1531.05,3,0.0,86.75
3100,US-2021-103100,10/17/2021,10/23/2021,Standard Class,CU-10517,Customer 568,Home Office,United States,Ohio,Ohio,61883,Central,TEC-PHO-5308,Technology,Phones,Phones model 47,6678.79,6,0.1,1000.57
3101,US-2023-103101,12/05/2023,12/08/2023,Standard Class,CU-10546,Customer 256,Corporate,United States,Massachusetts,Massachusetts,50138,East,OFF-BIN-5656,Office Supplies,Binders,Binders model 42,427.38,4,0.0,137.76
3102,US-2021-103102,07/03/2021,07/08/2021,Standard Class,CU-10009,Customer 69,Corporate,United States,Georgia,Georgia,86490,South,TEC-ACC-4193,Technology,Accessories,Accessories model 175,1918.57,2,0.0,524.69
3103,US-2022-103103,05/17/2022,05/23/2022,Standard Class,CU-10706,Customer 375,Home Office,United States,Illinois,Illinois,36233,Central,FUR-BOO-9269,Furniture,Bookcases,Bookcases model 208,1578.54,5,0.1,524.49
3104,US-2022-103104,08/03/2022,08/08/2022,Standard Class,CU-10787,Customer 301,Corporate,United States,Georgia,Georgia,36294,South,OFF-BIN-2802,Office Supplies,Binders,Binders model 136,165.16,2,0.15,36.91
3105,US-2023-103105,09/30/2023,10/02/2023,Standard Class,CU-10055,Customer 78,Consumer,United States,Nevada,Nevada,91540,West,TEC-ACC-9309,Technology,Accessories,Accessories model 50,6004.36,6,0.0,-28.32
3106,US-2023-103106,10/13/2023,10/15/2023,First Class,CU-10477,Customer 195,Corporate,United States,California,California,77591,West,OFF-LAB-2558,Office Supplies,Labels,Labels model 86,406.38,9,0.1,55.23
3107,US-2021-103107,10/23/2021,10/26/2021,Second Class,CU-10522,Customer 479,Corporate,United States,New Jersey,New Jersey,54082,East,OFF-STO-8260,Office Supplies,Storage,Storage model 9,64.5,1,0.4,-1.4
3108,US-2021-103108,12/17/2021,12/22/2021,Standard Class,CU-10150,Customer 114,Consumer,United States,California,California,48391,West,OFF-PAP-8807,Office Supplies,Paper,Paper model 211,465.79,8,0.0,63.75
3109,US-2023-103109,02/26/2023,02/27/2023,Standard Class,CU-10261,Customer 754,Corporate,United States,Nevada,Nevada,79523,West,FUR-CHA-4166,Furniture,Chairs,Chairs model 206,672.69,1,0.0,159.32
3110,US-2022-103110,09/25/2022,09/30/2022,Second Class,CU-10285,Customer 781,Corporate,United States,Florida,Florida,34262,South,OFF-ART-2755,Office Supplies,Art,Art model 44,167.16,5,0.0,45.12
3111,US-2021-103111,10/29/2021,11/03/2021,Standard Class,CU-10566,Customer 769,Corporate,United States,New York,New York,92927,East,OFF-ART-4856,Office Supplies,Art,Art model 111,443.49,7,0.1,-80.04
3112,US-2021-103112,10/05/2021,10/06/2021,Second Class,CU-10478,Customer 646,Home Office,United States,Oregon,Oregon,59889,West,TEC-ACC-6926,Technology,Accessories,Accessories model 86,1381.44,1,0.15,50.37
3113,US-2022-103113,07/14/2022,07/19/2022,Second Class,CU-10014,Customer 459,Home Office,United States,Nevada,Nevada,76742,West,OFF-STO-6669,Office Supplies,Storage,Storage model 140,146.4,2,0.0,6.51
3114,US-2021-103114,05/05/2021,05/06/2021,Standard Class,CU-10330,Customer 155,Consumer,United States,Oregon,Oregon,48790,West,OFF-STO-3644,Office Supplies,Storage,Storage model 118,246.98,5,0.15,86.14
3115,US-2023-103115,12/04/2023,12/05/2023,Same Day,CU-10184,Customer 695,Home Office,United States,New York,New York,42819,East,TEC-COP-6650,Technology,Copiers,Copiers model 26,10388.71,7,0.4,-2175.3
3116,US-2021-103116,05/06/2021,05/11/2021,Standard Class,CU-10656,Customer 165,Consumer,United States,New Jersey,New Jersey,82058,East,TEC-ACC-3318,Technology,Accessories,Accessories model 277,9386.93,7,0.1,2301.1
3117,US-2021-103117,09/22/2021,09/24/2021,Standard Class,CU-10463,Customer 163,Consumer,United States,Nevada,Nevada,56692,West,TEC-ACC-6484,Technology,Accessories,Accessories model 21,723.0,8,0.5,-80.15
3118,US-2021-103118,05/16/2021,05/21/2021,Same Day,CU-10629,Customer 111,Corporate,United States,North Carolina,North Carolina,83595,South,TEC-MAC-3861,Technology,Machines,Machines model 255,7496.97,5,0.15,699.15
3119,US-2023-103119,07/26/2023,07/30/2023,Standard Class,CU-10563,Customer 395,Consumer,United States,Texas,Texas,46748,Central,FUR-FUR-2044,Furniture,Furnishings,Furnishings model 177,398.75,1,0.0,215.85
3120,US-2021-103120,11/01/2021,11/08/2021,Same Day,CU-10740,Customer 475,Consumer,United States,Nevada,Nevada,25387,West,OFF-STO-2847,Office Supplies,Storage,Storage model 82,240.64,3,0.15,86.97
3121,US-2021-103121,09/01/2021,09/02/2021,Standard Class,CU-10565,Customer 725,Home Office,United States,Alabama,Alabama,55836,South,OFF-LAB-2283,Office Supplies,Labels,Labels model 15,352.99,6,0.0,56.15
3122,US-2021-103122,12/23/2021,12/24/2021,First Class,CU-10550,Customer 719,Consumer,United States,Pennsylvania,Pennsylvania,73123,East,OFF-LAB-7080,Office Supplies,Labels,Labels model 109,259.61,4,0.4,42.51
3123,US-2021-103123,06/09/2021,06/15/2021,Standard Class,CU-10229,Customer 253,Consumer,United States,Nevada,Nevada,48727,West,OFF-STO-1437,Office Supplies,Storage,Storage model 140,115.17,1,0.4,-12.43
3124,US-2023-103124,12/04/2023,12/07/2023,Standard Class,CU-10104,Customer 706,Consumer,United States,Massachusetts,Massachusetts,84882,East,OFF-PAP-3355,Office Supplies,Paper,Paper model 11,595.69,7,0.0,-27.17
3125,US-2022-103125,02/17/2022,02/23/2022,First Class,CU-10579,Customer 378,Consumer,United States,Michigan,Michigan,17528,Central,OFF-PAP-6887,Office Supplies,Paper,Paper model 206,1000.89,9,0.0,296.94
3126,US-2024-103126,11/18/2024,11/20/2024,Standard Class,CU-10155,Customer 407,Home Office,United States,Massachusetts,Massachusetts,76724,East,OFF-STO-4577,Office Supplies,Storage,Storage model 188,855.42,9,0.1,236.78
3127,US-2022-103127,05/29/2022,06/02/2022,Standard Class,CU-10612,Customer 684,Home Office,United States,North Carolina,North Carolina,20939,South,OFF-STO-9210,Office Supplies,Storage,Storage model 249,210.5,2,0.2,33.66
3128,US-2022-103128,09/07/2022,09/14/2022,Standard Class,CU-10445,Customer 60,Home Office,United States,North Carolina,North Carolina,41246,South,OFF-LAB-7730,Office Supplies,Labels,Labels model 18,37.74,3,0.15,-3.08
3129,US-2022-103129,12/26/2022,12/30/2022,Second Class,CU-10583,Customer 424,Consumer,United States,Oregon,Oregon,37219,West,TEC-ACC-1268,Technology,Accessories,Accessories model 165,4807.18,8,0.1,188.91
3130,US-2023-103130,11/09/2023,11/13/2023,Standard Class,CU-10481,Customer 394,Consumer,United States,Nevada,Nevada,13047,West,OFF-ART-4248,Office Supplies,Art,Art model 94,109.29,1,0.3,0.87
3131,US-2021-103131,07/14/2021,07/15/2021,First Class,CU-10739,Customer 400,Consumer,United States,Georgia,Georgia,48592,South,FUR-BOO-9258,Furniture,Bookcases,Bookcases model 136,644.23,1,0.15,100.47
3132,US-2021-103132,08/22/2021,08/28/2021,First Class,CU-10415,Customer 107,Home Office,United States,Nevada,Nevada,69101,West,OFF-PAP-8937,Office Supplies,Paper,Paper model 207,1174.54,9,0.3,391.37
3133,US-2021-103133,10/29/2021,11/05/2021,Second Class,CU-10449,Customer 445,Corporate,United States,California,California,20173,West,FUR-TAB-4458,Furniture,Tables,Tables model 135,4460.3,8,0.1,103.31
3134,US-2023-103134,11/03/2023,11/04/2023,Standard Class,CU-10166,Customer 681,Home Office,United States,Illinois,Illinois,10176,Central,OFF-STO-8776,Office Supplies,Storage,Storage model 101,320.6,4,0.15,34.61
3135,US-2022-103135,04/29/2022,05/03/2022,Second Class,CU-10606,Customer 527,Consumer,United States,Nevada,Nevada,11087,West,TEC-PHO-1401,Technology,Phones,Phones model 260,4330.06,4,0.0,-78.89
3136,US-2023-103136,07/27/2023,08/02/2023,Standard Class,CU-10044,Customer 440,Home Office,United States,Alabama,Alabama,73974,South,OFF-ART-8883,Office Supplies,Art,Art model 168,155.8,5,0.0,4.0
3137,US-2024-103137,09/09/2024,09/16/2024,Standard Class,CU-10645,Customer 429,Consumer,United States,Ohio,Ohio,88833,Central,TEC-COP-4373,Technology,Copiers,Copiers model 116,4626.7,6,0.0,669.41
3138,US-2023-103138,03/28/2023,04/04/2023,Standard Class,CU-10359,Customer 347,Consumer,United States,Alabama,Alabama,67384,South,OFF-BIN-8967,Office Supplies,Binders,Binders model 159,218.99,4,0.15,-6.2
3139,US-2021-103139,02/26/2021,03/04/2021,Standard Class,CU-10284,Customer 757,Corporate,United States,Michigan,Michigan,97598,Central,FUR-TAB-2774,Furniture,Tables,Tables model 173,513.46,9,0.2,123.15
3140,US-2024-103140,08/10/2024,08/17/2024,First Class,CU-10352,Customer 486,Home Office,United States,Illinois,Illinois,13030,Central,FUR-TAB-7572,Furniture,Tables,Tables model 161,531.33,9,0.0,115.98
3141,US-2023-103141,08/24/2023,08/31/2023,Standard Class,CU-10320,Customer 704,Consumer,United States,Georgia,Georgia,44458,South,TEC-COP-2084,Technology,Copiers,Copiers model 59,286.67,1,0.0,31.13
3142,US-2024-103142,01/13/2024,01/17/2024,Standard Class,CU-10204,Customer 736,Corporate,United States,Texas,Texas,46224,Central,FUR-FUR-7724,Furniture,Furnishings,Furnishings model 271,1785.83,4,0.15,147.13
3143,US-2023-103143,04/07/2023,04/13/2023,Standard Class,CU-10641,Customer 250,Corporate,United States,Nevada,Nevada,71406,West,TEC-PHO-3271,Technology,Phones,Phones model 109,1187.93,7,0.1,24.33
3144,US-2021-103144,09/23/2021,09/27/2021,Standard Class,CU-10195,Customer 291,Home Office,United States,Texas,Texas,88484,Central,OFF-LAB-7392,Office Supplies,Labels,Labels model 180,169.88,4,0.0,-5.48
3145,US-2024-103145,02/17/2024,02/22/2024,Standard Class,CU-10284,Customer 720,Consumer,United States,New York,New York,44402,East,OFF-PAP-9401,Office Supplies,Paper,Paper model 10,597.74,5,0.15,6.54
3146,US-2024-103146,10/29/2024,11/01/2024,Same Day,CU-10284,Customer 651,Corporate,United States,Nevada,Nevada,99018,West,OFF-PAP-8178,Office Supplies,Paper,Paper model 39,511.01,5,0.0,-90.27
3147,US-2024-103147,10/05/2024,10/06/2024,Standard Class,CU-10696,Customer 603,Corporate,United States,Pennsylvania,Pennsylvania,80559,East,OFF-LAB-5582,Office Supplies,Labels,Labels model 82,789.66,7,0.15,164.02
3148,US-2021-103148,07/29/2021,07/30/2021,Standard Class,CU-10666,Customer 303,Home Office,United States,California,California,33333,West,OFF-LAB-9398,Office Supplies,Labels,Labels model 158,463.54,4,0.15,68.09
3149,US-2023-103149,12/25/2023,01/01/2024,Second Class,CU-10095,Customer 666,Consumer,United States,Oregon,Oregon,33521,West,TEC-PHO-2061,Technology,Phones,Phones model 26,7326.41,8,0.1,-249.33
3150,US-2023-103150,07/16/2023,07/21/2023,First Class,CU-10179,Customer 31,Consumer,United States,Oregon,Oregon,92678,West,OFF-PAP-7151,Office Supplies,Paper,Paper model 106,442.52,8,0.0,119.3
3151,US-2023-103151,02/18/2023,02/25/2023,Standard Class,CU-10006,Customer 209,Corporate,United States,Illinois,Illinois,17102,Central,OFF-ART-8064,Office Supplies,Art,Art model 87,20.48,1,0.3,0.62
3152,US-2022-103152,02/13/2022,02/19/2022,Standard Class,CU-10505,Customer 330,Home Office,United States,Oregon,Oregon,41385,West,FUR-TAB-9205,Furniture,Tables,Tables model 159,6199.18,7,0.0,1857.16
3153,US-2022-103153,03/21/2022,03/22/2022,Standard Class,CU-10575,Customer 737,Home Office,United States,New Jersey,New Jersey,37905,East,OFF-STO-2658,Office Supplies,Storage,Storage model 167,64.02,8,0.5,-8.65
3154,US-2023-103154,11/03/2023,11/05/2023,Standard Class,CU-10437,Customer 146,Consumer,United States,Oregon,Oregon,80806,West,OFF-ART-3222,Office Supplies,Art,Art model 175,259.91,3,0.3,12.24
3155,US-2021-103155,10/02/2021,10/06/2021,Second Class,CU-10623,Customer 224,Consumer,United States,California,California,52569,West,OFF-LAB-4627,Office Supplies,Labels,Labels model 6,344.13,6,0.1,79.66
3156,US-2023-103156,12/01/2023,12/06/2023,Standard Class,CU-10478,Customer 499,Consumer,United States,North Carolina,North Carolina,63717,South,TEC-PHO-7314,Technology,Phones,Phones model 46,9652.75,8,0.0,3426.1
3157,US-2022-103157,12/06/2022,12/08/2022,Same Day,CU-10398,Customer 700,Consumer,United States,Texas,Texas,17795,Central,OFF-STO-8390,Office Supplies,Storage,Storage model 46,254.0,3,0.0,11.88
3158,US-2023-103158,03/10/2023,03/16/2023,Standard Class,CU-10335,Customer 112,Consumer,United States,Florida,Florida,60772,South,OFF-ART-1791,Office Supplies,Art,Art model 197,916.94,8,0.5,-130.1
3159,US-2023-103159,09/21/2023,09/24/2023,Standard Class,CU-10656,Customer 168,Corporate,United States,Massachusetts,Massachusetts,81418,East,OFF-ART-7330,Office Supplies,Art,Art model 251,754.42,8,0.2,20.98
3160,US-2021-103160,07/31/2021,08/01/2021,Standard Class,CU-10642,Customer 314,Consumer,United States,California,California,89172,West,FUR-CHA-2382,Furniture,Chairs,Chairs model 25,1196.81,4,0.0,394.79
3161,US-2023-103161,02/24/2023,03/01/2023,Standard Class,CU-10199,Customer 628,Corporate,United States,Michigan,Michigan,45087,Central,OFF-ART-2068,Office Supplies,Art,Art model 39,170.85,2,0.0,29.44
3162,US-2021-103162,10/16/2021,10/17/2021,First Class,CU-10646,Customer 517,Consumer,United States,California,California,31481,West,FUR-BOO-1050,Furniture,Bookcases,Bookcases model 10,2534.21,3,0.0,259.24
3163,US-2023-103163,11/28/2023,12/03/2023,Standard Class,CU-10099,Customer 786,Corporate,United States,Georgia,Georgia,37730,South,FUR-CHA-3227,Furniture,Chairs,Chairs model 37,358.7,3,0.0,66.84
3164,US-2023-103164,09/26/2023,10/02/2023,Second Class,CU-10038,Customer 67,Consumer,United States,Florida,Florida,57903,South,OFF-BIN-9071,Office Supplies,Binders,Binders model 251,351.62,7,0.3,41.46
3165,US-2021-103165,03/17/2021,03/22/2021,First Class,CU-10436,Customer 624,Corporate,United States,Illinois,Illinois,82297,Central,FUR-BOO-6905,Furniture,Bookcases,Bookcases model 54,3171.22,6,0.15,-235.83
3166,US-2021-103166,02/23/2021,02/28/2021,Standard Class,CU-10254,Customer 492,Corporate,United States,Oregon,Oregon,97118,West,TEC-PHO-5260,Technology,Phones,Phones model 140,1150.23,2,0.0,53.77
3167,US-2024-103167,11/23/2024,11/28/2024,Standard Class,CU-10543,Customer 718,Home Office,United States,Ohio,Ohio,98441,Central,TEC-PHO-3346,Technology,Phones,Phones model 264,1065.15,1,0.3,63.62
3168,US-2023-103168,11/27/2023,12/01/2023,Second Class,CU-10078,Customer 583,Home Office,United States,Michigan,Michigan,63707,Central,TEC-COP-9740,Technology,Copiers,Copiers model 81,210.86,2,0.4,36.25
3169,US-2024-103169,01/18/2024,01/19/2024,Standard Class,CU-10650,Customer 541,Home Office,United States,Oregon,Oregon,97520,West,OFF-ART-1269,Office Supplies,Art,Art model 287,53.15,1,0.5,-2.2
3170,US-2023-103170,06/11/2023,06/12/2023,Standard Class,CU-10603,Customer 590,Home Office,United States,Texas,Texas,78134,Central,TEC-COP-1676,Technology,Copiers,Copiers model 36,775.64,7,0.15,-23.66
3171,US-2022-103171,02/05/2022,02/11/2022,Standard Class,CU-10712,Customer 650,Consumer,United States,Florida,Florida,72997,South,TEC-COP-2992,Technology,Copiers,Copiers model 18,8622.53,6,0.3,2434.3
3172,US-2022-103172,07/06/2022,07/08/2022,First Class,CU-10587,Customer 17,Consumer,United States,Alabama,Alabama,13413,South,OFF-PAP-8796,Office Supplies,Paper,Paper model 85,566.43,7,0.1,118.3
3173,US-2022-103173,01/11/2022,01/15/2022,Standard Class,CU-10196,Customer 518,Consumer,United States,North Carolina,North Carolina,35421,South,TEC-PHO-4657,Technology,Phones,Phones model 188,10284.65,8,0.0,3300.79
3174,US-2022-103174,06/05/2022,06/07/2022,Standard Class,CU-10427,Customer 520,Home Office,United States,Illinois,Illinois,15456,Central,OFF-STO-4523,Office Supplies,Storage,Storage model 122,5.36,1,0.0,2.2
3175,US-2023-103175,08/10/2023,08/13/2023,Standard Class,CU-10736,Customer 220,Corporate,United States,North Carolina,North Carolina,83538,South,TEC-PHO-4627,Technology,Phones,Phones model 169,9009.04,7,0.15,1879.33
3176,US-2022-103176,10/06/2022,10/09/2022,First Class,CU-10339,Customer 517,Corporate,United States,Massachusetts,Massachusetts,92257,East,OFF-STO-9266,Office Supplies,Storage,Storage model 131,593.4,6,0.4,-41.0
3177,US-2024-103177,04/14/2024,04/15/2024,First Class,CU-10050,Customer 631,Home Office,United States,Massachusetts,Massachusetts,87500,East,FUR-CHA-2317,Furniture,Chairs,Chairs model 235,209.81,1,0.0,60.4
3178,US-2022-103178,11/23/2022,11/26/2022,Standard Class,CU-10227,Customer 42,Home Office,United States,Alabama,Alabama,69853,South,OFF-BIN-3704,Office Supplies,Binders,Binders model 92,597.88,8,0.0,177.52
3179,US-2023-103179,06/19/2023,06/26/2023,Second Class,CU-10235,Customer 717,Consumer,United States,Massachusetts,Massachusetts,66707,East,FUR-TAB-7788,Furniture,Tables,Tables model 19,3353.15,4,0.0,1109.98
3180,US-2021-103180,03/31/2021,04/03/2021,Second Class,CU-10386,Customer 570,Consumer,United States,Pennsylvania,Pennsylvania,82526,East,OFF-STO-7846,Office Supplies,Storage,Storage model 158,351.22,4,0.3,-20.72
3181,US-2021-103181,12/31/2021,01/06/2022,Standard Class,CU-10695,Customer 74,Consumer,United States,Massachusetts,Massachusetts,86422,East,OFF-PAP-4746,Office Supplies,Paper,Paper model 243,496.49,4,0.1,33.04
3182,US-2022-103182,12/25/2022,12/31/2022,Second Class,CU-10604,Customer 459,Corporate,United States,New York,New York,42815,East,FUR-FUR-4021,Furniture,Furnishings,Furnishings model 77,1353.2,2,0.0,68.85
3183,US-2023-103183,04/19/2023,04/26/2023,Same Day,CU-10380,Customer 649,Consumer,United States,Washington,Washington,46921,West,OFF-LAB-3530,Office Supplies,Labels,Labels model 250,929.46,8,0.1,-28.95
3184,US-2024-103184,01/25/2024,01/31/2024,Standard Class,CU-10061,Customer 296,Home Office,United States,Massachusetts,Massachusetts,51971,East,OFF-PAP-9514,Office Supplies,Paper,Paper model 80,310.8,9,0.1,-50.03
3185,US-2023-103185,06/03/2023,06/05/2023,Standard Class,CU-10037,Customer 533,Corporate,United States,Florida,Florida,45179,South,OFF-LAB-2384,Office Supplies,Labels,Labels model 264,41.36,1,0.2,-0.24
3186,US-2021-103186,03/15/2021,03/16/2021,Standard Class,CU-10266,Customer 788,Consumer,United States,Texas,Texas,70256,Central,TEC-ACC-7614,Technology,Accessories,Accessories model 165,3371.74,7,0.15,-621.92
3187,US-2024-103187,06/14/2024,06/19/2024,Second Class,CU-10121,Customer 6,Corporate,United States,Ohio,Ohio,48928,Central,OFF-STO-5935,Office Supplies,Storage,Storage model 198,83.85,7,0.1,-3.45
3188,US-2023-103188,12/31/2023,01/01/2024,First Class,CU-10654,Customer 166,Consumer,United States,Pennsylvania,Pennsylvania,49797,East,FUR-CHA-8247,Furniture,Chairs,Chairs model 264,4380.76,5,0.0,580.09
3189,US-2024-103189,03/24/2024,03/25/2024,Same Day,CU-10545,Customer 120,Corporate,United States,Washington,Washington,19861,West,OFF-STO-5425,Office Supplies,Storage,Storage model 228,63.64,8,0.1,17.57
3190,US-2023-103190,01/03/2023,01/10/2023,Second Class,CU-10657,Customer 281,Corporate,United States,Ohio,Ohio,94663,Central,FUR-FUR-9595,Furniture,Furnishings,Furnishings model 127,3965.73,7,0.0,-50.09
3191,US-2023-103191,06/07/2023,06/09/2023,First Class,CU-10639,Customer 317,Corporate,United States,Alabama,Alabama,31565,South,FUR-FUR-3823,Furniture,Furnishings,Furnishings model 17,3691.97,6,0.0,929.12
3192,US-2024-103192,01/27/2024,01/31/2024,Standard Class,CU-10400,Customer 647,Consumer,United States,Oregon,Oregon,22084,West,OFF-ART-4016,Office Supplies,Art,Art model 245,949.47,9,0.0,-40.59
3193,US-2024-103193,06/11/2024,06/15/2024,Standard Class,CU-10569,Customer 52,Corporate,United States,Massachusetts,Massachusetts,66279,East,TEC-MAC-1142,Technology,Machines,Machines model 58,2438.06,2,0.0,342.23
3194,US-2024-103194,01/04/2024,01/07/2024,Same Day,CU-10261,Customer 485,Consumer,United States,Illinois,Illinois,59151,Central,OFF-PAP-5685,Office Supplies,Paper,Paper model 22,295.63,6,0.1,58.85
3195,US-2023-103195,12/09/2023,12/12/2023,Standard Class,CU-10049,Customer 671,Home Office,United States,Nevada,Nevada,43202,West,TEC-PHO-2027,Technology,Phones,Phones model 238,13533.93,9,0.1,4140.86
3196,US-2021-103196,09/17/2021,09/21/2021,Standard Class,CU-10172,Customer 326,Home Office,United States,Texas,Texas,64542,Central,OFF-STO-8114,Office Supplies,Storage,Storage model 110,72.44,1,0.4,-36.07
3197,US-2024-103197,10/18/2024,10/19/2024,Second Class,CU-10707,Customer 726,Home Office,United States,California,California,83070,West,FUR-TAB-7723,Furniture,Tables,Tables model 106,1579.48,2,0.0,118.27
3198,US-2021-103198,03/13/2021,03/16/2021,Standard Class,CU-10564,Customer 572,Corporate,United States,Illinois,Illinois,25052,Central,OFF-PAP-8871,Office Supplies,Paper,Paper model 28,150.97,6,0.3,31.34
3199,US-2022-103199,11/26/2022,11/30/2022,Standard Class,CU-10361,Customer 47,Consumer,United States,Georgia,Georgia,44379,South,TEC-MAC-3915,Technology,Machines,Machines model 201,5074.4,8,0.5,-1622.69
3200,US-2023-103200,10/27/2023,11/03/2023,Standard Class,CU-10409,Customer 593,Consumer,United States,Massachusetts,Massachusetts,73896,East,OFF-ART-2712,Office Supplies,Art,Art model 5,44.21,8,0.4,-6.87
3201,US-2021-103201,04/19/2021,04/20/2021,First Class,CU-10493,Customer 67,Consumer,United States,Illinois,Illinois,95142,Central,OFF-PAP-7811,Office Supplies,Paper,Paper model 247,137.69,3,0.1,61.15
3202,US-2024-103202,05/22/2024,05/28/2024,Standard Class,CU-10225,Customer 509,Home Office,United States,Oregon,Oregon,13917,West,TEC-PHO-1233,Technology,Phones,Phones model 166,4335.73,9,0.5,218.02
3203,US-2023-103203,06/21/2023,06/28/2023,Standard Class,CU-10303,Customer 22,Home Office,United States,North Carolina,North Carolina,88073,South,FUR-TAB-8884,Furniture,Tables,Tables model 101,164.59,1,0.1,-1.23
3204,US-2024-103204,11/01/2024,11/08/2024,Standard Class,CU-10328,Customer 102,Consumer,United States,Georgia,Georgia,98849,South,OFF-ART-5862,Office Supplies,Art,Art model 289,139.48,1,0.15,31.56
3205,US-2024-103205,06/22/2024,06/27/2024,First Class,CU-10059,Customer 155,Consumer,United States,Alabama,Alabama,97707,South,OFF-LAB-1170,Office Supplies,Labels,Labels model 127,220.41,2,0.1,28.21
3206,US-2024-103206,10/20/2024,10/25/2024,Standard Class,CU-10755,Customer 128,Home Office,United States,California,California,75361,West,OFF-LAB-8920,Office Supplies,Labels,Labels model 73,458.51,5,0.1,37.18
3207,US-2021-103207,07/05/2021,07/06/2021,Second Class,CU-10359,Customer 94,Corporate,United States,Ohio,Ohio,79967,Central,OFF-STO-4289,Office Supplies,Storage,Storage model 229,443.97,4,0.1,161.5
3208,US-2024-103208,03/01/2024,03/02/2024,Standard Class,CU-10155,Customer 67,Consumer,United States,New Jersey,New Jersey,33389,East,OFF-PAP-6248,Office Supplies,Paper,Paper model 24,784.46,6,0.1,325.09
3209,US-2021-103209,09/24/2021,09/30/2021,Standard Class,CU-10484,Customer 28,Corporate,United States,Ohio,Ohio,83959,Central,OFF-ART-6219,Office Supplies,Art,Art model 14,472.75,5,0.0,117.02
3210,US-2022-103210,06/15/2022,06/17/2022,Standard Class,CU-10657,Customer 438,Corporate,United States,Georgia,Georgia,26221,South,OFF-STO-6934,Office Supplies,Storage,Storage model 152,109.34,3,0.4,-3.28
3211,US-2024-103211,07/20/2024,07/27/2024,Second Class,CU-10281,Customer 795,Home Office,United States,Georgia,Georgia,46112,South,OFF-BIN-9202,Office Supplies,Binders,Binders model 6,56.48,1,0.15,1.64
3212,US-2023-103212,03/27/2023,04/01/2023,Standard Class,CU-10468,Customer 97,Home Office,United States,Ohio,Ohio,94993,Central,OFF-BIN-4807,Office Supplies,Binders,Binders model 204,762.84,9,0.3,90.26
3213,US-2022-103213,04/14/2022,04/21/2022,Standard Class,CU-10523,Customer 199,Consumer,United States,Illinois,Illinois,90722,Central,FUR-TAB-5389,Furniture,Tables,Tables model 209,6363.28,8,0.0,1236.33
3214,US-2021-103214,10/21/2021,10/26/2021,Standard Class,CU-10424,Customer 572,Home Office,United States,Pennsylvania,Pennsylvania,82264,East,OFF-PAP-8846,Office Supplies,Paper,Paper model 35,241.25,6,0.0,66.65
3215,US-2022-103215,04/14/2022,04/20/2022,Standard Class,CU-10623,Customer 598,Home Office,United States,Georgia,Georgia,84121,South,OFF-STO-6233,Office Supplies,Storage,Storage model 295,183.85,4,0.0,-6.98
3216,US-2022-103216,12/05/2022,12/07/2022,Standard Class,CU-10763,Customer 511,Corporate,United States,New Jersey,New Jersey,49018,East,TEC-MAC-4300,Technology,Machines,Machines model 32,322.42,3,0.15,68.37
3217,US-2024-103217,12/05/2024,12/10/2024,Standard Class,CU-10048,Customer 355,Corporate,United States,Texas,Texas,25404,Central,FUR-FUR-5189,Furniture,Furnishings,Furnishings model 285,4648.81,8,0.4,287.39
3218,US-2023-103218,12/18/2023,12/21/2023,Standard Class,CU-10127,Customer 747,Corporate,United States,Massachusetts,Massachusetts,94373,East,FUR-BOO-8350,Furniture,Bookcases,Bookcases model 237,651.32,2,0.1,59.5
3219,US-2024-103219,03/27/2024,03/28/2024,First Class,CU-10654,Customer 47,Corporate,United States,Nevada,Nevada,46654,West,OFF-ART-6642,Office Supplies,Art,Art model 54,936.31,8,0.0,258.12
3220,US-2023-103220,01/15/2023,01/20/2023,First Class,CU-10530,Customer 720,Home Office,United States,Michigan,Michigan,12066,Central,OFF-PAP-8092,Office Supplies,Paper,Paper model 151,382.48,9,0.2,102.46
3221,US-2022-103221,03/24/2022,03/25/2022,Standard Class,CU-10725,Customer 729,Consumer,United States,California,California,19317,West,FUR-TAB-3398,Furniture,Tables,Tables model 271,3019.38,4,0.3,-337.29
3222,US-2022-103222,01/22/2022,01/26/2022,Standard Class,CU-10078,Customer 4,Home Office,United States,Florida,Florida,28349,South,OFF-ART-5533,Office Supplies,Art,Art model 284,179.05,2,0.1,36.81
3223,US-2021-103223,05/14/2021,05/19/2021,Standard Class,CU-10624,Customer 187,Consumer,United States,Texas,Texas,40374,Central,FUR-BOO-6794,Furniture,Bookcases,Bookcases model 90,5713.78,7,0.0,2258.98
3224,US-2024-103224,03/03/2024,03/08/2024,First Class,CU-10376,Customer 278,Corporate,United States,Washington,Washington,64248,West,OFF-ART-5696,Office Supplies,Art,Art model 200,732.41,7,0.0,110.34
3225,US-2021-103225,03/22/2021,03/26/2021,Standard Class,CU-10185,Customer 583,Consumer,United States,Oregon,Oregon,53001,West,FUR-CHA-4403,Furniture,Chairs,Chairs model 63,557.87,1,0.4,82.26
3226,US-2024-103226,07/24/2024,07/31/2024,Standard Class,CU-10538,Customer 78,Consumer,United States,Nevada,Nevada,49724,West,OFF-STO-6516,Office Supplies,Storage,Storage model 247,309.47,8,0.1,37.6
3227,US-2021-103227,01/14/2021,01/15/2021,Standard Class,CU-10255,Customer 660,Consumer,United States,California,California,55030,West,FUR-TAB-4023,Furniture,Tables,Tables model 272,3453.55,5,0.2,-1293.92
3228,US-2024-103228,08/28/2024,09/01/2024,Second Class,CU-10283,Customer 94,Corporate,United States,Nevada,Nevada,54821,West,OFF-BIN-4656,Office Supplies,Binders,Binders model 134,126.61,1,0.15,27.74
3229,US-2023-103229,06/19/2023,06/25/2023,First Class,CU-10479,Customer 255,Consumer,United States,Alabama,Alabama,39534,South,TEC-COP-6945,Technology,Copiers,Copiers model 230,2591.0,3,0.0,146.96
3230,US-2024-103230,09/03/2024,09/09/2024,Standard Class,CU-10137,Customer 773,Consumer,United States,North Carolina,North Carolina,52343,South,TEC-MAC-3082,Technology,Machines,Machines model 89,2888.77,6,0.0,812.57
3231,US-2023-103231,10/28/2023,11/03/2023,Second Class,CU-10649,Customer 287,Home Office,United States,Washington,Washington,98649,West,OFF-PAP-4876,Office Supplies,Paper,Paper model 179,788.02,6,0.1,-1.04
3232,US-2023-103232,02/07/2023,02/10/2023,Standard Class,CU-10673,Customer 517,Corporate,United States,Ohio,Ohio,77971,Central,FUR-BOO-4309,Furniture,Bookcases,Bookcases model 277,443.76,5,0.15,33.72
3233,US-2023-103233,11/14/2023,11/17/2023,Second Class,CU-10723,Customer 208,Consumer,United States,North Carolina,North Carolina,22733,South,OFF-BIN-1202,Office Supplies,Binders,Binders model 227,242.57,2,0.0,51.07
3234,US-2022-103234,12/31/2022,01/01/2023,Second Class,CU-10619,Customer 245,Home Office,United States,New York,New York,56177,East,OFF-ART-2708,Office Supplies,Art,Art model 246,214.18,3,0.3,15.84
3235,US-2023-103235,01/13/2023,01/20/2023,First Class,CU-10720,Customer 663,Consumer,United States,Washington,Washington,36022,West,FUR-CHA-1895,Furniture,Chairs,Chairs model 155,2277.22,8,0.0,682.02
3236,US-2021-103236,08/31/2021,09/07/2021,Standard Class,CU-10647,Customer 149,Consumer,United States,Ohio,Ohio,85532,Central,OFF-BIN-5212,Office Supplies,Binders,Binders model 114,136.51,4,0.0,77.06
3237,US-2021-103237,07/13/2021,07/18/2021,Standard Class,CU-10770,Customer 285,Corporate,United States,Washington,Washington,74966,West,FUR-FUR-8711,Furniture,Furnishings,Furnishings model 80,4822.56,8,0.0,-7.6
3238,US-2021-103238,05/01/2021,05/07/2021,Standard Class,CU-10421,Customer 493,Home Office,United States,Georgia,Georgia,96415,South,OFF-STO-6869,Office Supplies,Storage,Storage model 182,28.44,1,0.0,5.22
3239,US-2023-103239,12/02/2023,12/04/2023,Standard Class,CU-10484,Customer 606,Corporate,United States,Florida,Florida,90669,South,OFF-BIN-2148,Office Supplies,Binders,Binders model 254,486.21,9,0.1,-53.67
3240,US-2023-103240,07/29/2023,07/30/2023,First Class,CU-10014,Customer 675,Consumer,United States,Alabama,Alabama,82257,South,FUR-FUR-3605,Furniture,Furnishings,Furnishings model 230,909.51,6,0.1,252.14
3241,US-2024-103241,08/24/2024,08/29/2024,Standard Class,CU-10490,Customer 568,Consumer,United States,Washington,Washington,98483,West,TEC-COP-8683,Technology,Copiers,Copiers model 162,1694.2,1,0.0,251.09
3242,US-2022-103242,03/19/2022,03/24/2022,First Class,CU-10124,Customer 771,Corporate,United States,Massachusetts,Massachusetts,26235,East,OFF-ART-6603,Office Supplies,Art,Art model 276,268.56,4,0.1,-8.28
3243,US-2023-103243,05/11/2023,05/13/2023,Second Class,CU-10586,Customer 102,Home Office,United States,Michigan,Michigan,26457,Central,FUR-TAB-6447,Furniture,Tables,Tables model 124,1533.26,2,0.2,31.58
3244,US-2023-103244,11/14/2023,11/19/2023,First Class,CU-10434,Customer 793,Home Office,United States,Massachusetts,Massachusetts,66420,East,FUR-BOO-7284,Furniture,Bookcases,Bookcases model 80,1427.03,7,0.3,69.65
3245,US-2023-103245,09/30/2023,10/02/2023,Second Class,CU-10536,Customer 543,Consumer,United States,New York,New York,12939,East,FUR-FUR-3528,Furniture,Furnishings,Furnishings model 267,3263.01,5,0.2,632.15
3246,US-2023-103246,08/22/2023,08/27/2023,Second Class,CU-10130,Customer 618,Home Office,United States,New Jersey,New Jersey,45571,East,FUR-CHA-3663,Furniture,Chairs,Chairs model 275,3608.66,7,0.0,1718.56
3247,US-2021-103247,03/04/2021,03/10/2021,Standard Class,CU-10717,Customer 220,Corporate,United States,Michigan,Michigan,66279,Central,OFF-ART-9904,Office Supplies,Art,Art model 40,660.97,5,0.3,23.85
3248,US-2021-103248,02/24/2021,02/26/2021,First Class,CU-10770,Customer 513,Home Office,United States,Ohio,Ohio,37799,Central,OFF-LAB-1889,Office Supplies,Labels,Labels model 72,421.78,4,0.1,-17.49
3249,US-2021-103249,08/16/2021,08/22/2021,Standard Class,CU-10739,Customer 286,Home Office,United States,Texas,Texas,35718,Central,OFF-STO-8835,Office Supplies,Storage,Storage model 270,55.66,5,0.2,9.35
3250,US-2023-103250,10/11/2023,10/12/2023,Standard Class,CU-10086,Customer 137,Corporate,United States,Oregon,Oregon,18984,West,OFF-STO-8285,Office Supplies,Storage,Storage model 32,313.6,3,0.15,26.3
3251,US-2021-103251,12/02/2021,12/08/2021,Standard Class,CU-10293,Customer 217,Consumer,United States,Massachusetts,Massachusetts,23359,East,FUR-BOO-8896,Furniture,Bookcases,Bookcases model 237,225.32,1,0.0,19.07
3252,US-2024-103252,12/25/2024,12/26/2024,Standard Class,CU-10440,Customer 709,Home Office,United States,California,California,50147,West,FUR-CHA-9973,Furniture,Chairs,Chairs model 85,662.91,4,0.3,10.23
3253,US-2021-103253,10/28/2021,11/03/2021,Standard Class,CU-10163,Customer 720,Home Office,United States,Georgia,Georgia,74186,South,TEC-ACC-6016,Technology,Accessories,Accessories model 170,11330.36,8,0.15,2774.79
3254,US-2021-103254,07/14/2021,07/18/2021,Standard Class,CU-10041,Customer 501,Consumer,United States,North Carolina,North Carolina,97088,South,FUR-TAB-1453,Furniture,Tables,Tables model 146,1159.36,6,0.0,220.81
3255,US-2024-103255,08/27/2024,08/28/2024,Second Class,CU-10300,Customer 550,Corporate,United States,Massachusetts,Massachusetts,40440,East,FUR-CHA-9964,Furniture,Chairs,Chairs model 283,1588.29,2,0.15,-247.55
3256,US-2024-103256,07/16/2024,07/23/2024,Standard Class,CU-10765,Customer 85,Home Office,United States,Pennsylvania,Pennsylvania,32066,East,TEC-MAC-2436,Technology,Machines,Machines model 228,2162.06,6,0.3,169.13
3257,US-2023-103257,07/22/2023,07/28/2023,Standard Class,CU-10267,Customer 407,Home Office,United States,Washington,Washington,21948,West,TEC-COP-1021,Technology,Copiers,Copiers model 13,7058.26,9,0.0,62.16
3258,US-2021-103258,06/07/2021,06/11/2021,First Class,CU-10716,Customer 487,Home Office,United States,Georgia,Georgia,89364,South,FUR-TAB-1155,Furniture,Tables,Tables model 136,3248.93,6,0.1,1067.5
3259,US-2024-103259,10/07/2024,10/14/2024,Standard Class,CU-10796,Customer 723,Consumer,United States,Florida,Florida,44951,South,TEC-ACC-1455,Technology,Accessories,Accessories model 4,1351.45,8,0.0,326.35
3260,US-2024-103260,02/07/2024,02/10/2024,Same Day,CU-10451,Customer 401,Consumer,United States,California,California,91315,West,OFF-PAP-2812,Office Supplies,Paper,Paper model 163,5.49,1,0.0,0.02
3261,US-2024-103261,08/02/2024,08/03/2024,Second Class,CU-10441,Customer 412,Consumer,United States,Nevada,Nevada,97971,West,TEC-PHO-8684,Technology,Phones,Phones model 30,5445.83,4,0.0,1632.26
3262,US-2022-103262,06/04/2022,06/05/2022,Second Class,CU-10579,Customer 664,Home Office,United States,Michigan,Michigan,20543,Central,OFF-STO-7078,Office Supplies,Storage,Storage model 103,980.73,8,0.15,172.53
3263,US-2024-103263,07/10/2024,07/11/2024,Standard Class,CU-10027,Customer 570,Corporate,United States,North Carolina,North Carolina,47371,South,OFF-STO-6380,Office Supplies,Storage,Storage model 231,20.93,2,0.0,5.05
3264,US-2022-103264,08/27/2022,08/31/2022,Standard Class,CU-10202,Customer 389,Consumer,United States,Massachusetts,Massachusetts,23386,East,FUR-TAB-4624,Furniture,Tables,Tables model 24,1407.5,3,0.4,172.09
3265,US-2024-103265,02/03/2024,02/10/2024,Standard Class,CU-10691,Customer 429,Home Office,United States,Florida,Florida,65679,South,OFF-LAB-3040,Office Supplies,Labels,Labels model 271,1005.28,8,0.3,-54.06
3266,US-2023-103266,10/28/2023,10/30/2023,Standard Class,CU-10648,Customer 68,Corporate,United States,Alabama,Alabama,44259,South,FUR-BOO-5954,Furniture,Bookcases,Bookcases model 250,241.15,2,0.3,-44.99
3267,US-2021-103267,03/10/2021,03/15/2021,First Class,CU-10744,Customer 33,Home Office,United States,California,California,17002,West,TEC-ACC-7281,Technology,Accessories,Accessories model 78,1595.63,1,0.2,69.61
3268,US-2024-103268,03/15/2024,03/18/2024,Standard Class,CU-10496,Customer 137,Home Office,United States,Michigan,Michigan,55368,Central,TEC-COP-2382,Technology,Copiers,Copiers model 53,1854.43,2,0.5,168.13
3269,US-2023-103269,02/11/2023,02/18/2023,Second Class,CU-10582,Customer 119,Consumer,United States,New Jersey,New Jersey,14244,East,OFF-LAB-7885,Office Supplies,Labels,Labels model 62,161.09,2,0.1,-14.34
3270,US-2023-103270,01/25/2023,01/31/2023,Second Class,CU-10335,Customer 253,Home Office,United States,Pennsylvania,Pennsylvania,15599,East,OFF-LAB-1100,Office Supplies,Labels,Labels model 85,8.59,1,0.1,1.96
3271,US-2024-103271,09/01/2024,09/06/2024,Standard Class,CU-10568,Customer 344,Consumer,United States,New York,New York,33954,East,OFF-LAB-5663,Office Supplies,Labels,Labels model 106,44.71,2,0.3,1.91
3272,US-2024-103272,05/23/2024,05/25/2024,Standard Class,CU-10022,Customer 305,Consumer,United States,Florida,Florida,95218,South,FUR-FUR-4343,Furniture,Furnishings,Furnishings model 209,5268.25,7,0.1,-777.88
3273,US-2022-103273,04/03/2022,04/09/2022,First Class,CU-10041,Customer 619,Home Office,United States,Oregon,Oregon,18623,West,OFF-STO-4752,Office Supplies,Storage,Storage model 51,339.29,4,0.0,29.78
3274,US-2021-103274,06/13/2021,06/20/2021,First Class,CU-10698,Customer 482,Consumer,United States,Michigan,Michigan,75630,Central,OFF-ART-3257,Office Supplies,Art,Art model 219,46.69,2,0.3,6.6
3275,US-2024-103275,06/10/2024,06/14/2024,First Class,CU-10795,Customer 697,Corporate,United States,Texas,Texas,50847,Central,TEC-PHO-5975,Technology,Phones,Phones model 142,8521.84,8,0.0,2117.76
3276,US-2021-103276,11/16/2021,11/20/2021,First Class,CU-10355,Customer 55,Home Office,United States,New Jersey,New Jersey,25383,East,TEC-COP-5571,Technology,Copiers,Copiers model 32,4808.03,3,0.15,417.73
3277,US-2023-103277,08/02/2023,08/05/2023,Standard Class,CU-10627,Customer 174,Corporate,United States,Washington,Washington,99340,West,FUR-TAB-1996,Furniture,Tables,Tables model 184,573.72,1,0.2,-71.42
3278,US-2024-103278,02/29/2024,03/04/2024,Second Class,CU-10526,Customer 751,Consumer,United States,Washington,Washington,82953,West,OFF-STO-2427,Office Supplies,Storage,Storage model 131,31.02,1,0.0,2.97
3279,US-2024-103279,11/24/2024,12/01/2024,Second Class,CU-10302,Customer 780,Consumer,United States,North Carolina,North Carolina,49213,South,OFF-ART-4646,Office Supplies,Art,Art model 178,121.14,1,0.1,9.46
3280,US-2023-103280,02/25/2023,02/26/2023,Standard Class,CU-10587,Customer 92,Consumer,United States,Massachusetts,Massachusetts,53880,East,OFF-BIN-9506,Office Supplies,Binders,Binders model 299,76.54,1,0.0,13.23
3281,US-2022-103281,12/25/2022,12/31/2022,Standard Class,CU-10225,Customer 634,Consumer,United States,California,California,60197,West,OFF-PAP-9311,Office Supplies,Paper,Paper model 37,225.83,2,0.3,-34.6
3282,US-2023-103282,12/29/2023,01/05/2024,First Class,CU-10758,Customer 220,Corporate,United States,Georgia,Georgia,45401,South,OFF-BIN-7037,Office Supplies,Binders,Binders model 126,10.51,2,0.15,-1.77
3283,US-2024-103283,12/07/2024,12/14/2024,Second Class,CU-10314,Customer 402,Consumer,United States,Nevada,Nevada,92978,West,OFF-STO-5589,Office Supplies,Storage,Storage model 230,209.89,4,0.0,84.62
3284,US-2023-103284,11/01/2023,11/08/2023,Standard Class,CU-10029,Customer 685,Home Office,United States,Oregon,Oregon,17036,West,OFF-LAB-5735,Office Supplies,Labels,Labels model 175,44.37,1,0.0,7.56
3285,US-2022-103285,05/26/2022,05/31/2022,Standard Class,CU-10317,Customer 242,Corporate,United States,New York,New York,46108,East,TEC-COP-5178,Technology,Copiers,Copiers model 245,3262.86,8,0.0,1005.98
3286,US-2022-103286,09/08/2022,09/14/2022,Standard Class,CU-10193,Customer 52,Home Office,United States,North Carolina,North Carolina,12318,South,OFF-PAP-2081,Office Supplies,Paper,Paper model 237,432.46,4,0.0,52.71
3287,US-2021-103287,06/11/2021,06/16/2021,Second Class,CU-10770,Customer 371,Consumer,United States,Illinois,Illinois,81595,Central,TEC-PHO-6130,Technology,Phones,Phones model 29,6662.58,6,0.3,-735.48
3288,US-2024-103288,07/27/2024,07/29/2024,Standard Class,CU-10230,Customer 442,Corporate,United States,New Jersey,New Jersey,72746,East,OFF-STO-3228,Office Supplies,Storage,Storage model 54,213.07,5,0.15,31.45
3289,US-2024-103289,05/24/2024,05/29/2024,Second Class,CU-10467,Customer 765,Consumer,United States,Washington,Washington,64897,West,OFF-LAB-4035,Office Supplies,Labels,Labels model 211,454.36,7,0.1,132.18
3290,US-2023-103290,07/31/2023,08/05/2023,First Class,CU-10590,Customer 6,Consumer,United States,New Jersey,New Jersey,75947,East,TEC-MAC-8929,Technology,Machines,Machines model 24,4238.38,6,0.0,1045.93
3291,US-2022-103291,06/30/2022,07/01/2022,First Class,CU-10032,Customer 392,Corporate,United States,Texas,Texas,30948,Central,OFF-PAP-4542,Office Supplies,Paper,Paper model 53,155.19,7,0.3,-47.03
3292,US-2021-103292,07/16/2021,07/22/2021,Standard Class,CU-10389,Customer 775,Consumer,United States,Michigan,Michigan,46301,Central,OFF-ART-7471,Office Supplies,Art,Art model 189,462.09,4,0.1,141.09
3293,US-2024-103293,12/13/2024,12/20/2024,First Class,CU-10257,Customer 753,Corporate,United States,Michigan,Michigan,55110,Central,OFF-LAB-8134,Office Supplies,Labels,Labels model 126,144.33,4,0.4,-4.88
3294,US-2024-103294,02/10/2024,02/12/2024,Second Class,CU-10568,Customer 745,Consumer,United States,New Jersey,New Jersey,99910,East,OFF-BIN-9888,Office Supplies,Binders,Binders model 37,168.99,7,0.15,-7.45
3295,US-2021-103295,01/28/2021,01/29/2021,Standard Class,CU-10646,Customer 789,Home Office,United States,Washington,Washington,48177,West,TEC-COP-2995,Technology,Copiers,Copiers model 119,2762.42,4,0.0,1347.79
3296,US-2023-103296,09/30/2023,10/02/2023,Standard Class,CU-10797,Customer 681,Corporate,United States,Ohio,Ohio,50537,Central,OFF-STO-4471,Office Supplies,Storage,Storage model 86,79.54,5,0.0,20.76
3297,US-2024-103297,07/25/2024,07/26/2024,Standard Class,CU-10328,Customer 469,Corporate,United States,Ohio,Ohio,62481,Central,FUR-BOO-6567,Furniture,Bookcases,Bookcases model 149,248.1,2,0.5,-9.56
3298,US-2021-103298,04/08/2021,04/12/2021,Standard Class,CU-10434,Customer 333,Corporate,United States,Texas,Texas,69868,Central,OFF-LAB-3791,Office Supplies,Labels,Labels model 252,19.22,1,0.0,6.83
3299,US-2024-103299,08/03/2024,08/10/2024,Standard Class,CU-10128,Customer 273,Consumer,United States,North Carolina,North Carolina,81749,South,TEC-PHO-4206,Technology,Phones,Phones model 89,12171.68,9,0.0,4279.29
3300,US-2023-103300,08/28/2023,08/31/2023,Standard Class,CU-10242,Customer 726,Home Office,United States,North Carolina,North Carolina,45644,South,FUR-FUR-9521,Furniture,Furnishings,Furnishings model 200,5801.95,9,0.1,1519.31
3301,US-2021-103301,10/26/2021,10/28/2021,First Class,CU-10459,Customer 166,Home Office,United States,Ohio,Ohio,76340,Central,OFF-STO-9919,Office Supplies,Storage,Storage model 157,295.14,3,0.5,-9.88
3302,US-2021-103302,07/18/2021,07/22/2021,Standard Class,CU-10275,Customer 1,Home Office,United States,California,California,65258,West,TEC-COP-2425,Technology,Copiers,Copiers model 227,9926.02,7,0.1,2730.49
3303,US-2021-103303,04/12/2021,04/13/2021,Second Class,CU-10683,Customer 591,Home Office,United States,Massachusetts,Massachusetts,16415,East,OFF-STO-3955,Office Supplies,Storage,Storage model 295,322.26,6,0.15,36.05
3304,US-2022-103304,04/08/2022,04/09/2022,Second Class,CU-10101,Customer 170,Corporate,United States,North Carolina,North Carolina,67719,South,FUR-TAB-8481,Furniture,Tables,Tables model 266,1624.91,5,0.5,-55.53
3305,US-2023-103305,09/14/2023,09/20/2023,Standard Class,CU-10411,Customer 137,Consumer,United States,New Jersey,New Jersey,39583,East,OFF-PAP-3585,Office Supplies,Paper,Paper model 101,129.99,2,0.0,7.82
3306,US-2021-103306,12/01/2021,12/04/2021,Standard Class,CU-10239,Customer 622,Home Office,United States,New York,New York,12859,East,OFF-PAP-5395,Office Supplies,Paper,Paper model 102,599.68,8,0.2,64.56
3307,US-2022-103307,07/29/2022,08/03/2022,Standard Class,CU-10604,Customer 327,Corporate,United States,California,California,51103,West,FUR-FUR-9953,Furniture,Furnishings,Furnishings model 80,332.63,1,0.0,92.57
3308,US-2022-103308,09/24/2022,09/25/2022,Same Day,CU-10728,Customer 47,Home Office,United States,Michigan,Michigan,30339,Central,OFF-PAP-3937,Office Supplies,Paper,Paper model 253,126.93,9,0.2,-5.78
3309,US-2021-103309,05/29/2021,05/30/2021,Standard Class,CU-10106,Customer 64,Corporate,United States,Alabama,Alabama,43480,South,OFF-STO-4500,Office Supplies,Storage,Storage model 288,133.98,1,0.1,-7.18
3310,US-2021-103310,11/25/2021,11/29/2021,Second Class,CU-10415,Customer 426,Corporate,United States,Texas,Texas,38822,Central,FUR-BOO-6245,Furniture,Bookcases,Bookcases model 172,1515.31,7,0.0,379.24
3311,US-2023-103311,02/26/2023,03/04/2023,Standard Class,CU-10267,Customer 625,Corporate,United States,Washington,Washington,73570,West,OFF-BIN-3205,Office Supplies,Binders,Binders model 289,210.07,5,0.1,26.76
3312,US-2021-103312,12/08/2021,12/13/2021,First Class,CU-10704,Customer 656,Consumer,United States,New York,New York,74061,East,OFF-STO-4134,Office Supplies,Storage,Storage model 19,268.66,4,0.1,24.74
3313,US-2024-103313,09/05/2024,09/09/2024,Standard Class,CU-10488,Customer 240,Home Office,United States,California,California,53686,West,FUR-FUR-8984,Furniture,Furnishings,Furnishings model 195,4993.67,7,0.15,1052.81
3314,US-2021-103314,08/23/2021,08/29/2021,Standard Class,CU-10189,Customer 178,Consumer,United States,Illinois,Illinois,42065,Central,FUR-CHA-2200,Furniture,Chairs,Chairs model 147,1221.28,3,0.1,194.42
3315,US-2022-103315,07/15/2022,07/16/2022,Second Class,CU-10200,Customer 406,Home Office,United States,Washington,Washington,13933,West,OFF-BIN-7652,Office Supplies,Binders,Binders model 101,77.28,3,0.4,10.7
3316,US-2023-103316,09/06/2023,09/08/2023,Standard Class,CU-10640,Customer 46,Corporate,United States,Pennsylvania,Pennsylvania,66910,East,OFF-BIN-2249,Office Supplies,Binders,Binders model 124,337.46,3,0.0,123.02
3317,US-2022-103317,05/23/2022,05/30/2022,Second Class,CU-10585,Customer 532,Home Office,United States,Oregon,Oregon,28737,West,OFF-ART-5207,Office Supplies,Art,Art model 13,69.97,7,0.15,1.5
3318,US-2022-103318,07/31/2022,08/05/2022,First Class,CU-10720,Customer 83,Corporate,United States,Oregon,Oregon,31116,West,TEC-MAC-7389,Technology,Machines,Machines model 274,4005.6,4,0.15,516.34
3319,US-2024-103319,12/09/2024,12/11/2024,Standard Class,CU-10467,Customer 271,Consumer,United States,North Carolina,North Carolina,46518,South,FUR-CHA-3237,Furniture,Chairs,Chairs model 294,894.83,5,0.0,32.4
3320,US-2023-103320,08/28/2023,09/02/2023,Standard Class,CU-10420,Customer 16,Corporate,United States,Illinois,Illinois,86560,Central,TEC-COP-8502,Technology,Copiers,Copiers model 1,2850.87,4,0.0,487.64
3321,US-2023-103321,01/14/2023,01/20/2023,Standard Class,CU-10656,Customer 512,Consumer,United States,Washington,Washington,31424,West,OFF-PAP-6329,Office Supplies,Paper,Paper model 280,101.77,1,0.1,24.56
3322,US-2023-103322,01/12/2023,01/18/2023,Standard Class,CU-10758,Customer 155,Corporate,United States,Alabama,Alabama,60736,South,FUR-CHA-3235,Furniture,Chairs,Chairs model 274,6701.82,8,0.0,1814.38
3323,US-2021-103323,12/15/2021,12/18/2021,Same Day,CU-10424,Customer 613,Home Office,United States,Massachusetts,Massachusetts,70799,East,OFF-PAP-9905,Office Supplies,Paper,Paper model 50,459.98,4,0.1,26.45
3324,US-2024-103324,10/17/2024,10/21/2024,Standard Class,CU-10590,Customer 334,Home Office,United States,Georgia,Georgia,66145,South,FUR-BOO-3373,Furniture,Bookcases,Bookcases model 158,1533.18,8,0.3,227.3
3325,US-2023-103325,04/28/2023,05/02/2023,Standard Class,CU-10536,Customer 364,Consumer,United States,California,California,48399,West,OFF-ART-9885,Office Supplies,Art,Art model 255,90.06,3,0.0,24.17
3326,US-2024-103326,09/17/2024,09/21/2024,Standard Class,CU-10249,Customer 747,Corporate,United States,New Jersey,New Jersey,77697,East,OFF-LAB-4476,Office Supplies,Labels,Labels model 77,168.87,6,0.2,-0.25
3327,US-2023-103327,12/06/2023,12/08/2023,Standard Class,CU-10794,Customer 560,Corporate,United States,Ohio,Ohio,18196,Central,OFF-LAB-8864,Office Supplies,Labels,Labels model 224,399.27,3,0.15,35.94
3328,US-2021-103328,03/28/2021,04/04/2021,Standard Class,CU-10278,Customer 454,Home Office,United States,New Jersey,New Jersey,26851,East,FUR-FUR-1561,Furniture,Furnishings,Furnishings model 285,807.2,1,0.2,128.57
3329,US-2021-103329,05/03/2021,05/06/2021,Standard Class,CU-10169,Customer 680,Corporate,United States,Alabama,Alabama,47297,South,FUR-TAB-2337,Furniture,Tables,Tables model 161,2129.54,4,0.2,-175.69
3330,US-2022-103330,06/23/2022,06/24/2022,First Class,CU-10629,Customer 391,Home Office,United States,California,California,28414,West,FUR-CHA-3878,Furniture,Chairs,Chairs model 165,969.03,3,0.15,171.74
3331,US-2021-103331,11/17/2021,11/20/2021,Standard Class,CU-10772,Customer 597,Home Office,United States,Ohio,Ohio,11247,Central,FUR-BOO-9941,Furniture,Bookcases,Bookcases model 128,178.27,1,0.1,32.61
3332,US-2024-103332,04/30/2024,05/01/2024,Standard Class,CU-10410,Customer 675,Home Office,United States,Texas,Texas,84727,Central,OFF-STO-2817,Office Supplies,Storage,Storage model 213,55.2,1,0.4,-18.07
3333,US-2022-103333,06/20/2022,06/22/2022,Standard Class,CU-10515,Customer 272,Consumer,United States,Nevada,Nevada,64287,West,TEC-MAC-9292,Technology,Machines,Machines model 43,6883.34,7,0.15,1235.87
3334,US-2024-103334,04/23/2024,04/27/2024,Second Class,CU-10069,Customer 115,Consumer,United States,New York,New York,88314,East,OFF-BIN-4267,Office Supplies,Binders,Binders model 208,130.84,3,0.0,61.8
3335,US-2023-103335,07/01/2023,07/07/2023,Standard Class,CU-10237,Customer 219,Consumer,United States,Pennsylvania,Pennsylvania,51630,East,FUR-BOO-2972,Furniture,Bookcases,Bookcases model 34,337.19,1,0.0,22.47
3336,US-2021-103336,02/14/2021,02/16/2021,Standard Class,CU-10493,Customer 754,Home Office,United States,New Jersey,New Jersey,18494,East,OFF-ART-8439,Office Supplies,Art,Art model 202,339.82,7,0.5,-1.57
3337,US-2022-103337,04/08/2022,04/11/2022,Second Class,CU-10596,Customer 628,Home Office,United States,Pennsylvania,Pennsylvania,43538,East,FUR-TAB-1830,Furniture,Tables,Tables model 166,2041.28,6,0.4,35.88
3338,US-2022-103338,01/15/2022,01/17/2022,First Class,CU-10435,Customer 301,Consumer,United States,Michigan,Michigan,51987,Central,OFF-ART-2519,Office Supplies,Art,Art model 237,85.65,1,0.1,-32.95
3339,US-2022-103339,11/07/2022,11/11/2022,Same Day,CU-10081,Customer 81,Home Office,United States,Illinois,Illinois,44455,Central,TEC-MAC-1843,Technology,Machines,Machines model 44,10412.68,8,0.0,2828.99
3340,US-2023-103340,03/01/2023,03/06/2023,Standard Class,CU-10111,Customer 213,Consumer,United States,New Jersey,New Jersey,98836,East,OFF-BIN-2313,Office Supplies,Binders,Binders model 19,416.36,4,0.1,141.05
3341,US-2023-103341,02/27/2023,03/02/2023,Standard Class,CU-10415,Customer 634,Consumer,United States,Illinois,Illinois,95726,Central,FUR-TAB-4750,Furniture,Tables,Tables model 49,543.68,2,0.0,66.65
3342,US-2022-103342,06/11/2022,06/13/2022,Standard Class,CU-10703,Customer 694,Consumer,United States,Florida,Florida,82769,South,OFF-LAB-3608,Office Supplies,Labels,Labels model 34,322.15,3,0.15,3.73
3343,US-2022-103343,08/07/2022,08/09/2022,Second Class,CU-10627,Customer 224,Consumer,United States,Oregon,Oregon,28518,West,FUR-FUR-8552,Furniture,Furnishings,Furnishings model 64,5389.92,8,0.0,492.38
3344,US-2022-103344,05/27/2022,05/31/2022,Standard Class,CU-10549,Customer 436,Corporate,United States,New Jersey,New Jersey,78770,East,OFF-ART-1357,Office Supplies,Art,Art model 275,74.86,2,0.15,-2.67
3345,US-2022-103345,04/10/2022,04/13/2022,Standard Class,CU-10578,Customer 576,Consumer,United States,Washington,Washington,88863,West,TEC-ACC-5855,Technology,Accessories,Accessories model 103,1566.42,1,0.0,154.78
3346,US-2023-103346,12/10/2023,12/14/2023,Standard Class,CU-10196,Customer 589,Consumer,United States,Oregon,Oregon,42210,West,OFF-PAP-6365,Office Supplies,Paper,Paper model 139,41.67,1,0.1,10.19
3347,US-2022-103347,02/19/2022,02/23/2022,Second Class,CU-10642,Customer 251,Consumer,United States,Massachusetts,Massachusetts,17945,East,TEC-ACC-6755,Technology,Accessories,Accessories model 186,645.83,1,0.2,61.29
3348,US-2023-103348,12/05/2023,12/10/2023,First Class,CU-10251,Customer 679,Corporate,United States,North Carolina,North Carolina,60026,South,FUR-BOO-7502,Furniture,Bookcases,Bookcases model 224,798.16,8,0.1,40.38
3349,US-2022-103349,06/11/2022,06/13/2022,First Class,CU-10345,Customer 660,Corporate,United States,Ohio,Ohio,21065,Central,OFF-ART-6262,Office Supplies,Art,Art model 189,64.97,8,0.0,-0.22
3350,US-2024-103350,01/25/2024,01/27/2024,Second Class,CU-10501,Customer 52,Consumer,United States,Oregon,Oregon,39291,West,OFF-LAB-5173,Office Supplies,Labels,Labels model 71,1104.41,9,0.0,214.58
3351,US-2022-103351,01/01/2022,01/03/2022,Standard Class,CU-10679,Customer 700,Corporate,United States,Michigan,Michigan,87894,Central,FUR-CHA-4081,Furniture,Chairs,Chairs model 160,2835.91,6,0.5,-191.7
3352,US-2023-103352,07/30/2023,08/04/2023,Standard Class,CU-10013,Customer 436,Home Office,United States,Ohio,Ohio,12498,Central,OFF-ART-2949,Office Supplies,Art,Art model 84,161.67,2,0.0,48.64
3353,US-2022-103353,01/30/2022,01/31/2022,Standard Class,CU-10601,Customer 276,Corporate,United States,Massachusetts,Massachusetts,96553,East,OFF-STO-5213,Office Supplies,Storage,Storage model 252,42.75,8,0.0,8.61
3354,US-2022-103354,10/26/2022,10/29/2022,Standard Class,CU-10260,Customer 621,Corporate,United States,North Carolina,North Carolina,43132,South,OFF-STO-7367,Office Supplies,Storage,Storage model 294,264.67,3,0.5,-41.41
3355,US-2024-103355,10/27/2024,11/03/2024,Standard Class,CU-10274,Customer 745,Corporate,United States,Texas,Texas,81636,Central,OFF-BIN-4317,Office Supplies,Binders,Binders model 240,390.85,3,0.0,47.79
3356,US-2024-103356,03/21/2024,03/25/2024,Standard Class,CU-10291,Customer 291,Home Office,United States,New York,New York,83663,East,FUR-CHA-5075,Furniture,Chairs,Chairs model 125,3465.95,4,0.1,241.29
3357,US-2024-103357,06/12/2024,06/16/2024,First Class,CU-10303,Customer 239,Corporate,United States,Oregon,Oregon,59842,West,TEC-ACC-6551,Technology,Accessories,Accessories model 138,4938.68,9,0.0,1088.09
3358,US-2021-103358,03/01/2021,03/02/2021,Same Day,CU-10666,Customer 566,Home Office,United States,Florida,Florida,39155,South,OFF-LAB-2482,Office Supplies,Labels,Labels model 144,136.19,3,0.2,9.1
3359,US-2021-103359,03/13/2021,03/16/2021,Standard Class,CU-10737,Customer 629,Corporate,United States,Texas,Texas,44068,Central,FUR-BOO-2765,Furniture,Bookcases,Bookcases model 206,2928.72,6,0.0,-237.32
3360,US-2023-103360,07/09/2023,07/11/2023,Standard Class,CU-10130,Customer 11,Home Office,United States,Illinois,Illinois,65789,Central,OFF-LAB-6029,Office Supplies,Labels,Labels model 118,234.85,2,0.5,11.69
3361,US-2024-103361,04/26/2024,05/02/2024,Standard Class,CU-10704,Customer 418,Home Office,United States,Massachusetts,Massachusetts,29840,East,OFF-LAB-9628,Office Supplies,Labels,Labels model 276,285.97,4,0.15,11.54
3362,US-2023-103362,11/11/2023,11/12/2023,Second Class,CU-10345,Customer 326,Home Office,United States,Oregon,Oregon,63940,West,FUR-TAB-8737,Furniture,Tables,Tables model 152,1254.95,8,0.0,194.6
3363,US-2024-103363,02/16/2024,02/18/2024,Standard Class,CU-10211,Customer 453,Corporate,United States,Alabama,Alabama,63334,South,TEC-MAC-8396,Technology,Machines,Machines model 49,9551.14,6,0.1,2911.88
3364,US-2024-103364,10/24/2024,10/28/2024,Standard Class,CU-10447,Customer 755,Home Office,United States,Oregon,Oregon,48456,West,OFF-PAP-9351,Office Supplies,Paper,Paper model 97,156.88,2,0.0,28.11
3365,US-2023-103365,09/04/2023,09/06/2023,Standard Class,CU-10445,Customer 161,Corporate,United States,Michigan,Michigan,97362,Central,FUR-CHA-5368,Furniture,Chairs,Chairs model 153,3566.51,5,0.2,439.4
3366,US-2022-103366,03/13/2022,03/15/2022,Standard Class,CU-10782,Customer 250,Home Office,United States,Texas,Texas,74130,Central,OFF-STO-2348,Office Supplies,Storage,Storage model 115,526.15,5,0.0,91.46
3367,US-2021-103367,04/02/2021,04/05/2021,Standard Class,CU-10120,Customer 173,Home Office,United States,Illinois,Illinois,19362,Central,FUR-BOO-7284,Furniture,Bookcases,Bookcases model 283,2102.29,3,0.1,107.69
3368,US-2023-103368,08/05/2023,08/07/2023,Standard Class,CU-10601,Customer 552,Home Office,United States,Michigan,Michigan,82031,Central,OFF-PAP-2828,Office Supplies,Paper,Paper model 148,130.27,1,0.0,30.51
3369,US-2022-103369,10/26/2022,10/27/2022,Standard Class,CU-10495,Customer 262,Corporate,United States,Alabama,Alabama,23982,South,OFF-LAB-5681,Office Supplies,Labels,Labels model 55,40.53,1,0.1,10.14
3370,US-2023-103370,11/09/2023,11/16/2023,Standard Class,CU-10734,Customer 235,Home Office,United States,Michigan,Michigan,94527,Central,OFF-STO-1263,Office Supplies,Storage,Storage model 167,567.11,5,0.2,128.0
3371,US-2021-103371,12/12/2021,12/13/2021,Standard Class,CU-10315,Customer 694,Home Office,United States,Washington,Washington,17466,West,OFF-LAB-8359,Office Supplies,Labels,Labels model 48,489.83,5,0.1,49.08
3372,US-2022-103372,06/12/2022,06/15/2022,First Class,CU-10486,Customer 746,Home Office,United States,Oregon,Oregon,25604,West,OFF-LAB-9829,Office Supplies,Labels,Labels model 34,679.63,8,0.1,94.75
3373,US-2024-103373,12/04/2024,12/08/2024,Second Class,CU-10439,Customer 594,Home Office,United States,Washington,Washington,98886,West,OFF-ART-6561,Office Supplies,Art,Art model 152,50.45,6,0.1,-1.16
3374,US-2024-103374,10/02/2024,10/06/2024,First Class,CU-10576,Customer 671,Corporate,United States,Oregon,Oregon,29194,West,OFF-LAB-2355,Office Supplies,Labels,Labels model 15,710.21,6,0.4,-1.94
3375,US-2022-103375,10/19/2022,10/21/2022,Standard Class,CU-10503,Customer 708,Home Office,United States,California,California,84031,West,OFF-STO-2541,Office Supplies,Storage,Storage model 258,219.05,4,0.3,48.98
3376,US-2023-103376,04/05/2023,04/10/2023,Second Class,CU-10749,Customer 558,Home Office,United States,Washington,Washington,97415,West,FUR-BOO-6725,Furniture,Bookcases,Bookcases model 145,481.69,6,0.1,191.76
3377,US-2024-103377,08/24/2024,08/31/2024,Standard Class,CU-10196,Customer 610,Corporate,United States,New Jersey,New Jersey,72210,East,OFF-LAB-4401,Office Supplies,Labels,Labels model 223,53.25,2,0.0,6.31
3378,US-2023-103378,05/23/2023,05/30/2023,Second Class,CU-10020,Customer 34,Home Office,United States,Pennsylvania,Pennsylvania,32848,East,OFF-BIN-6157,Office Supplies,Binders,Binders model 289,790.73,6,0.0,148.18
3379,US-2022-103379,03/27/2022,04/03/2022,First Class,CU-10534,Customer 130,Home Office,United States,Michigan,Michigan,28861,Central,OFF-BIN-9309,Office Supplies,Binders,Binders model 37,312.6,5,0.15,46.09
3380,US-2024-103380,08/30/2024,09/02/2024,Standard Class,CU-10416,Customer 15,Corporate,United States,California,California,62154,West,OFF-LAB-7313,Office Supplies,Labels,Labels model 48,796.23,6,0.0,-54.51
3381,US-2022-103381,09/14/2022,09/15/2022,Standard Class,CU-10021,Customer 476,Home Office,United States,Alabama,Alabama,97670,South,OFF-LAB-6178,Office Supplies,Labels,Labels model 84,655.93,9,0.15,67.15
3382,US-2021-103382,02/04/2021,02/09/2021,Standard Class,CU-10788,Customer 452,Corporate,United States,Ohio,Ohio,92629,Central,FUR-TAB-9167,Furniture,Tables,Tables model 196,3704.06,5,0.1,-338.53
3383,US-2024-103383,03/23/2024,03/25/2024,Standard Class,CU-10612,Customer 647,Home Office,United States,Massachusetts,Massachusetts,89998,East,FUR-TAB-4062,Furniture,Tables,Tables model 215,1609.86,4,0.1,204.13
3384,US-2021-103384,05/16/2021,05/19/2021,Standard Class,CU-10394,Customer 337,Home Office,United States,Ohio,Ohio,16802,Central,OFF-LAB-2041,Office Supplies,Labels,Labels model 98,479.24,4,0.1,69.15
3385,US-2023-103385,01/09/2023,01/13/2023,Standard Class,CU-10352,Customer 517,Consumer,United States,Alabama,Alabama,11190,South,TEC-PHO-7930,Technology,Phones,Phones model 80,5824.4,6,0.15,-229.33
3386,US-2021-103386,04/16/2021,04/22/2021,Second Class,CU-10118,Customer 460,Home Office,United States,North Carolina,North Carolina,25772,South,FUR-TAB-3046,Furniture,Tables,Tables model 42,4356.86,6,0.0,1580.99
3387,US-2024-103387,04/29/2024,04/30/2024,Standard Class,CU-10146,Customer 331,Corporate,United States,New Jersey,New Jersey,57706,East,OFF-STO-6459,Office Supplies,Storage,Storage model 173,304.52,9,0.0,-9.14
3388,US-2021-103388,12/23/2021,12/25/2021,Standard Class,CU-10727,Customer 593,Home Office,United States,Washington,Washington,79716,West,OFF-BIN-6997,Office Supplies,Binders,Binders model 287,124.34,1,0.0,-16.17
3389,US-2023-103389,12/16/2023,12/23/2023,Standard Class,CU-10203,Customer 322,Consumer,United States,Pennsylvania,Pennsylvania,20806,East,OFF-ART-9425,Office Supplies,Art,Art model 12,389.22,3,0.1,38.99
3390,US-2022-103390,06/17/2022,06/23/2022,Same Day,CU-10478,Customer 449,Home Office,United States,Washington,Washington,35471,West,TEC-MAC-5575,Technology,Machines,Machines model 42,363.32,1,0.4,58.38
3391,US-2022-103391,07/01/2022,07/05/2022,Second Class,CU-10551,Customer 21,Home Office,United States,New Jersey,New Jersey,89176,East,OFF-STO-1774,Office Supplies,Storage,Storage model 226,214.37,4,0.0,14.3
3392,US-2024-103392,03/25/2024,03/31/2024,Standard Class,CU-10050,Customer 229,Home Office,United States,North Carolina,North Carolina,79680,South,OFF-LAB-3866,Office Supplies,Labels,Labels model 165,16.68,1,0.1,-3.71
3393,US-2022-103393,09/18/2022,09/25/2022,Standard Class,CU-10161,Customer 417,Corporate,United States,New Jersey,New Jersey,82715,East,OFF-ART-2782,Office Supplies,Art,Art model 253,51.18,1,0.0,1.96
3394,US-2022-103394,03/21/2022,03/28/2022,Second Class,CU-10134,Customer 381,Corporate,United States,Texas,Texas,53082,Central,OFF-PAP-7923,Office Supplies,Paper,Paper model 214,39.46,1,0.0,8.82
3395,US-2023-103395,05/28/2023,05/29/2023,Standard Class,CU-10720,Customer 484,Home Office,United States,Pennsylvania,Pennsylvania,33493,East,TEC-PHO-2250,Technology,Phones,Phones model 192,7962.87,8,0.2,1255.41
3396,US-2022-103396,08/07/2022,08/12/2022,Standard Class,CU-10752,Customer 516,Corporate,United States,Oregon,Oregon,54224,West,FUR-BOO-5597,Furniture,Bookcases,Bookcases model 80,4616.74,8,0.2,-192.94
3397,US-2022-103397,05/13/2022,05/20/2022,Standard Class,CU-10441,Customer 231,Home Office,United States,Alabama,Alabama,62390,South,OFF-PAP-2741,Office Supplies,Paper,Paper model 165,51.65,6,0.0,5.23
3398,US-2021-103398,02/25/2021,03/01/2021,Second Class,CU-10699,Customer 171,Corporate,United States,Florida,Florida,64559,South,OFF-ART-2658,Office Supplies,Art,Art model 277,733.87,9,0.0,-19.24
3399,US-2021-103399,03/04/2021,03/09/2021,Second Class,CU-10517,Customer 331,Home Office,United States,Massachusetts,Massachusetts,45607,East,OFF-BIN-7017,Office Supplies,Binders,Binders model 1,937.02,7,0.2,290.41
3400,US-2021-103400,01/02/2021,01/07/2021,Standard Class,CU-10682,Customer 48,Home Office,United States,Georgia,Georgia,15560,South,FUR-TAB-1042,Furniture,Tables,Tables model 17,1434.32,2,0.3,-364.81
3401,US-2021-103401,06/27/2021,07/02/2021,Standard Class,CU-10136,Customer 413,Home Office,United States,Georgia,Georgia,93629,South,FUR-FUR-4574,Furniture,Furnishings,Furnishings model 260,702.16,9,0.0,62.44
3402,US-2023-103402,05/07/2023,05/08/2023,Second Class,CU-10389,Customer 330,Corporate,United States,New Jersey,New Jersey,84043,East,OFF-LAB-7732,Office Supplies,Labels,Labels model 297,882.47,9,0.1,162.38
3403,US-2023-103403,02/14/2023,02/20/2023,Same Day,CU-10468,Customer 783,Home Office,United States,Illinois,Illinois,63694,Central,OFF-ART-6201,Office Supplies,Art,Art model 297,256.39,4,0.1,77.76
3404,US-2023-103404,05/10/2023,05/15/2023,Second Class,CU-10056,Customer 137,Corporate,United States,Florida,Florida,10486,South,TEC-MAC-9786,Technology,Machines,Machines model 75,3987.97,8,0.2,775.62
3405,US-2022-103405,11/09/2022,11/14/2022,Standard Class,CU-10712,Customer 418,Home Office,United States,Illinois,Illinois,30549,Central,FUR-CHA-1307,Furniture,Chairs,Chairs model 80,6051.39,7,0.1,414.94
3406,US-2024-103406,08/29/2024,09/02/2024,Standard Class,CU-10511,Customer 677,Corporate,United States,New Jersey,New Jersey,20061,East,OFF-LAB-9004,Office Supplies,Labels,Labels model 277,163.74,4,0.4,14.01
3407,US-2021-103407,12/15/2021,12/17/2021,Standard Class,CU-10517,Customer 18,Consumer,United States,Ohio,Ohio,48033,Central,FUR-BOO-7890,Furniture,Bookcases,Bookcases model 283,1536.14,5,0.0,526.86
3408,US-2022-103408,01/04/2022,01/09/2022,Same Day,CU-10406,Customer 368,Consumer,United States,New York,New York,35191,East,OFF-BIN-4467,Office Supplies,Binders,Binders model 110,1341.08,9,0.0,466.73
3409,US-2023-103409,09/03/2023,09/07/2023,Standard Class,CU-10018,Customer 496,Home Office,United States,California,California,85165,West,FUR-FUR-9705,Furniture,Furnishings,Furnishings model 217,2245.69,4,0.0,-90.64
3410,US-2023-103410,08/29/2023,08/30/2023,Standard Class,CU-10671,Customer 695,Consumer,United States,Florida,Florida,23956,South,OFF-PAP-1291,Office Supplies,Paper,Paper model 134,93.02,1,0.3,34.45
3411,US-2021-103411,10/29/2021,10/31/2021,Same Day,CU-10563,Customer 31,Corporate,United States,New York,New York,65858,East,TEC-MAC-9193,Technology,Machines,Machines model 37,1994.09,8,0.0,625.42
3412,US-2024-103412,07/30/2024,08/01/2024,Standard Class,CU-10673,Customer 128,Consumer,United States,California,California,89217,West,FUR-FUR-8774,Furniture,Furnishings,Furnishings model 179,1518.03,3,0.1,-30.96
3413,US-2024-103413,05/03/2024,05/10/2024,Second Class,CU-10110,Customer 310,Home Office,United States,California,California,42371,West,OFF-STO-5572,Office Supplies,Storage,Storage model 140,695.15,6,0.0,175.75
3414,US-2024-103414,10/14/2024,10/19/2024,Standard Class,CU-10648,Customer 63,Home Office,United States,North Carolina,North Carolina,64901,South,OFF-LAB-9927,Office Supplies,Labels,Labels model 192,269.18,4,0.1,62.48
3415,US-2023-103415,03/22/2023,03/23/2023,Standard Class,CU-10596,Customer 783,Consumer,United States,Ohio,Ohio,57920,Central,TEC-PHO-9847,Technology,Phones,Phones model 223,3236.66,2,0.1,636.03
3416,US-2024-103416,07/28/2024,08/02/2024,Standard Class,CU-10435,Customer 687,Corporate,United States,Pennsylvania,Pennsylvania,99479,East,OFF-BIN-5789,Office Supplies,Binders,Binders model 44,187.76,5,0.5,35.44
3417,US-2022-103417,03/25/2022,03/31/2022,Standard Class,CU-10159,Customer 679,Corporate,United States,New Jersey,New Jersey,33063,East,FUR-CHA-4294,Furniture,Chairs,Chairs model 75,2424.74,3,0.0,887.39
3418,US-2021-103418,06/05/2021,06/06/2021,First Class,CU-10124,Customer 465,Home Office,United States,New Jersey,New Jersey,82051,East,TEC-MAC-1238,Technology,Machines,Machines model 48,9040.49,7,0.3,1046.34
3419,US-2024-103419,06/27/2024,07/03/2024,Standard Class,CU-10493,Customer 720,Corporate,United States,California,California,64826,West,TEC-ACC-6977,Technology,Accessories,Accessories model 121,7729.0,7,0.4,1426.43
3420,US-2024-103420,10/11/2024,10/17/2024,Standard Class,CU-10017,Customer 503,Corporate,United States,Illinois,Illinois,81059,Central,TEC-ACC-4887,Technology,Accessories,Accessories model 29,1201.07,1,0.15,135.35
3421,US-2021-103421,02/03/2021,02/05/2021,Standard Class,CU-10538,Customer 239,Home Office,United States,Oregon,Oregon,53410,West,OFF-LAB-1107,Office Supplies,Labels,Labels model 40,151.58,2,0.0,34.46
3422,US-2022-103422,03/24/2022,03/31/2022,First Class,CU-10583,Customer 547,Corporate,United States,New Jersey,New Jersey,35611,East,OFF-LAB-6818,Office Supplies,Labels,Labels model 51,180.24,2,0.4,-11.34
3423,US-2022-103423,05/26/2022,06/01/2022,Standard Class,CU-10504,Customer 753,Corporate,United States,North Carolina,North Carolina,92806,South,OFF-PAP-1232,Office Supplies,Paper,Paper model 104,507.9,9,0.0,148.19
3424,US-2023-103424,04/23/2023,04/27/2023,Standard Class,CU-10352,Customer 625,Home Office,United States,Washington,Washington,83619,West,OFF-ART-2491,Office Supplies,Art,Art model 201,881.97,7,0.0,143.86
3425,US-2023-103425,05/04/2023,05/09/2023,Standard Class,CU-10705,Customer 23,Home Office,United States,Ohio,Ohio,66850,Central,OFF-ART-3265,Office Supplies,Art,Art model 187,511.4,8,0.4,87.63
3426,US-2022-103426,04/15/2022,04/18/2022,Standard Class,CU-10336,Customer 389,Corporate,United States,Pennsylvania,Pennsylvania,73056,East,OFF-STO-2823,Office Supplies,Storage,Storage model 125,446.17,4,0.15,2.07
3427,US-2022-103427,08/13/2022,08/19/2022,Standard Class,CU-10460,Customer 374,Home Office,United States,New York,New York,90598,East,TEC-COP-8536,Technology,Copiers,Copiers model 117,1524.97,3,0.15,462.35
3428,US-2021-103428,09/12/2021,09/13/2021,Standard Class,CU-10283,Customer 600,Corporate,United States,Illinois,Illinois,76530,Central,OFF-STO-9966,Office Supplies,Storage,Storage model 60,734.37,9,0.15,124.9
3429,US-2021-103429,06/09/2021,06/11/2021,Standard Class,CU-10757,Customer 351,Consumer,United States,Georgia,Georgia,77067,South,TEC-MAC-3189,Technology,Machines,Machines model 210,6867.66,7,0.0,2614.57
3430,US-2021-103430,02/15/2021,02/17/2021,Standard Class,CU-10408,Customer 150,Corporate,United States,Alabama,Alabama,19962,South,OFF-BIN-9034,Office Supplies,Binders,Binders model 205,546.05,4,0.1,141.58
3431,US-2023-103431,04/12/2023,04/15/2023,Second Class,CU-10378,Customer 526,Corporate,United States,Oregon,Oregon,35457,West,FUR-BOO-8574,Furniture,Bookcases,Bookcases model 132,957.07,4,0.0,182.4
3432,US-2022-103432,07/21/2022,07/26/2022,First Class,CU-10462,Customer 19,Corporate,United States,New Jersey,New Jersey,97704,East,TEC-MAC-4083,Technology,Machines,Machines model 121,4654.18,8,0.0,1021.94
3433,US-2022-103433,02/11/2022,02/18/2022,Standard Class,CU-10774,Customer 153,Home Office,United States,Massachusetts,Massachusetts,99814,East,OFF-ART-2606,Office Supplies,Art,Art model 22,676.42,6,0.15,45.19
3434,US-2021-103434,02/22/2021,02/24/2021,Standard Class,CU-10062,Customer 434,Corporate,United States,Florida,Florida,32954,South,OFF-PAP-4147,Office Supplies,Paper,Paper model 297,433.65,6,0.3,-93.91
3435,US-2023-103435,09/03/2023,09/05/2023,Standard Class,CU-10739,Customer 509,Consumer,United States,North Carolina,North Carolina,75509,South,TEC-COP-3181,Technology,Copiers,Copiers model 232,6539.55,4,0.15,659.49
3436,US-2024-103436,10/21/2024,10/25/2024,Standard Class,CU-10480,Customer 699,Corporate,United States,Texas,Texas,32139,Central,FUR-CHA-3701,Furniture,Chairs,Chairs model 6,5397.12,7,0.0,465.19
3437,US-2023-103437,01/26/2023,02/01/2023,Second Class,CU-10212,Customer 663,Home Office,United States,Florida,Florida,62405,South,OFF-ART-8351,Office Supplies,Art,Art model 133,381.84,4,0.0,47.72
3438,US-2021-103438,08/03/2021,08/09/2021,Standard Class,CU-10145,Customer 680,Consumer,United States,North Carolina,North Carolina,33851,South,TEC-PHO-5760,Technology,Phones,Phones model 280,7660.19,9,0.1,1999.85
3439,US-2021-103439,09/16/2021,09/21/2021,Standard Class,CU-10356,Customer 131,Corporate,United States,Ohio,Ohio,61758,Central,FUR-FUR-9579,Furniture,Furnishings,Furnishings model 228,237.26,2,0.0,35.2
3440,US-2022-103440,10/06/2022,10/09/2022,Second Class,CU-10194,Customer 686,Consumer,United States,Illinois,Illinois,50875,Central,FUR-FUR-1719,Furniture,Furnishings,Furnishings model 274,3489.52,8,0.0,-289.15
3441,US-2021-103441,05/23/2021,05/24/2021,Standard Class,CU-10692,Customer 468,Corporate,United States,Massachusetts,Massachusetts,31317,East,FUR-TAB-8309,Furniture,Tables,Tables model 32,1143.2,2,0.3,66.88
3442,US-2024-103442,07/13/2024,07/18/2024,Standard Class,CU-10290,Customer 643,Home Office,United States,Georgia,Georgia,46863,South,FUR-CHA-6275,Furniture,Chairs,Chairs model 8,836.21,2,0.15,89.96
3443,US-2021-103443,03/30/2021,04/02/2021,Second Class,CU-10677,Customer 195,Corporate,United States,Nevada,Nevada,83076,West,FUR-FUR-5230,Furniture,Furnishings,Furnishings model 29,4749.35,8,0.3,1372.96
3444,US-2022-103444,06/11/2022,06/15/2022,Second Class,CU-10483,Customer 458,Consumer,United States,Ohio,Ohio,89695,Central,OFF-LAB-3558,Office Supplies,Labels,Labels model 112,54.7,2,0.0,-3.56
3445,US-2023-103445,02/13/2023,02/18/2023,Standard Class,CU-10120,Customer 775,Home Office,United States,Oregon,Oregon,66988,West,OFF-STO-4017,Office Supplies,Storage,Storage model 129,97.62,2,0.4,2.52
3446,US-2021-103446,08/27/2021,09/03/2021,Standard Class,CU-10595,Customer 753,Home Office,United States,Illinois,Illinois,26886,Central,FUR-BOO-1481,Furniture,Bookcases,Bookcases model 167,4863.85,8,0.15,1021.48
3447,US-2022-103447,02/02/2022,02/08/2022,First Class,CU-10258,Customer 91,Consumer,United States,Texas,Texas,40422,Central,TEC-ACC-7440,Technology,Accessories,Accessories model 109,11545.15,7,0.0,2636.44
3448,US-2023-103448,12/16/2023,12/23/2023,First Class,CU-10691,Customer 652,Corporate,United States,Nevada,Nevada,79963,West,OFF-ART-4097,Office Supplies,Art,Art model 50,386.63,5,0.0,27.62
3449,US-2022-103449,01/09/2022,01/11/2022,Same Day,CU-10726,Customer 125,Consumer,United States,California,California,59107,West,FUR-FUR-3418,Furniture,Furnishings,Furnishings model 191,5698.12,8,0.1,335.9
3450,US-2021-103450,04/13/2021,04/17/2021,Second Class,CU-10502,Customer 609,Corporate,United States,Washington,Washington,89349,West,OFF-STO-6120,Office Supplies,Storage,Storage model 232,706.19,6,0.1,296.85
3451,US-2022-103451,05/05/2022,05/06/2022,Standard Class,CU-10180,Customer 125,Corporate,United States,Illinois,Illinois,42818,Central,FUR-TAB-3153,Furniture,Tables,Tables model 153,744.49,2,0.15,210.11
3452,US-2022-103452,10/28/2022,10/30/2022,Same Day,CU-10611,Customer 719,Corporate,United States,Texas,Texas,30608,Central,OFF-PAP-5972,Office Supplies,Paper,Paper model 213,905.69,9,0.4,-21.48
3453,US-2024-103453,07/24/2024,07/26/2024,Second Class,CU-10326,Customer 179,Home Office,United States,Washington,Washington,30758,West,FUR-BOO-4661,Furniture,Bookcases,Bookcases model 237,4345.45,8,0.0,363.16
3454,US-2021-103454,09/10/2021,09/15/2021,Standard Class,CU-10402,Customer 166,Corporate,United States,Georgia,Georgia,47113,South,TEC-MAC-2531,Technology,Machines,Machines model 176,827.91,1,0.5,79.77
3455,US-2021-103455,03/20/2021,03/25/2021,Standard Class,CU-10053,Customer 120,Home Office,United States,Michigan,Michigan,45299,Central,TEC-PHO-5466,Technology,Phones,Phones model 189,4138.64,3,0.0,1354.33
3456,US-2023-103456,02/16/2023,02/22/2023,First Class,CU-10739,Customer 660,Consumer,United States,New York,New York,52909,East,OFF-ART-4331,Office Supplies,Art,Art model 57,879.51,7,0.3,-53.78
3457,US-2023-103457,11/14/2023,11/18/2023,Second Class,CU-10788,Customer 43,Consumer,United States,Nevada,Nevada,50502,West,FUR-FUR-5720,Furniture,Furnishings,Furnishings model 190,3504.88,7,0.1,1585.86
3458,US-2022-103458,01/14/2022,01/19/2022,First Class,CU-10661,Customer 741,Home Office,United States,New York,New York,26426,East,FUR-FUR-5669,Furniture,Furnishings,Furnishings model 134,4912.42,7,0.0,-91.18
3459,US-2023-103459,06/08/2023,06/13/2023,Second Class,CU-10324,Customer 233,Home Office,United States,Alabama,Alabama,57867,South,TEC-PHO-8582,Technology,Phones,Phones model 224,1412.78,1,0.2,482.67
3460,US-2023-103460,12/31/2023,01/05/2024,Standard Class,CU-10166,Customer 213,Corporate,United States,Texas,Texas,31677,Central,OFF-PAP-4390,Office Supplies,Paper,Paper model 270,570.67,4,0.1,62.35
3461,US-2021-103461,12/04/2021,12/10/2021,Standard Class,CU-10209,Customer 327,Home Office,United States,Georgia,Georgia,19120,South,FUR-FUR-7243,Furniture,Furnishings,Furnishings model 276,211.42,1,0.15,-6.96
3462,US-2021-103462,06/01/2021,06/07/2021,Standard Class,CU-10471,Customer 705,Home Office,United States,North Carolina,North Carolina,35367,South,OFF-LAB-5480,Office Supplies,Labels,Labels model 47,250.01,2,0.2,24.34
3463,US-2021-103463,12/15/2021,12/20/2021,Standard Class,CU-10271,Customer 84,Home Office,United States,Oregon,Oregon,44404,West,FUR-CHA-7942,Furniture,Chairs,Chairs model 282,452.92,1,0.1,-19.14
3464,US-2023-103464,12/04/2023,12/07/2023,First Class,CU-10384,Customer 471,Corporate,United States,California,California,88911,West,TEC-MAC-5091,Technology,Machines,Machines model 66,8367.62,5,0.1,1342.92
3465,US-2024-103465,03/23/2024,03/29/2024,Second Class,CU-10283,Customer 165,Home Office,United States,New Jersey,New Jersey,22890,East,OFF-STO-2322,Office Supplies,Storage,Storage model 232,622.75,7,0.15,39.82
3466,US-2022-103466,06/20/2022,06/23/2022,First Class,CU-10516,Customer 599,Corporate,United States,New York,New York,68754,East,OFF-ART-9072,Office Supplies,Art,Art model 48,130.51,6,0.1,29.98
3467,US-2021-103467,09/11/2021,09/16/2021,Standard Class,CU-10570,Customer 76,Consumer,United States,Georgia,Georgia,61544,South,FUR-TAB-3382,Furniture,Tables,Tables model 137,4740.36,7,0.1,-167.96
3468,US-2024-103468,06/01/2024,06/03/2024,Standard Class,CU-10039,Customer 482,Home Office,United States,Nevada,Nevada,20994,West,OFF-BIN-7575,Office Supplies,Binders,Binders model 177,740.93,7,0.1,5.25
3469,US-2022-103469,01/31/2022,02/04/2022,Same Day,CU-10441,Customer 357,Corporate,United States,Ohio,Ohio,63907,Central,OFF-ART-4443,Office Supplies,Art,Art model 150,29.47,1,0.4,0.12
3470,US-2023-103470,07/31/2023,08/03/2023,Standard Class,CU-10038,Customer 151,Home Office,United States,Texas,Texas,69078,Central,FUR-FUR-3449,Furniture,Furnishings,Furnishings model 73,462.37,7,0.15,99.38
3471,US-2023-103471,07/27/2023,08/02/2023,Standard Class,CU-10634,Customer 660,Home Office,United States,Nevada,Nevada,46383,West,OFF-PAP-7542,Office Supplies,Paper,Paper model 288,424.0,8,0.3,31.72
3472,US-2023-103472,07/06/2023,07/12/2023,Same Day,CU-10043,Customer 699,Corporate,United States,Texas,Texas,41256,Central,OFF-LAB-1219,Office Supplies,Labels,Labels model 255,92.81,2,0.15,-2.79
3473,US-2021-103473,09/02/2021,09/09/2021,Standard Class,CU-10562,Customer 253,Consumer,United States,New York,New York,19890,East,OFF-BIN-5161,Office Supplies,Binders,Binders model 186,539.42,4,0.2,-10.6
3474,US-2022-103474,07/12/2022,07/17/2022,Standard Class,CU-10661,Customer 475,Corporate,United States,California,California,48411,West,OFF-STO-7692,Office Supplies,Storage,Storage model 122,68.31,1,0.0,25.21
3475,US-2021-103475,11/17/2021,11/23/2021,Same Day,CU-10017,Customer 513,Consumer,United States,Ohio,Ohio,87341,Central,FUR-BOO-3921,Furniture,Bookcases,Bookcases model 219,4223.13,7,0.0,287.19
3476,US-2024-103476,11/26/2024,11/27/2024,Standard Class,CU-10765,Customer 153,Consumer,United States,Texas,Texas,71937,Central,OFF-STO-6767,Office Supplies,Storage,Storage model 141,156.1,6,0.1,3.8
3477,US-2021-103477,12/17/2021,12/21/2021,Standard Class,CU-10738,Customer 694,Home Office,United States,Texas,Texas,49892,Central,OFF-PAP-2063,Office Supplies,Paper,Paper model 225,571.66,5,0.2,41.84
3478,US-2022-103478,09/24/2022,09/29/2022,Standard Class,CU-10060,Customer 756,Consumer,United States,California,California,95795,West,OFF-PAP-3360,Office Supplies,Paper,Paper model 219,327.54,3,0.0,70.75
3479,US-2024-103479,07/15/2024,07/22/2024,First Class,CU-10065,Customer 194,Home Office,United States,Massachusetts,Massachusetts,84075,East,OFF-ART-7352,Office Supplies,Art,Art model 136,252.57,7,0.5,26.43
3480,US-2024-103480,03/14/2024,03/18/2024,First Class,CU-10101,Customer 246,Home Office,United States,Georgia,Georgia,39620,South,OFF-STO-1792,Office Supplies,Storage,Storage model 189,853.18,8,0.15,115.45
3481,US-2021-103481,12/05/2021,12/06/2021,Standard Class,CU-10228,Customer 600,Consumer,United States,Pennsylvania,Pennsylvania,76834,East,TEC-COP-4718,Technology,Copiers,Copiers model 213,751.73,9,0.2,-23.44
3482,US-2021-103482,08/20/2021,08/22/2021,Second Class,CU-10023,Customer 395,Consumer,United States,Georgia,Georgia,81824,South,OFF-ART-1903,Office Supplies,Art,Art model 81,197.04,7,0.1,18.26
3483,US-2021-103483,02/24/2021,02/28/2021,Standard Class,CU-10484,Customer 294,Corporate,United States,Nevada,Nevada,38577,West,TEC-MAC-5035,Technology,Machines,Machines model 59,772.46,7,0.0,399.47
3484,US-2021-103484,07/19/2021,07/23/2021,Second Class,CU-10317,Customer 27,Home Office,United States,Michigan,Michigan,21515,Central,FUR-TAB-9968,Furniture,Tables,Tables model 105,6826.23,9,0.5,-486.48
3485,US-2022-103485,11/28/2022,11/29/2022,Standard Class,CU-10395,Customer 592,Consumer,United States,New York,New York,59210,East,TEC-ACC-6482,Technology,Accessories,Accessories model 154,4883.25,5,0.1,-116.77
3486,US-2022-103486,09/05/2022,09/10/2022,Standard Class,CU-10451,Customer 251,Consumer,United States,Florida,Florida,82015,South,OFF-STO-6671,Office Supplies,Storage,Storage model 213,458.87,4,0.1,129.66
3487,US-2021-103487,10/23/2021,10/29/2021,First Class,CU-10789,Customer 155,Corporate,United States,California,California,56168,West,FUR-CHA-6010,Furniture,Chairs,Chairs model 295,5183.84,9,0.0,1101.99
3488,US-2022-103488,05/01/2022,05/03/2022,Second Class,CU-10195,Customer 29,Home Office,United States,Washington,Washington,41849,West,OFF-BIN-5140,Office Supplies,Binders,Binders model 22,558.03,8,0.5,-134.2
3489,US-2022-103489,02/02/2022,02/03/2022,Standard Class,CU-10447,Customer 64,Home Office,United States,Oregon,Oregon,73248,West,OFF-BIN-4832,Office Supplies,Binders,Binders model 35,81.94,1,0.0,-4.29
3490,US-2022-103490,07/26/2022,07/31/2022,Standard Class,CU-10220,Customer 459,Corporate,United States,Massachusetts,Massachusetts,79305,East,FUR-CHA-2155,Furniture,Chairs,Chairs model 229,3577.04,9,0.0,400.22
3491,US-2024-103491,05/18/2024,05/24/2024,First Class,CU-10783,Customer 458,Consumer,United States,Georgia,Georgia,48418,South,FUR-FUR-7098,Furniture,Furnishings,Furnishings model 150,1562.72,3,0.1,389.06
3492,US-2023-103492,08/26/2023,09/02/2023,Standard Class,CU-10136,Customer 150,Consumer,United States,North Carolina,North Carolina,71252,South,OFF-LAB-4566,Office Supplies,Labels,Labels model 84,324.79,4,0.0,82.52
3493,US-2024-103493,09/04/2024,09/10/2024,Second Class,CU-10458,Customer 80,Corporate,United States,Oregon,Oregon,38742,West,OFF-LAB-1763,Office Supplies,Labels,Labels model 153,760.82,7,0.2,10.4
3494,US-2022-103494,02/15/2022,02/19/2022,Standard Class,CU-10264,Customer 410,Consumer,United States,Alabama,Alabama,60466,South,OFF-LAB-2551,Office Supplies,Labels,Labels model 176,10.31,1,0.1,1.94
3495,US-2021-103495,08/13/2021,08/16/2021,Standard Class,CU-10155,Customer 268,Consumer,United States,North Carolina,North Carolina,13877,South,OFF-STO-4836,Office Supplies,Storage,Storage model 82,296.7,5,0.0,68.2
3496,US-2021-103496,02/06/2021,02/09/2021,Standard Class,CU-10374,Customer 531,Corporate,United States,Georgia,Georgia,81221,South,TEC-PHO-9984,Technology,Phones,Phones model 87,4302.66,4,0.2,361.59
3497,US-2022-103497,05/12/2022,05/18/2022,Second Class,CU-10690,Customer 416,Consumer,United States,Washington,Washington,78035,West,FUR-CHA-4371,Furniture,Chairs,Chairs model 125,6795.71,9,0.15,-508.39
3498,US-2023-103498,12/13/2023,12/14/2023,Second Class,CU-10376,Customer 402,Home Office,United States,New Jersey,New Jersey,33381,East,FUR-TAB-7730,Furniture,Tables,Tables model 245,2004.35,4,0.15,81.03
3499,US-2024-103499,02/10/2024,02/15/2024,Standard Class,CU-10343,Customer 273,Consumer,United States,Georgia,Georgia,44983,South,FUR-FUR-9796,Furniture,Furnishings,Furnishings model 119,1266.18,8,0.0,305.92
3500,US-2022-103500,01/26/2022,01/31/2022,Second Class,CU-10384,Customer 798,Consumer,United States,Texas,Texas,26236,Central,OFF-PAP-9425,Office Supplies,Paper,Paper model 102,270.74,3,0.0,90.92
3501,US-2022-103501,06/17/2022,06/23/2022,Standard Class,CU-10032,Customer 638,Consumer,United States,Pennsylvania,Pennsylvania,40450,East,OFF-STO-2075,Office Supplies,Storage,Storage model 115,264.77,2,0.0,43.0
3502,US-2022-103502,11/05/2022,11/10/2022,Standard Class,CU-10464,Customer 580,Consumer,United States,Georgia,Georgia,98895,South,FUR-CHA-2243,Furniture,Chairs,Chairs model 174,545.78,1,0.15,81.75
3503,US-2023-103503,09/09/2023,09/14/2023,Standard Class,CU-10639,Customer 599,Corporate,United States,Oregon,Oregon,30637,West,OFF-STO-1817,Office Supplies,Storage,Storage model 144,50.58,2,0.4,10.64
3504,US-2022-103504,04/09/2022,04/15/2022,Second Class,CU-10756,Customer 147,Corporate,United States,Massachusetts,Massachusetts,57832,East,FUR-TAB-7483,Furniture,Tables,Tables model 55,616.73,1,0.2,-159.58
3505,US-2021-103505,10/12/2021,10/19/2021,Standard Class,CU-10076,Customer 155,Home Office,United States,Georgia,Georgia,69372,South,OFF-BIN-7684,Office Supplies,Binders,Binders model 182,929.84,9,0.1,181.89
3506,US-2021-103506,03/25/2021,03/26/2021,Standard Class,CU-10384,Customer 606,Corporate,United States,Michigan,Michigan,36663,Central,FUR-BOO-7471,Furniture,Bookcases,Bookcases model 25,760.08,4,0.3,13.65
3507,US-2022-103507,03/30/2022,04/04/2022,Standard Class,CU-10219,Customer 437,Corporate,United States,Alabama,Alabama,72211,South,OFF-STO-2128,Office Supplies,Storage,Storage model 27,128.24,2,0.2,-4.67
3508,US-2024-103508,03/22/2024,03/27/2024,Standard Class,CU-10417,Customer 559,Home Office,United States,Pennsylvania,Pennsylvania,21940,East,OFF-ART-5358,Office Supplies,Art,Art model 243,65.23,1,0.0,-7.97
3509,US-2024-103509,05/19/2024,05/20/2024,Second Class,CU-10486,Customer 420,Corporate,United States,Washington,Washington,92089,West,OFF-STO-2077,Office Supplies,Storage,Storage model 244,130.16,4,0.0,25.76
3510,US-2022-103510,04/10/2022,04/16/2022,Standard Class,CU-10156,Customer 533,Consumer,United States,Alabama,Alabama,35321,South,TEC-COP-7423,Technology,Copiers,Copiers model 144,13038.84,8,0.2,1007.17
3511,US-2021-103511,04/01/2021,04/04/2021,First Class,CU-10645,Customer 23,Corporate,United States,North Carolina,North Carolina,24974,South,OFF-PAP-8113,Office Supplies,Paper,Paper model 253,147.29,9,0.0,40.08
3512,US-2021-103512,11/19/2021,11/21/2021,Standard Class,CU-10164,Customer 469,Home Office,United States,New Jersey,New Jersey,70639,East,OFF-BIN-1531,Office Supplies,Binders,Binders model 241,961.75,8,0.4,74.85
3513,US-2023-103513,06/12/2023,06/14/2023,Standard Class,CU-10121,Customer 717,Corporate,United States,Alabama,Alabama,48290,South,OFF-BIN-9137,Office Supplies,Binders,Binders model 203,98.21,1,0.3,5.34
3514,US-2022-103514,11/02/2022,11/04/2022,Standard Class,CU-10440,Customer 469,Home Office,United States,New York,New York,12399,East,FUR-CHA-2112,Furniture,Chairs,Chairs model 146,494.77,2,0.15,4.86
3515,US-2021-103515,10/16/2021,10/22/2021,Standard Class,CU-10170,Customer 375,Home Office,United States,Washington,Washington,78556,West,FUR-FUR-9403,Furniture,Furnishings,Furnishings model 79,337.68,1,0.1,132.29
3516,US-2022-103516,11/11/2022,11/15/2022,Second Class,CU-10191,Customer 557,Home Office,United States,California,California,80316,West,OFF-STO-6263,Office Supplies,Storage,Storage model 142,1051.53,8,0.0,-64.61
3517,US-2024-103517,06/11/2024,06/18/2024,Standard Class,CU-10425,Customer 506,Consumer,United States,Georgia,Georgia,56927,South,OFF-LAB-5091,Office Supplies,Labels,Labels model 27,157.21,8,0.5,-28.97
3518,US-2021-103518,02/28/2021,03/03/2021,Standard Class,CU-10482,Customer 243,Home Office,United States,Massachusetts,Massachusetts,98316,East,OFF-BIN-1530,Office Supplies,Binders,Binders model 25,1142.88,9,0.4,55.04
3519,US-2023-103519,11/28/2023,12/04/2023,Standard Class,CU-10527,Customer 422,Consumer,United States,Alabama,Alabama,14468,South,TEC-PHO-8917,Technology,Phones,Phones model 78,6501.94,9,0.0,2861.89
3520,US-2022-103520,09/09/2022,09/11/2022,Standard Class,CU-10550,Customer 242,Home Office,United States,Massachusetts,Massachusetts,51032,East,TEC-COP-7234,Technology,Copiers,Copiers model 87,2995.87,2,0.0,538.57
3521,US-2023-103521,08/06/2023,08/11/2023,Second Class,CU-10480,Customer 663,Consumer,United States,Illinois,Illinois,97276,Central,OFF-PAP-5920,Office Supplies,Paper,Paper model 237,379.67,7,0.4,-59.45
3522,US-2021-103522,01/06/2021,01/11/2021,Standard Class,CU-10537,Customer 661,Consumer,United States,Florida,Florida,63704,South,OFF-BIN-8232,Office Supplies,Binders,Binders model 25,401.99,6,0.15,30.02
3523,US-2024-103523,03/24/2024,03/30/2024,Standard Class,CU-10144,Customer 156,Home Office,United States,Michigan,Michigan,65554,Central,OFF-STO-9785,Office Supplies,Storage,Storage model 236,1085.25,8,0.0,56.85
3524,US-2024-103524,07/11/2024,07/15/2024,Second Class,CU-10291,Customer 178,Home Office,United States,Florida,Florida,31099,South,OFF-ART-7323,Office Supplies,Art,Art model 299,274.76,3,0.0,112.98
3525,US-2021-103525,03/10/2021,03/13/2021,Same Day,CU-10268,Customer 170,Consumer,United States,New Jersey,New Jersey,82529,East,FUR-FUR-9694,Furniture,Furnishings,Furnishings model 76,835.93,1,0.15,-56.48
3526,US-2024-103526,03/26/2024,03/28/2024,Standard Class,CU-10652,Customer 13,Consumer,United States,Ohio,Ohio,95766,Central,OFF-STO-3536,Office Supplies,Storage,Storage model 218,583.57,5,0.15,-19.82
3527,US-2024-103527,04/11/2024,04/16/2024,Standard Class,CU-10358,Customer 313,Home Office,United States,Texas,Texas,24622,Central,TEC-ACC-3838,Technology,Accessories,Accessories model 292,2268.51,2,0.1,417.86
3528,US-2022-103528,07/21/2022,07/22/2022,Standard Class,CU-10502,Customer 27,Corporate,United States,Nevada,Nevada,74040,West,OFF-LAB-5178,Office Supplies,Labels,Labels model 279,213.89,4,0.0,44.68
3529,US-2021-103529,04/17/2021,04/23/2021,First Class,CU-10278,Customer 768,Consumer,United States,Washington,Washington,57038,West,OFF-BIN-5314,Office Supplies,Binders,Binders model 66,299.24,9,0.15,126.33
3530,US-2022-103530,11/06/2022,11/09/2022,Standard Class,CU-10709,Customer 734,Consumer,United States,New Jersey,New Jersey,96875,East,TEC-MAC-7436,Technology,Machines,Machines model 155,3565.73,9,0.0,1357.36
3531,US-2021-103531,02/07/2021,02/10/2021,First Class,CU-10662,Customer 352,Home Office,United States,Oregon,Oregon,46102,West,OFF-LAB-6513,Office Supplies,Labels,Labels model 218,206.9,3,0.5,14.07
3532,US-2023-103532,08/13/2023,08/14/2023,Standard Class,CU-10039,Customer 164,Home Office,United States,Georgia,Georgia,84745,South,TEC-MAC-8608,Technology,Machines,Machines model 174,5651.26,8,0.15,849.11
3533,US-2022-103533,06/02/2022,06/08/2022,Same Day,CU-10433,Customer 113,Home Office,United States,Georgia,Georgia,32811,South,OFF-BIN-7994,Office Supplies,Binders,Binders model 239,262.58,7,0.1,48.05
3534,US-2024-103534,11/27/2024,12/04/2024,Standard Class,CU-10598,Customer 386,Home Office,United States,California,California,25065,West,OFF-PAP-6154,Office Supplies,Paper,Paper model 244,115.61,1,0.1,13.91
3535,US-2024-103535,03/02/2024,03/08/2024,Standard Class,CU-10624,Customer 0,Corporate,United States,North Carolina,North Carolina,75671,South,TEC-COP-7155,Technology,Copiers,Copiers model 31,7069.04,5,0.2,187.21
3536,US-2022-103536,08/04/2022,08/08/2022,Standard Class,CU-10245,Customer 45,Home Office,United States,Oregon,Oregon,78599,West,OFF-BIN-4574,Office Supplies,Binders,Binders model 181,194.85,2,0.0,32.57
3537,US-2024-103537,03/17/2024,03/24/2024,Standard Class,CU-10593,Customer 218,Consumer,United States,New York,New York,93103,East,TEC-MAC-3068,Technology,Machines,Machines model 221,5873.02,7,0.1,300.96
3538,US-2022-103538,12/16/2022,12/21/2022,Standard Class,CU-10676,Customer 673,Home Office,United States,Ohio,Ohio,68380,Central,OFF-LAB-3107,Office Supplies,Labels,Labels model 247,12.41,2,0.1,-3.56
3539,US-2023-103539,07/09/2023,07/12/2023,Standard Class,CU-10441,Customer 312,Home Office,United States,California,California,85788,West,TEC-COP-1190,Technology,Copiers,Copiers model 163,11059.04,7,0.0,3674.02
3540,US-2024-103540,01/08/2024,01/09/2024,Standard Class,CU-10612,Customer 14,Consumer,United States,Illinois,Illinois,57995,Central,OFF-LAB-2347,Office Supplies,Labels,Labels model 132,1077.67,8,0.1,73.32
3541,US-2022-103541,04/24/2022,04/25/2022,Same Day,CU-10673,Customer 56,Home Office,United States,Michigan,Michigan,11800,Central,TEC-PHO-4745,Technology,Phones,Phones model 237,4837.98,9,0.3,949.81
3542,US-2021-103542,01/29/2021,01/31/2021,Standard Class,CU-10703,Customer 47,Corporate,United States,New Jersey,New Jersey,84016,East,OFF-LAB-9134,Office Supplies,Labels,Labels model 19,94.08,1,0.4,-2.6
3543,US-2023-103543,11/10/2023,11/12/2023,First Class,CU-10469,Customer 724,Home Office,United States,California,California,40417,West,OFF-LAB-8443,Office Supplies,Labels,Labels model 202,269.62,2,0.3,51.34
3544,US-2024-103544,11/15/2024,11/22/2024,Standard Class,CU-10056,Customer 205,Home Office,United States,Massachusetts,Massachusetts,41200,East,TEC-ACC-6585,Technology,Accessories,Accessories model 57,5579.54,4,0.4,-817.67
3545,US-2022-103545,06/21/2022,06/27/2022,Standard Class,CU-10664,Customer 795,Corporate,United States,Michigan,Michigan,58543,Central,OFF-LAB-7930,Office Supplies,Labels,Labels model 222,160.09,6,0.0,56.82
3546,US-2022-103546,09/21/2022,09/22/2022,Standard Class,CU-10191,Customer 366,Home Office,United States,Pennsylvania,Pennsylvania,13616,East,OFF-ART-7222,Office Supplies,Art,Art model 224,682.73,9,0.0,120.76
3547,US-2023-103547,07/29/2023,08/01/2023,First Class,CU-10092,Customer 454,Consumer,United States,Michigan,Michigan,78559,Central,OFF-ART-5160,Office Supplies,Art,Art model 283,209.1,2,0.2,42.78
3548,US-2022-103548,12/22/2022,12/25/2022,Second Class,CU-10272,Customer 732,Home Office,United States,Texas,Texas,35207,Central,OFF-BIN-5311,Office Supplies,Binders,Binders model 72,330.67,4,0.0,102.65
3549,US-2022-103549,01/11/2022,01/14/2022,Standard Class,CU-10046,Customer 2,Consumer,United States,North Carolina,North Carolina,58559,South,FUR-FUR-9629,Furniture,Furnishings,Furnishings model 280,950.34,3,0.1,276.78
3550,US-2023-103550,05/10/2023,05/17/2023,Standard Class,CU-10708,Customer 256,Home Office,United States,Oregon,Oregon,28766,West,FUR-BOO-2882,Furniture,Bookcases,Bookcases model 157,790.12,3,0.0,69.75
3551,US-2022-103551,01/08/2022,01/14/2022,Standard Class,CU-10623,Customer 180,Consumer,United States,Alabama,Alabama,87321,South,OFF-LAB-6541,Office Supplies,Labels,Labels model 293,455.44,5,0.3,79.99
3552,US-2024-103552,12/23/2024,12/27/2024,Standard Class,CU-10323,Customer 130,Corporate,United States,Washington,Washington,16515,West,TEC-ACC-2662,Technology,Accessories,Accessories model 176,2522.23,4,0.1,312.7
3553,US-2024-103553,04/28/2024,05/04/2024,Standard Class,CU-10303,Customer 260,Corporate,United States,New York,New York,50046,East,OFF-LAB-2112,Office Supplies,Labels,Labels model 81,602.83,8,0.1,0.0
3554,US-2021-103554,11/26/2021,11/28/2021,Second Class,CU-10093,Customer 360,Corporate,United States,Ohio,Ohio,15422,Central,OFF-STO-4255,Office Supplies,Storage,Storage model 205,121.67,2,0.4,20.97
3555,US-2024-103555,08/15/2024,08/16/2024,Standard Class,CU-10219,Customer 22,Corporate,United States,Michigan,Michigan,41621,Central,OFF-ART-1560,Office Supplies,Art,Art model 277,632.58,7,0.1,45.03
3556,US-2021-103556,05/12/2021,05/18/2021,Second Class,CU-10180,Customer 1,Consumer,United States,Nevada,Nevada,74911,West,TEC-MAC-6141,Technology,Machines,Machines model 149,7958.55,6,0.3,-970.85
3557,US-2022-103557,10/17/2022,10/22/2022,First Class,CU-10115,Customer 411,Home Office,United States,Pennsylvania,Pennsylvania,88139,East,TEC-ACC-8703,Technology,Accessories,Accessories model 143,1177.23,1,0.1,134.82
3558,US-2021-103558,03/20/2021,03/22/2021,First Class,CU-10398,Customer 306,Corporate,United States,Oregon,Oregon,42492,West,OFF-STO-5049,Office Supplies,Storage,Storage model 76,483.4,7,0.0,78.66
3559,US-2023-103559,01/01/2023,01/04/2023,Standard Class,CU-10793,Customer 396,Corporate,United States,Pennsylvania,Pennsylvania,17349,East,OFF-PAP-9495,Office Supplies,Paper,Paper model 228,459.77,8,0.0,83.61
3560,US-2022-103560,03/21/2022,03/26/2022,Standard Class,CU-10075,Customer 766,Consumer,United States,Ohio,Ohio,88163,Central,OFF-STO-1946,Office Supplies,Storage,Storage model 107,1296.98,9,0.0,252.89
3561,US-2022-103561,02/03/2022,02/07/2022,First Class,CU-10265,Customer 106,Home Office,United States,Pennsylvania,Pennsylvania,95866,East,TEC-MAC-7715,Technology,Machines,Machines model 71,13622.8,8,0.1,3344.99
3562,US-2023-103562,05/11/2023,05/14/2023,Standard Class,CU-10344,Customer 526,Corporate,United States,Pennsylvania,Pennsylvania,22822,East,FUR-FUR-2755,Furniture,Furnishings,Furnishings model 198,3312.7,5,0.2,983.69
3563,US-2021-103563,12/03/2021,12/09/2021,First Class,CU-10257,Customer 271,Consumer,United States,Georgia,Georgia,66724,South,FUR-TAB-6124,Furniture,Tables,Tables model 128,1918.87,6,0.15,-67.21
3564,US-2023-103564,02/16/2023,02/20/2023,Standard Class,CU-10176,Customer 708,Home Office,United States,Ohio,Ohio,37644,Central,OFF-BIN-8670,Office Supplies,Binders,Binders model 69,1131.22,8,0.15,280.78
3565,US-2024-103565,09/30/2024,10/04/2024,Second Class,CU-10170,Customer 268,Home Office,United States,California,California,28008,West,OFF-ART-7096,Office Supplies,Art,Art model 17,174.85,2,0.1,-7.16
3566,US-2021-103566,07/03/2021,07/07/2021,Second Class,CU-10029,Customer 334,Corporate,United States,Washington,Washington,97474,West,FUR-CHA-6152,Furniture,Chairs,Chairs model 57,1243.67,3,0.3,278.15
3567,US-2022-103567,02/16/2022,02/18/2022,Second Class,CU-10523,Customer 335,Consumer,United States,New Jersey,New Jersey,53672,East,OFF-ART-3647,Office Supplies,Art,Art model 63,161.73,2,0.0,76.65
3568,US-2022-103568,03/21/2022,03/27/2022,Second Class,CU-10574,Customer 717,Consumer,United States,Nevada,Nevada,49935,West,TEC-MAC-1529,Technology,Machines,Machines model 258,591.51,2,0.0,169.38
3569,US-2024-103569,09/21/2024,09/27/2024,Standard Class,CU-10677,Customer 454,Corporate,United States,New Jersey,New Jersey,81524,East,OFF-PAP-8294,Office Supplies,Paper,Paper model 38,1036.76,9,0.1,258.69
3570,US-2023-103570,05/20/2023,05/22/2023,Second Class,CU-10028,Customer 105,Home Office,United States,Illinois,Illinois,46148,Central,TEC-COP-7951,Technology,Copiers,Copiers model 247,9021.99,6,0.1,1424.87
3571,US-2022-103571,06/21/2022,06/26/2022,Standard Class,CU-10286,Customer 315,Corporate,United States,Texas,Texas,55484,Central,OFF-STO-3494,Office Supplies,Storage,Storage model 57,334.68,3,0.0,126.76
3572,US-2024-103572,03/29/2024,04/04/2024,Standard Class,CU-10591,Customer 556,Home Office,United States,New York,New York,33513,East,OFF-LAB-7967,Office Supplies,Labels,Labels model 83,317.12,4,0.0,28.94
3573,US-2021-103573,09/25/2021,10/01/2021,Standard Class,CU-10041,Customer 232,Home Office,United States,Illinois,Illinois,20562,Central,OFF-STO-9187,Office Supplies,Storage,Storage model 174,117.0,1,0.0,37.13
3574,US-2024-103574,04/19/2024,04/26/2024,Standard Class,CU-10238,Customer 247,Home Office,United States,North Carolina,North Carolina,62744,South,TEC-MAC-4905,Technology,Machines,Machines model 84,11703.9,9,0.2,-1434.11
3575,US-2023-103575,11/08/2023,11/10/2023,Standard Class,CU-10446,Customer 683,Home Office,United States,Oregon,Oregon,47295,West,OFF-LAB-7675,Office Supplies,Labels,Labels model 254,543.27,7,0.15,115.07
3576,US-2023-103576,07/16/2023,07/18/2023,Second Class,CU-10573,Customer 704,Consumer,United States,Ohio,Ohio,23261,Central,TEC-COP-9829,Technology,Copiers,Copiers model 38,8682.16,6,0.0,1460.74
3577,US-2024-103577,07/02/2024,07/03/2024,Standard Class,CU-10318,Customer 162,Corporate,United States,Ohio,Ohio,67318,Central,OFF-LAB-4066,Office Supplies,Labels,Labels model 22,164.33,7,0.3,10.03
3578,US-2021-103578,04/17/2021,04/20/2021,Standard Class,CU-10085,Customer 225,Corporate,United States,Alabama,Alabama,97585,South,OFF-PAP-9291,Office Supplies,Paper,Paper model 212,250.4,2,0.3,52.93
3579,US-2023-103579,07/04/2023,07/09/2023,Second Class,CU-10659,Customer 721,Corporate,United States,Washington,Washington,60059,West,OFF-ART-7360,Office Supplies,Art,Art model 17,230.18,2,0.15,71.95
3580,US-2024-103580,12/25/2024,12/31/2024,First Class,CU-10708,Customer 427,Corporate,United States,New Jersey,New Jersey,37759,East,OFF-STO-1372,Office Supplies,Storage,Storage model 245,689.09,6,0.15,132.79
3581,US-2022-103581,07/04/2022,07/10/2022,Standard Class,CU-10011,Customer 688,Consumer,United States,Ohio,Ohio,87493,Central,OFF-BIN-2405,Office Supplies,Binders,Binders model 183,568.53,9,0.1,-27.75
3582,US-2022-103582,02/20/2022,02/21/2022,Standard Class,CU-10438,Customer 431,Consumer,United States,Illinois,Illinois,71291,Central,FUR-TAB-5034,Furniture,Tables,Tables model 241,489.57,9,0.3,56.45
3583,US-2021-103583,05/22/2021,05/23/2021,Second Class,CU-10179,Customer 416,Corporate,United States,Georgia,Georgia,65079,South,TEC-COP-4664,Technology,Copiers,Copiers model 151,2586.75,5,0.3,-9.48
3584,US-2023-103584,02/07/2023,02/11/2023,Standard Class,CU-10622,Customer 175,Corporate,United States,Nevada,Nevada,29663,West,TEC-COP-2789,Technology,Copiers,Copiers model 31,3175.15,5,0.1,92.04
3585,US-2021-103585,07/11/2021,07/16/2021,Standard Class,CU-10581,Customer 389,Consumer,United States,Florida,Florida,61249,South,OFF-STO-7850,Office Supplies,Storage,Storage model 232,681.74,6,0.2,39.07
3586,US-2023-103586,11/09/2023,11/12/2023,Standard Class,CU-10731,Customer 525,Consumer,United States,New York,New York,17667,East,OFF-PAP-7788,Office Supplies,Paper,Paper model 274,51.33,5,0.2,3.04
3587,US-2021-103587,08/21/2021,08/27/2021,Standard Class,CU-10490,Customer 283,Corporate,United States,Washington,Washington,26404,West,FUR-BOO-2762,Furniture,Bookcases,Bookcases model 273,1536.22,6,0.1,182.63
3588,US-2022-103588,01/12/2022,01/14/2022,First Class,CU-10339,Customer 43,Corporate,United States,New York,New York,95573,East,FUR-BOO-6890,Furniture,Bookcases,Bookcases model 38,6387.99,8,0.1,88.32
3589,US-2023-103589,03/24/2023,03/29/2023,Standard Class,CU-10557,Customer 588,Home Office,United States,North Carolina,North Carolina,72886,South,FUR-TAB-9493,Furniture,Tables,Tables model 50,4646.36,8,0.15,648.19
3590,US-2021-103590,03/03/2021,03/05/2021,Second Class,CU-10608,Customer 679,Corporate,United States,Texas,Texas,97479,Central,FUR-BOO-3361,Furniture,Bookcases,Bookcases model 82,2872.71,4,0.0,838.46
3591,US-2021-103591,06/12/2021,06/16/2021,First Class,CU-10437,Customer 394,Consumer,United States,Alabama,Alabama,54417,South,TEC-MAC-5757,Technology,Machines,Machines model 150,6788.8,4,0.1,2113.8
3592,US-2021-103592,07/26/2021,07/27/2021,Standard Class,CU-10239,Customer 509,Home Office,United States,Alabama,Alabama,22637,South,OFF-STO-1013,Office Supplies,Storage,Storage model 179,137.99,6,0.1,51.79
3593,US-2024-103593,01/24/2024,01/30/2024,First Class,CU-10268,Customer 238,Corporate,United States,Washington,Washington,92684,West,OFF-LAB-1072,Office Supplies,Labels,Labels model 172,106.52,1,0.15,5.62
3594,US-2021-103594,07/04/2021,07/11/2021,Standard Class,CU-10756,Customer 605,Home Office,United States,Florida,Florida,49773,South,TEC-ACC-1951,Technology,Accessories,Accessories model 92,7910.19,9,0.15,512.21
3595,US-2023-103595,11/22/2023,11/27/2023,Second Class,CU-10058,Customer 364,Home Office,United States,Georgia,Georgia,73562,South,FUR-TAB-7229,Furniture,Tables,Tables model 199,140.2,3,0.3,5.51
3596,US-2021-103596,02/20/2021,02/27/2021,Second Class,CU-10376,Customer 419,Home Office,United States,Ohio,Ohio,71333,Central,FUR-TAB-4638,Furniture,Tables,Tables model 252,3692.31,5,0.4,534.97
3597,US-2021-103597,02/07/2021,02/11/2021,First Class,CU-10362,Customer 9,Corporate,United States,Washington,Washington,76794,West,FUR-BOO-2592,Furniture,Bookcases,Bookcases model 139,2470.5,7,0.0,339.5
3598,US-2023-103598,10/24/2023,10/30/2023,First Class,CU-10101,Customer 611,Home Office,United States,Pennsylvania,Pennsylvania,90212,East,OFF-BIN-4577,Office Supplies,Binders,Binders model 140,250.06,3,0.1,20.7
3599,US-2022-103599,01/23/2022,01/28/2022,Second Class,CU-10764,Customer 515,Home Office,United States,Georgia,Georgia,44013,South,TEC-ACC-9174,Technology,Accessories,Accessories model 121,3095.56,4,0.3,285.24
3600,US-2023-103600,05/09/2023,05/12/2023,Standard Class,CU-10607,Customer 20,Home Office,United States,New Jersey,New Jersey,14387,East,TEC-MAC-5329,Technology,Machines,Machines model 259,1406.17,4,0.0,389.44
3601,US-2021-103601,07/19/2021,07/23/2021,First Class,CU-10368,Customer 647,Consumer,United States,North Carolina,North Carolina,32230,South,TEC-COP-2943,Technology,Copiers,Copiers model 44,2034.45,2,0.0,231.64
3602,US-2021-103602,03/18/2021,03/23/2021,Standard Class,CU-10278,Customer 154,Corporate,United States,New Jersey,New Jersey,44237,East,TEC-COP-2049,Technology,Copiers,Copiers model 287,809.57,2,0.3,-181.46
3603,US-2021-103603,03/13/2021,03/16/2021,Standard Class,CU-10290,Customer 71,Corporate,United States,Georgia,Georgia,54829,South,FUR-CHA-7349,Furniture,Chairs,Chairs model 129,2698.35,4,0.0,871.44
3604,US-2023-103604,08/01/2023,08/07/2023,Standard Class,CU-10725,Customer 633,Consumer,United States,Florida,Florida,13970,South,OFF-LAB-6715,Office Supplies,Labels,Labels model 11,166.57,8,0.3,21.3
3605,US-2022-103605,11/19/2022,11/22/2022,Standard Class,CU-10645,Customer 712,Home Office,United States,New Jersey,New Jersey,43157,East,OFF-ART-1046,Office Supplies,Art,Art model 19,55.15,1,0.3,2.65
3606,US-2021-103606,03/13/2021,03/18/2021,First Class,CU-10685,Customer 531,Home Office,United States,California,California,98545,West,TEC-COP-8799,Technology,Copiers,Copiers model 84,11997.56,8,0.3,331.21
3607,US-2024-103607,02/15/2024,02/20/2024,Standard Class,CU-10029,Customer 318,Home Office,United States,New Jersey,New Jersey,49397,East,OFF-PAP-9835,Office Supplies,Paper,Paper model 38,504.56,7,0.15,132.81
3608,US-2022-103608,11/26/2022,12/01/2022,Standard Class,CU-10211,Customer 68,Home Office,United States,Florida,Florida,57964,South,OFF-STO-8645,Office Supplies,Storage,Storage model 273,61.31,2,0.1,-2.46
3609,US-2022-103609,11/10/2022,11/12/2022,Second Class,CU-10541,Customer 423,Corporate,United States,Oregon,Oregon,68755,West,TEC-MAC-1881,Technology,Machines,Machines model 186,12767.15,8,0.0,1977.81
3610,US-2021-103610,07/21/2021,07/23/2021,First Class,CU-10434,Customer 109,Corporate,United States,Michigan,Michigan,60259,Central,OFF-BIN-6705,Office Supplies,Binders,Binders model 240,360.47,7,0.1,126.03
3611,US-2023-103611,02/14/2023,02/15/2023,Standard Class,CU-10347,Customer 109,Consumer,United States,Massachusetts,Massachusetts,19175,East,FUR-TAB-1656,Furniture,Tables,Tables model 219,518.55,5,0.0,119.12
3612,US-2024-103612,10/08/2024,10/10/2024,Standard Class,CU-10614,Customer 308,Home Office,United States,Ohio,Ohio,78847,Central,TEC-ACC-5922,Technology,Accessories,Accessories model 160,6895.28,6,0.2,1292.44
3613,US-2022-103613,09/01/2022,09/04/2022,First Class,CU-10386,Customer 54,Consumer,United States,Georgia,Georgia,92721,South,FUR-BOO-2990,Furniture,Bookcases,Bookcases model 295,2203.37,9,0.0,176.64
3614,US-2022-103614,04/28/2022,04/30/2022,First Class,CU-10033,Customer 204,Corporate,United States,North Carolina,North Carolina,75331,South,FUR-FUR-1412,Furniture,Furnishings,Furnishings model 110,1523.24,3,0.0,374.47
3615,US-2024-103615,07/01/2024,07/03/2024,Standard Class,CU-10621,Customer 677,Corporate,United States,New York,New York,77166,East,OFF-PAP-8676,Office Supplies,Paper,Paper model 122,61.1,2,0.0,14.63
3616,US-2024-103616,12/07/2024,12/13/2024,Standard Class,CU-10075,Customer 627,Home Office,United States,Illinois,Illinois,58892,Central,OFF-ART-9108,Office Supplies,Art,Art model 76,129.91,1,0.15,17.2
3617,US-2023-103617,08/23/2023,08/29/2023,Standard Class,CU-10585,Customer 67,Corporate,United States,Ohio,Ohio,43197,Central,OFF-STO-6525,Office Supplies,Storage,Storage model 115,23.79,3,0.3,2.44
3618,US-2022-103618,11/27/2022,11/30/2022,Second Class,CU-10639,Customer 417,Home Office,United States,Pennsylvania,Pennsylvania,76906,East,OFF-STO-8402,Office Supplies,Storage,Storage model 80,791.87,9,0.5,-243.9
3619,US-2023-103619,12/01/2023,12/08/2023,Standard Class,CU-10582,Customer 281,Consumer,United States,Texas,Texas,62473,Central,OFF-ART-1915,Office Supplies,Art,Art model 45,85.34,1,0.4,7.52
3620,US-2021-103620,05/06/2021,05/13/2021,Standard Class,CU-10269,Customer 133,Corporate,United States,Nevada,Nevada,93796,West,OFF-ART-9670,Office Supplies,Art,Art model 98,314.32,5,0.0,30.09
3621,US-2021-103621,09/18/2021,09/23/2021,Standard Class,CU-10765,Customer 17,Home Office,United States,Illinois,Illinois,76953,Central,OFF-BIN-5970,Office Supplies,Binders,Binders model 238,264.31,9,0.15,89.67
3622,US-2021-103622,05/11/2021,05/12/2021,Second Class,CU-10507,Customer 105,Consumer,United States,Pennsylvania,Pennsylvania,38349,East,OFF-STO-6580,Office Supplies,Storage,Storage model 162,483.7,8,0.2,99.81
3623,US-2022-103623,06/02/2022,06/07/2022,Standard Class,CU-10729,Customer 715,Consumer,United States,Massachusetts,Massachusetts,70879,East,OFF-STO-8779,Office Supplies,Storage,Storage model 99,478.37,6,0.5,20.35
3624,US-2021-103624,11/04/2021,11/09/2021,First Class,CU-10234,Customer 464,Consumer,United States,Illinois,Illinois,13803,Central,FUR-TAB-6541,Furniture,Tables,Tables model 1,4989.34,7,0.15,1022.51
3625,US-2021-103625,07/28/2021,07/30/2021,Standard Class,CU-10291,Customer 90,Home Office,United States,Texas,Texas,13929,Central,OFF-PAP-6359,Office Supplies,Paper,Paper model 126,791.77,9,0.15,57.6
3626,US-2021-103626,09/06/2021,09/08/2021,Standard Class,CU-10013,Customer 203,Home Office,United States,New Jersey,New Jersey,28906,East,OFF-LAB-5687,Office Supplies,Labels,Labels model 5,434.76,3,0.1,32.95
3627,US-2024-103627,01/29/2024,01/31/2024,Standard Class,CU-10110,Customer 533,Home Office,United States,Michigan,Michigan,70545,Central,FUR-BOO-9220,Furniture,Bookcases,Bookcases model 157,4496.41,8,0.1,-524.51
3628,US-2023-103628,05/01/2023,05/05/2023,Standard Class,CU-10650,Customer 368,Home Office,United States,Michigan,Michigan,91997,Central,TEC-ACC-8817,Technology,Accessories,Accessories model 104,10832.43,7,0.0,3554.92
3629,US-2024-103629,11/06/2024,11/13/2024,Standard Class,CU-10376,Customer 794,Corporate,United States,Illinois,Illinois,14449,Central,TEC-PHO-6182,Technology,Phones,Phones model 296,4678.92,9,0.4,-556.96
3630,US-2024-103630,07/03/2024,07/07/2024,Second Class,CU-10014,Customer 751,Consumer,United States,North Carolina,North Carolina,82520,South,OFF-LAB-6277,Office Supplies,Labels,Labels model 159,83.49,3,0.15,-2.06
3631,US-2022-103631,03/21/2022,03/27/2022,Same Day,CU-10071,Customer 423,Home Office,United States,Oregon,Oregon,73470,West,OFF-BIN-5725,Office Supplies,Binders,Binders model 174,377.29,5,0.0,68.51
3632,US-2022-103632,05/30/2022,06/05/2022,Standard Class,CU-10475,Customer 666,Consumer,United States,Massachusetts,Massachusetts,78504,East,OFF-PAP-5554,Office Supplies,Paper,Paper model 258,761.45,7,0.15,396.95
3633,US-2022-103633,07/08/2022,07/12/2022,Standard Class,CU-10249,Customer 249,Home Office,United States,Pennsylvania,Pennsylvania,93621,East,TEC-PHO-8647,Technology,Phones,Phones model 111,7877.61,9,0.3,440.45
3634,US-2024-103634,04/24/2024,04/28/2024,Standard Class,CU-10663,Customer 12,Corporate,United States,New York,New York,86894,East,OFF-LAB-5804,Office Supplies,Labels,Labels model 118,163.33,2,0.0,39.95
3635,US-2021-103635,07/03/2021,07/05/2021,Standard Class,CU-10569,Customer 24,Consumer,United States,New Jersey,New Jersey,76903,East,FUR-TAB-2688,Furniture,Tables,Tables model 163,5261.24,7,0.0,1782.32
3636,US-2022-103636,03/04/2022,03/09/2022,Standard Class,CU-10135,Customer 416,Consumer,United States,Texas,Texas,12485,Central,OFF-PAP-6612,Office Supplies,Paper,Paper model 113,13.74,1,0.1,3.58
3637,US-2023-103637,06/06/2023,06/07/2023,Standard Class,CU-10735,Customer 756,Consumer,United States,New Jersey,New Jersey,14613,East,OFF-ART-7027,Office Supplies,Art,Art model 45,856.1,8,0.3,-40.18
3638,US-2024-103638,10/10/2024,10/15/2024,First Class,CU-10521,Customer 675,Corporate,United States,Ohio,Ohio,97735,Central,OFF-PAP-2341,Office Supplies,Paper,Paper model 247,350.64,5,0.0,32.86
3639,US-2022-103639,02/26/2022,02/27/2022,First Class,CU-10731,Customer 453,Corporate,United States,Georgia,Georgia,62910,South,OFF-BIN-9776,Office Supplies,Binders,Binders model 263,708.94,5,0.1,8.58
3640,US-2024-103640,12/03/2024,12/05/2024,Standard Class,CU-10432,Customer 21,Consumer,United States,Illinois,Illinois,75568,Central,OFF-STO-2885,Office Supplies,Storage,Storage model 8,59.37,1,0.0,10.18
3641,US-2023-103641,02/10/2023,02/14/2023,Second Class,CU-10304,Customer 143,Corporate,United States,North Carolina,North Carolina,92485,South,TEC-MAC-7336,Technology,Machines,Machines model 1,3359.43,5,0.1,242.82
3642,US-2024-103642,09/25/2024,09/26/2024,Standard Class,CU-10235,Customer 780,Consumer,United States,California,California,24494,West,OFF-STO-6874,Office Supplies,Storage,Storage model 114,315.05,6,0.0,63.53
3643,US-2022-103643,04/15/2022,04/22/2022,First Class,CU-10233,Customer 304,Home Office,United States,Texas,Texas,70287,Central,OFF-STO-9625,Office Supplies,Storage,Storage model 114,110.3,1,0.15,29.22
3644,US-2024-103644,01/28/2024,01/29/2024,Standard Class,CU-10197,Customer 23,Home Office,United States,Pennsylvania,Pennsylvania,82158,East,FUR-BOO-4169,Furniture,Bookcases,Bookcases model 291,2511.48,3,0.0,1085.21
3645,US-2024-103645,06/07/2024,06/10/2024,Standard Class,CU-10333,Customer 368,Corporate,United States,Washington,Washington,54785,West,TEC-PHO-7327,Technology,Phones,Phones model 11,3184.29,7,0.2,688.06
3646,US-2022-103646,05/14/2022,05/16/2022,Second Class,CU-10745,Customer 561,Home Office,United States,Ohio,Ohio,78641,Central,TEC-COP-2104,Technology,Copiers,Copiers model 114,204.8,1,0.3,62.61
3647,US-2024-103647,02/01/2024,02/05/2024,Standard Class,CU-10568,Customer 492,Consumer,United States,Massachusetts,Massachusetts,51853,East,FUR-CHA-5221,Furniture,Chairs,Chairs model 141,479.87,6,0.15,-42.8
3648,US-2024-103648,11/12/2024,11/14/2024,Standard Class,CU-10106,Customer 25,Consumer,United States,Georgia,Georgia,35768,South,OFF-STO-2538,Office Supplies,Storage,Storage model 290,47.89,2,0.0,19.09
3649,US-2021-103649,04/07/2021,04/14/2021,Second Class,CU-10776,Customer 594,Home Office,United States,Alabama,Alabama,92142,South,OFF-BIN-4250,Office Supplies,Binders,Binders model 34,907.2,8,0.15,94.59
3650,US-2022-103650,02/21/2022,02/25/2022,Standard Class,CU-10626,Customer 389,Consumer,United States,New York,New York,67210,East,OFF-STO-2098,Office Supplies,Storage,Storage model 22,232.31,2,0.0,84.56
3651,US-2024-103651,05/18/2024,05/19/2024,Standard Class,CU-10066,Customer 113,Corporate,United States,North Carolina,North Carolina,54224,South,TEC-PHO-3831,Technology,Phones,Phones model 20,10320.32,6,0.1,-276.79
3652,US-2021-103652,09/12/2021,09/18/2021,Second Class,CU-10772,Customer 550,Consumer,United States,Michigan,Michigan,29563,Central,OFF-LAB-6718,Office Supplies,Labels,Labels model 94,987.88,9,0.1,-31.67
3653,US-2023-103653,09/11/2023,09/17/2023,First Class,CU-10519,Customer 198,Corporate,United States,Illinois,Illinois,87139,Central,OFF-BIN-2478,Office Supplies,Binders,Binders model 173,185.72,2,0.0,15.81
3654,US-2024-103654,09/21/2024,09/22/2024,First Class,CU-10496,Customer 422,Corporate,United States,Washington,Washington,71811,West,FUR-FUR-3025,Furniture,Furnishings,Furnishings model 158,2267.72,5,0.4,612.65
3655,US-2023-103655,07/15/2023,07/19/2023,Standard Class,CU-10313,Customer 536,Consumer,United States,North Carolina,North Carolina,67424,South,FUR-FUR-4741,Furniture,Furnishings,Furnishings model 8,2929.51,5,0.15,230.9
3656,US-2021-103656,11/15/2021,11/17/2021,Second Class,CU-10101,Customer 118,Consumer,United States,Massachusetts,Massachusetts,58976,East,FUR-FUR-9357,Furniture,Furnishings,Furnishings model 151,2054.61,3,0.1,285.95
3657,US-2021-103657,09/30/2021,10/01/2021,Standard Class,CU-10214,Customer 407,Corporate,United States,Alabama,Alabama,78042,South,OFF-STO-2575,Office Supplies,Storage,Storage model 93,547.75,7,0.4,31.59
3658,US-2024-103658,11/22/2024,11/23/2024,Same Day,CU-10019,Customer 69,Consumer,United States,New Jersey,New Jersey,15145,East,OFF-STO-5474,Office Supplies,Storage,Storage model 223,686.41,5,0.0,217.13
3659,US-2021-103659,04/29/2021,05/04/2021,Standard Class,CU-10447,Customer 414,Consumer,United States,Texas,Texas,70764,Central,TEC-PHO-6247,Technology,Phones,Phones model 35,1451.95,8,0.1,19.53
3660,US-2021-103660,01/28/2021,01/29/2021,Standard Class,CU-10078,Customer 439,Home Office,United States,Ohio,Ohio,95192,Central,TEC-COP-7919,Technology,Copiers,Copiers model 37,3015.26,2,0.1,367.1
3661,US-2024-103661,12/14/2024,12/20/2024,Standard Class,CU-10270,Customer 147,Consumer,United States,Nevada,Nevada,46865,West,FUR-FUR-1756,Furniture,Furnishings,Furnishings model 6,1168.85,5,0.1,353.07
3662,US-2023-103662,05/01/2023,05/06/2023,Second Class,CU-10574,Customer 634,Consumer,United States,Texas,Texas,60629,Central,OFF-BIN-7761,Office Supplies,Binders,Binders model 13,730.36,6,0.0,175.51
3663,US-2021-103663,08/22/2021,08/27/2021,Second Class,CU-10004,Customer 715,Consumer,United States,New York,New York,24855,East,TEC-ACC-9499,Technology,Accessories,Accessories model 35,1907.5,7,0.2,-202.53
3664,US-2021-103664,05/22/2021,05/28/2021,Standard Class,CU-10530,Customer 416,Consumer,United States,North Carolina,North Carolina,94983,South,OFF-STO-2704,Office Supplies,Storage,Storage model 42,232.06,8,0.15,20.05
3665,US-2023-103665,07/06/2023,07/07/2023,Standard Class,CU-10451,Customer 608,Corporate,United States,Nevada,Nevada,58773,West,OFF-ART-5795,Office Supplies,Art,Art model 214,815.55,6,0.1,130.48
3666,US-2024-103666,01/11/2024,01/15/2024,Standard Class,CU-10351,Customer 494,Home Office,United States,Florida,Florida,49184,South,OFF-BIN-4947,Office Supplies,Binders,Binders model 1,386.55,6,0.0,-22.95
3667,US-2024-103667,08/02/2024,08/08/2024,Same Day,CU-10787,Customer 706,Consumer,United States,North Carolina,North Carolina,59418,South,FUR-BOO-4585,Furniture,Bookcases,Bookcases model 158,3249.63,4,0.3,44.02
3668,US-2024-103668,08/26/2024,09/02/2024,Standard Class,CU-10380,Customer 791,Corporate,United States,Florida,Florida,51198,South,OFF-BIN-3323,Office Supplies,Binders,Binders model 163,110.76,2,0.4,5.4
3669,US-2021-103669,10/25/2021,10/30/2021,Standard Class,CU-10037,Customer 442,Corporate,United States,New Jersey,New Jersey,15469,East,TEC-MAC-4502,Technology,Machines,Machines model 220,2432.22,3,0.1,-72.81
3670,US-2024-103670,07/24/2024,07/31/2024,Second Class,CU-10055,Customer 423,Consumer,United States,Michigan,Michigan,75624,Central,OFF-BIN-1556,Office Supplies,Binders,Binders model 279,122.99,2,0.0,49.75
3671,US-2022-103671,08/05/2022,08/10/2022,Standard Class,CU-10722,Customer 784,Consumer,United States,Florida,Florida,14234,South,TEC-COP-6908,Technology,Copiers,Copiers model 7,622.31,1,0.15,117.35
3672,US-2024-103672,02/21/2024,02/23/2024,Same Day,CU-10774,Customer 513,Consumer,United States,California,California,72985,West,FUR-CHA-1021,Furniture,Chairs,Chairs model 270,2940.01,7,0.1,719.13
3673,US-2023-103673,03/09/2023,03/13/2023,Standard Class,CU-10135,Customer 93,Home Office,United States,New York,New York,45755,East,TEC-MAC-9904,Technology,Machines,Machines model 36,682.28,2,0.1,48.54
3674,US-2023-103674,07/20/2023,07/24/2023,Standard Class,CU-10277,Customer 581,Corporate,United States,New Jersey,New Jersey,75910,East,OFF-BIN-7925,Office Supplies,Binders,Binders model 107,320.53,5,0.0,44.59
3675,US-2024-103675,04/20/2024,04/22/2024,Second Class,CU-10293,Customer 753,Home Office,United States,Texas,Texas,47963,Central,FUR-BOO-9584,Furniture,Bookcases,Bookcases model 62,158.68,1,0.4,-7.72
3676,US-2024-103676,03/09/2024,03/16/2024,First Class,CU-10189,Customer 463,Consumer,United States,Georgia,Georgia,18156,South,OFF-STO-2135,Office Supplies,Storage,Storage model 61,204.39,2,0.2,43.18
3677,US-2022-103677,06/29/2022,07/03/2022,Second Class,CU-10343,Customer 735,Corporate,United States,New Jersey,New Jersey,85424,East,TEC-MAC-1037,Technology,Machines,Machines model 7,5238.24,8,0.1,572.17
3678,US-2021-103678,07/17/2021,07/20/2021,Standard Class,CU-10228,Customer 169,Consumer,United States,Florida,Florida,61937,South,OFF-ART-7264,Office Supplies,Art,Art model 216,257.89,3,0.0,39.63
3679,US-2022-103679,05/05/2022,05/10/2022,First Class,CU-10713,Customer 457,Corporate,United States,Illinois,Illinois,48721,Central,FUR-CHA-8334,Furniture,Chairs,Chairs model 179,6428.08,8,0.3,576.59
3680,US-2024-103680,12/10/2024,12/13/2024,Standard Class,CU-10478,Customer 214,Corporate,United States,Texas,Texas,91724,Central,OFF-STO-8966,Office Supplies,Storage,Storage model 49,703.66,6,0.2,30.02
3681,US-2022-103681,01/21/2022,01/27/2022,Standard Class,CU-10371,Customer 217,Corporate,United States,Massachusetts,Massachusetts,37839,East,TEC-PHO-4788,Technology,Phones,Phones model 196,1709.53,5,0.2,280.47
3682,US-2023-103682,10/03/2023,10/05/2023,Standard Class,CU-10259,Customer 587,Consumer,United States,Illinois,Illinois,36059,Central,OFF-ART-1409,Office Supplies,Art,Art model 130,795.24,6,0.1,280.18
3683,US-2022-103683,05/05/2022,05/12/2022,Standard Class,CU-10377,Customer 16,Consumer,United States,Texas,Texas,25353,Central,TEC-ACC-5971,Technology,Accessories,Accessories model 62,451.5,1,0.15,47.73
3684,US-2021-103684,04/19/2021,04/21/2021,Standard Class,CU-10326,Customer 439,Consumer,United States,North Carolina,North Carolina,43689,South,OFF-LAB-6195,Office Supplies,Labels,Labels model 289,784.63,6,0.0,363.56
3685,US-2022-103685,06/07/2022,06/10/2022,Standard Class,CU-10006,Customer 335,Consumer,United States,Ohio,Ohio,98341,Central,OFF-PAP-6454,Office Supplies,Paper,Paper model 236,817.64,7,0.2,68.25
3686,US-2022-103686,11/02/2022,11/09/2022,Standard Class,CU-10153,Customer 448,Corporate,United States,New Jersey,New Jersey,98371,East,OFF-PAP-8825,Office Supplies,Paper,Paper model 80,358.22,6,0.0,18.0
3687,US-2024-103687,11/20/2024,11/22/2024,Second Class,CU-10712,Customer 411,Consumer,United States,Nevada,Nevada,95602,West,OFF-LAB-8360,Office Supplies,Labels,Labels model 175,167.8,2,0.0,52.51
3688,US-2021-103688,09/21/2021,09/23/2021,Standard Class,CU-10281,Customer 613,Home Office,United States,Pennsylvania,Pennsylvania,91219,East,FUR-TAB-5817,Furniture,Tables,Tables model 265,68.92,1,0.0,1.49
3689,US-2021-103689,04/13/2021,04/17/2021,Standard Class,CU-10345,Customer 675,Corporate,United States,Nevada,Nevada,62745,West,OFF-PAP-7157,Office Supplies,Paper,Paper model 199,37.86,1,0.15,1.89
3690,US-2024-103690,08/02/2024,08/05/2024,Standard Class,CU-10278,Customer 14,Corporate,United States,Oregon,Oregon,63646,West,OFF-LAB-2036,Office Supplies,Labels,Labels model 54,499.44,8,0.15,-10.32
3691,US-2022-103691,02/09/2022,02/12/2022,Standard Class,CU-10070,Customer 341,Corporate,United States,Illinois,Illinois,29891,Central,FUR-TAB-8800,Furniture,Tables,Tables model 233,568.08,3,0.0,96.27
3692,US-2022-103692,04/02/2022,04/08/2022,Standard Class,CU-10300,Customer 635,Consumer,United States,Nevada,Nevada,94342,West,OFF-ART-4822,Office Supplies,Art,Art model 162,61.91,1,0.2,0.23
3693,US-2021-103693,05/15/2021,05/22/2021,First Class,CU-10552,Customer 377,Corporate,United States,Washington,Washington,52546,West,TEC-ACC-6293,Technology,Accessories,Accessories model 103,2324.05,4,0.15,993.84
3694,US-2022-103694,04/12/2022,04/14/2022,Standard Class,CU-10647,Customer 764,Consumer,United States,Georgia,Georgia,21594,South,TEC-MAC-7721,Technology,Machines,Machines model 162,11145.67,7,0.15,3725.99
3695,US-2024-103695,09/23/2024,09/25/2024,First Class,CU-10637,Customer 740,Consumer,United States,Pennsylvania,Pennsylvania,63766,East,OFF-ART-2654,Office Supplies,Art,Art model 276,1308.28,9,0.0,350.6
3696,US-2024-103696,05/26/2024,05/29/2024,Standard Class,CU-10389,Customer 474,Consumer,United States,Ohio,Ohio,57436,Central,OFF-PAP-8463,Office Supplies,Paper,Paper model 200,181.18,6,0.0,-2.9
3697,US-2022-103697,07/03/2022,07/05/2022,Same Day,CU-10297,Customer 693,Home Office,United States,Georgia,Georgia,24402,South,OFF-LAB-6434,Office Supplies,Labels,Labels model 237,287.09,6,0.0,83.16
3698,US-2022-103698,06/30/2022,07/02/2022,Standard Class,CU-10328,Customer 255,Home Office,United States,Texas,Texas,20602,Central,FUR-TAB-3191,Furniture,Tables,Tables model 93,3246.44,5,0.0,869.66
3699,US-2022-103699,12/07/2022,12/12/2022,First Class,CU-10045,Customer 550,Corporate,United States,Texas,Texas,48811,Central,OFF-ART-4581,Office Supplies,Art,Art model 14,727.9,9,0.0,90.02
3700,US-2024-103700,07/13/2024,07/15/2024,Second Class,CU-10785,Customer 293,Consumer,United States,Washington,Washington,41584,West,FUR-FUR-9215,Furniture,Furnishings,Furnishings model 8,4654.94,6,0.0,-737.33
3701,US-2021-103701,01/28/2021,01/31/2021,Standard Class,CU-10473,Customer 708,Home Office,United States,Texas,Texas,30097,Central,OFF-ART-5735,Office Supplies,Art,Art model 212,605.87,7,0.4,30.69
3702,US-2024-103702,07/20/2024,07/24/2024,Standard Class,CU-10336,Customer 514,Corporate,United States,North Carolina,North Carolina,78115,South,OFF-BIN-7480,Office Supplies,Binders,Binders model 173,244.88,7,0.0,113.56
3703,US-2021-103703,05/08/2021,05/15/2021,First Class,CU-10562,Customer 651,Home Office,United States,New Jersey,New Jersey,98095,East,OFF-ART-5845,Office Supplies,Art,Art model 145,401.56,4,0.15,-7.01
3704,US-2021-103704,07/04/2021,07/09/2021,Standard Class,CU-10739,Customer 42,Home Office,United States,New Jersey,New Jersey,39391,East,TEC-MAC-8574,Technology,Machines,Machines model 86,2094.18,9,0.15,245.07
3705,US-2023-103705,02/21/2023,02/27/2023,Second Class,CU-10059,Customer 379,Home Office,United States,Alabama,Alabama,63343,South,OFF-STO-5851,Office Supplies,Storage,Storage model 114,391.4,8,0.3,-19.47
3706,US-2021-103706,09/06/2021,09/10/2021,Standard Class,CU-10178,Customer 101,Consumer,United States,North Carolina,North Carolina,50219,South,OFF-ART-8860,Office Supplies,Art,Art model 189,21.98,2,0.0,6.57
3707,US-2023-103707,07/28/2023,08/03/2023,First Class,CU-10198,Customer 494,Consumer,United States,California,California,55004,West,OFF-LAB-3998,Office Supplies,Labels,Labels model 27,309.6,4,0.0,9.28
3708,US-2023-103708,05/17/2023,05/22/2023,First Class,CU-10168,Customer 214,Consumer,United States,Texas,Texas,40981,Central,FUR-FUR-7169,Furniture,Furnishings,Furnishings model 265,1195.11,3,0.15,45.77
3709,US-2024-103709,12/07/2024,12/14/2024,Second Class,CU-10644,Customer 648,Corporate,United States,Nevada,Nevada,82137,West,TEC-PHO-1633,Technology,Phones,Phones model 290,192.47,1,0.4,48.1
3710,US-2024-103710,08/23/2024,08/28/2024,Standard Class,CU-10033,Customer 582,Home Office,United States,Alabama,Alabama,99099,South,OFF-LAB-3763,Office Supplies,Labels,Labels model 64,611.98,9,0.1,48.05
3711,US-2023-103711,11/22/2023,11/26/2023,Second Class,CU-10109,Customer 630,Corporate,United States,Michigan,Michigan,72851,Central,OFF-BIN-4055,Office Supplies,Binders,Binders model 228,940.44,8,0.2,103.54
3712,US-2021-103712,04/15/2021,04/21/2021,Standard Class,CU-10455,Customer 478,Home Office,United States,Oregon,Oregon,80264,West,OFF-ART-5649,Office Supplies,Art,Art model 15,588.82,5,0.15,120.54
3713,US-2021-103713,12/22/2021,12/27/2021,First Class,CU-10095,Customer 512,Corporate,United States,Georgia,Georgia,13419,South,FUR-TAB-2270,Furniture,Tables,Tables model 88,898.41,4,0.4,99.98
3714,US-2023-103714,08/07/2023,08/11/2023,Standard Class,CU-10474,Customer 90,Home Office,United States,Georgia,Georgia,10132,South,TEC-PHO-2833,Technology,Phones,Phones model 202,6378.64,4,0.15,-929.61
3715,US-2023-103715,06/29/2023,06/30/2023,Second Class,CU-10071,Customer 217,Consumer,United States,Oregon,Oregon,95415,West,TEC-COP-5432,Technology,Copiers,Copiers model 182,1695.79,2,0.15,369.38
3716,US-2021-103716,08/25/2021,08/30/2021,Standard Class,CU-10453,Customer 145,Consumer,United States,Illinois,Illinois,28906,Central,TEC-PHO-7189,Technology,Phones,Phones model 114,2263.68,3,0.5,20.79
3717,US-2024-103717,01/02/2024,01/08/2024,Standard Class,CU-10238,Customer 83,Home Office,United States,Nevada,Nevada,98199,West,TEC-MAC-3605,Technology,Machines,Machines model 197,2262.97,2,0.0,684.22
3718,US-2024-103718,10/20/2024,10/27/2024,Standard Class,CU-10328,Customer 723,Consumer,United States,Pennsylvania,Pennsylvania,54339,East,TEC-MAC-7268,Technology,Machines,Machines model 283,5710.32,9,0.0,459.19
3719,US-2023-103719,10/07/2023,10/12/2023,Standard Class,CU-10750,Customer 308,Corporate,United States,New York,New York,37885,East,FUR-TAB-1203,Furniture,Tables,Tables model 208,281.29,1,0.1,35.78
3720,US-2023-103720,09/05/2023,09/07/2023,Same Day,CU-10395,Customer 238,Consumer,United States,Illinois,Illinois,44666,Central,OFF-LAB-8467,Office Supplies,Labels,Labels model 79,779.1,6,0.1,88.29
3721,US-2022-103721,07/13/2022,07/14/2022,Standard Class,CU-10284,Customer 757,Corporate,United States,Illinois,Illinois,72822,Central,OFF-STO-2996,Office Supplies,Storage,Storage model 250,712.29,8,0.4,-7.52
3722,US-2023-103722,09/28/2023,10/05/2023,Second Class,CU-10530,Customer 50,Consumer,United States,North Carolina,North Carolina,95923,South,OFF-ART-7651,Office Supplies,Art,Art model 292,642.35,7,0.0,101.44
3723,US-2024-103723,05/19/2024,05/26/2024,Second Class,CU-10316,Customer 777,Corporate,United States,Washington,Washington,47570,West,FUR-BOO-6903,Furniture,Bookcases,Bookcases model 35,978.01,3,0.15,116.01
3724,US-2023-103724,10/21/2023,10/22/2023,Standard Class,CU-10460,Customer 285,Consumer,United States,New York,New York,55907,East,OFF-PAP-2964,Office Supplies,Paper,Paper model 185,298.66,4,0.1,112.79
3725,US-2022-103725,05/16/2022,05/22/2022,Same Day,CU-10694,Customer 779,Home Office,United States,North Carolina,North Carolina,25611,South,TEC-COP-3856,Technology,Copiers,Copiers model 69,6202.95,6,0.3,-872.82
3726,US-2024-103726,11/30/2024,12/06/2024,Standard Class,CU-10408,Customer 316,Home Office,United States,New York,New York,46244,East,OFF-ART-8593,Office Supplies,Art,Art model 44,128.9,1,0.15,57.97
3727,US-2021-103727,07/05/2021,07/06/2021,Standard Class,CU-10592,Customer 252,Home Office,United States,Oregon,Oregon,65446,West,FUR-FUR-2174,Furniture,Furnishings,Furnishings model 259,2612.61,4,0.0,108.17
3728,US-2023-103728,07/14/2023,07/20/2023,Standard Class,CU-10494,Customer 766,Consumer,United States,New Jersey,New Jersey,62819,East,OFF-BIN-5697,Office Supplies,Binders,Binders model 223,531.99,9,0.3,-141.17
3729,US-2023-103729,12/26/2023,01/01/2024,Standard Class,CU-10626,Customer 722,Consumer,United States,Pennsylvania,Pennsylvania,91381,East,OFF-ART-5540,Office Supplies,Art,Art model 252,59.28,8,0.2,10.77
3730,US-2021-103730,08/14/2021,08/15/2021,Standard Class,CU-10564,Customer 636,Consumer,United States,Ohio,Ohio,96911,Central,FUR-CHA-7511,Furniture,Chairs,Chairs model 163,6094.77,9,0.3,841.62
3731,US-2024-103731,08/06/2024,08/10/2024,Standard Class,CU-10518,Customer 117,Home Office,United States,Alabama,Alabama,73746,South,TEC-COP-3430,Technology,Copiers,Copiers model 75,2156.95,7,0.15,-29.39
3732,US-2021-103732,01/14/2021,01/15/2021,Second Class,CU-10473,Customer 316,Home Office,United States,Texas,Texas,83346,Central,OFF-BIN-3581,Office Supplies,Binders,Binders model 239,50.73,9,0.2,4.71
3733,US-2021-103733,10/21/2021,10/25/2021,Standard Class,CU-10049,Customer 225,Home Office,United States,Oregon,Oregon,38746,West,OFF-ART-7168,Office Supplies,Art,Art model 102,726.77,6,0.15,188.25
3734,US-2023-103734,04/25/2023,04/28/2023,Standard Class,CU-10683,Customer 639,Corporate,United States,Massachusetts,Massachusetts,42604,East,OFF-ART-6999,Office Supplies,Art,Art model 147,1072.91,9,0.1,257.09
3735,US-2024-103735,11/19/2024,11/22/2024,Second Class,CU-10425,Customer 701,Corporate,United States,Michigan,Michigan,88683,Central,FUR-CHA-3190,Furniture,Chairs,Chairs model 143,5184.14,9,0.15,261.57
3736,US-2023-103736,10/28/2023,11/03/2023,Standard Class,CU-10107,Customer 150,Corporate,United States,Alabama,Alabama,29901,South,TEC-PHO-2509,Technology,Phones,Phones model 244,12247.25,7,0.0,-1762.39
3737,US-2022-103737,02/21/2022,02/28/2022,Standard Class,CU-10654,Customer 439,Corporate,United States,New Jersey,New Jersey,27977,East,TEC-ACC-1784,Technology,Accessories,Accessories model 255,5208.52,9,0.15,-582.28
3738,US-2023-103738,02/19/2023,02/25/2023,First Class,CU-10384,Customer 281,Corporate,United States,Florida,Florida,32777,South,OFF-BIN-4615,Office Supplies,Binders,Binders model 283,132.0,1,0.15,-3.47
3739,US-2024-103739,09/26/2024,09/28/2024,Standard Class,CU-10183,Customer 132,Corporate,United States,Georgia,Georgia,26212,South,TEC-COP-2113,Technology,Copiers,Copiers model 232,5642.66,6,0.0,735.98
3740,US-2024-103740,10/15/2024,10/18/2024,First Class,CU-10116,Customer 496,Corporate,United States,Georgia,Georgia,71925,South,FUR-BOO-8538,Furniture,Bookcases,Bookcases model 60,1809.78,8,0.1,730.3
3741,US-2022-103741,02/21/2022,02/23/2022,Same Day,CU-10630,Customer 260,Corporate,United States,Georgia,Georgia,45706,South,OFF-ART-6371,Office Supplies,Art,Art model 131,386.67,8,0.4,25.4
3742,US-2021-103742,09/19/2021,09/20/2021,First Class,CU-10255,Customer 19,Corporate,United States,California,California,35838,West,TEC-MAC-5926,Technology,Machines,Machines model 77,1560.39,3,0.4,385.88
3743,US-2024-103743,12/09/2024,12/14/2024,Same Day,CU-10404,Customer 646,Home Office,United States,Texas,Texas,94823,Central,OFF-BIN-2474,Office Supplies,Binders,Binders model 65,311.79,9,0.0,46.6
3744,US-2022-103744,10/15/2022,10/22/2022,First Class,CU-10341,Customer 516,Home Office,United States,Florida,Florida,36401,South,OFF-STO-7377,Office Supplies,Storage,Storage model 195,408.69,5,0.1,102.85
3745,US-2021-103745,05/16/2021,05/18/2021,Same Day,CU-10082,Customer 567,Home Office,United States,New York,New York,34737,East,OFF-LAB-9168,Office Supplies,Labels,Labels model 186,13.2,1,0.0,-0.24
3746,US-2023-103746,03/02/2023,03/04/2023,First Class,CU-10635,Customer 250,Corporate,United States,Georgia,Georgia,78117,South,FUR-TAB-1089,Furniture,Tables,Tables model 278,655.51,2,0.15,129.91
3747,US-2021-103747,03/22/2021,03/29/2021,Standard Class,CU-10001,Customer 644,Home Office,United States,North Carolina,North Carolina,84589,South,OFF-STO-1933,Office Supplies,Storage,Storage model 43,530.15,5,0.3,-57.56
3748,US-2024-103748,01/27/2024,01/31/2024,Standard Class,CU-10588,Customer 638,Home Office,United States,Massachusetts,Massachusetts,98327,East,FUR-BOO-7537,Furniture,Bookcases,Bookcases model 264,3696.12,6,0.15,-199.94
3749,US-2023-103749,10/13/2023,10/14/2023,Standard Class,CU-10062,Customer 433,Corporate,United States,Alabama,Alabama,20210,South,TEC-MAC-2682,Technology,Machines,Machines model 196,6769.55,4,0.1,905.1
3750,US-2023-103750,03/05/2023,03/07/2023,Standard Class,CU-10539,Customer 781,Consumer,United States,California,California,76133,West,OFF-ART-3467,Office Supplies,Art,Art model 116,1003.08,8,0.0,121.57
3751,US-2024-103751,05/26/2024,05/28/2024,Standard Class,CU-10799,Customer 503,Corporate,United States,Illinois,Illinois,83358,Central,TEC-ACC-6105,Technology,Accessories,Accessories model 243,2385.15,2,0.2,277.98
3752,US-2022-103752,07/30/2022,08/03/2022,Second Class,CU-10529,Customer 584,Home Office,United States,Alabama,Alabama,29979,South,OFF-ART-1591,Office Supplies,Art,Art model 278,421.39,5,0.3,-94.7
3753,US-2024-103753,11/28/2024,12/03/2024,Standard Class,CU-10302,Customer 358,Home Office,United States,Michigan,Michigan,50711,Central,FUR-CHA-2956,Furniture,Chairs,Chairs model 202,5099.86,7,0.0,1127.29
3754,US-2022-103754,07/07/2022,07/11/2022,First Class,CU-10697,Customer 788,Corporate,United States,Oregon,Oregon,74174,West,OFF-STO-5345,Office Supplies,Storage,Storage model 299,54.04,7,0.0,-6.75
3755,US-2022-103755,10/19/2022,10/24/2022,Standard Class,CU-10341,Customer 30,Home Office,United States,New York,New York,47042,East,FUR-BOO-1105,Furniture,Bookcases,Bookcases model 206,1258.41,4,0.0,25.13
3756,US-2024-103756,08/24/2024,08/27/2024,Same Day,CU-10692,Customer 73,Consumer,United States,North Carolina,North Carolina,93724,South,TEC-COP-5360,Technology,Copiers,Copiers model 46,7923.96,9,0.0,679.84
3757,US-2022-103757,08/20/2022,08/24/2022,First Class,CU-10798,Customer 468,Home Office,United States,Washington,Washington,81278,West,OFF-LAB-8391,Office Supplies,Labels,Labels model 19,189.47,6,0.1,32.63
3758,US-2023-103758,10/20/2023,10/24/2023,First Class,CU-10423,Customer 711,Corporate,United States,Alabama,Alabama,24667,South,FUR-BOO-1055,Furniture,Bookcases,Bookcases model 53,1218.49,4,0.15,364.8
3759,US-2024-103759,10/18/2024,10/21/2024,Standard Class,CU-10438,Customer 537,Home Office,United States,Florida,Florida,78047,South,FUR-BOO-9705,Furniture,Bookcases,Bookcases model 291,1857.47,8,0.1,362.67
3760,US-2024-103760,03/22/2024,03/26/2024,Standard Class,CU-10232,Customer 797,Home Office,United States,Illinois,Illinois,43376,Central,OFF-ART-8145,Office Supplies,Art,Art model 142,718.94,8,0.3,149.6
3761,US-2021-103761,02/12/2021,02/18/2021,Same Day,CU-10727,Customer 697,Consumer,United States,North Carolina,North Carolina,10234,South,OFF-BIN-4862,Office Supplies,Binders,Binders model 86,233.32,3,0.1,-15.07
3762,US-2023-103762,03/07/2023,03/12/2023,Same Day,CU-10112,Customer 451,Corporate,United States,California,California,82304,West,OFF-STO-2778,Office Supplies,Storage,Storage model 109,130.57,3,0.0,20.06
3763,US-2022-103763,05/16/2022,05/22/2022,Standard Class,CU-10691,Customer 127,Home Office,United States,Georgia,Georgia,86510,South,OFF-LAB-4937,Office Supplies,Labels,Labels model 198,63.05,9,0.15,15.13
3764,US-2023-103764,06/03/2023,06/08/2023,Standard Class,CU-10634,Customer 580,Corporate,United States,North Carolina,North Carolina,14371,South,OFF-ART-2791,Office Supplies,Art,Art model 111,20.41,2,0.15,2.46
3765,US-2024-103765,07/16/2024,07/21/2024,Second Class,CU-10403,Customer 230,Corporate,United States,Alabama,Alabama,12399,South,OFF-STO-6778,Office Supplies,Storage,Storage model 101,402.65,6,0.0,71.02
3766,US-2024-103766,04/06/2024,04/12/2024,Standard Class,CU-10224,Customer 281,Corporate,United States,Georgia,Georgia,67733,South,TEC-ACC-7243,Technology,Accessories,Accessories model 143,437.79,3,0.2,59.23
3767,US-2024-103767,12/05/2024,12/09/2024,Standard Class,CU-10662,Customer 185,Consumer,United States,Oregon,Oregon,80485,West,FUR-BOO-7446,Furniture,Bookcases,Bookcases model 21,2503.38,5,0.1,332.07
3768,US-2024-103768,07/26/2024,07/30/2024,Second Class,CU-10033,Customer 30,Consumer,United States,Florida,Florida,64642,South,FUR-BOO-6675,Furniture,Bookcases,Bookcases model 38,799.45,2,0.0,66.09
3769,US-2024-103769,08/04/2024,08/11/2024,Second Class,CU-10417,Customer 263,Corporate,United States,Texas,Texas,52748,Central,TEC-PHO-6686,Technology,Phones,Phones model 257,10403.72,9,0.15,-51.71
3770,US-2023-103770,08/02/2023,08/03/2023,Standard Class,CU-10143,Customer 383,Corporate,United States,California,California,55815,West,OFF-BIN-1280,Office Supplies,Binders,Binders model 98,322.01,5,0.15,-59.51
3771,US-2021-103771,02/24/2021,02/27/2021,First Class,CU-10740,Customer 382,Corporate,United States,Texas,Texas,92142,Central,FUR-CHA-8750,Furniture,Chairs,Chairs model 166,4553.8,8,0.0,486.27
3772,US-2024-103772,06/02/2024,06/03/2024,First Class,CU-10169,Customer 282,Home Office,United States,California,California,31530,West,FUR-TAB-7104,Furniture,Tables,Tables model 172,885.62,7,0.15,-57.03
3773,US-2024-103773,09/12/2024,09/17/2024,Standard Class,CU-10646,Customer 537,Consumer,United States,North Carolina,North Carolina,66307,South,OFF-PAP-2334,Office Supplies,Paper,Paper model 287,336.95,4,0.4,36.33
3774,US-2024-103774,08/06/2024,08/10/2024,Standard Class,CU-10456,Customer 522,Consumer,United States,Pennsylvania,Pennsylvania,79240,East,OFF-ART-7948,Office Supplies,Art,Art model 48,247.9,5,0.1,70.78
3775,US-2022-103775,05/30/2022,06/04/2022,First Class,CU-10098,Customer 581,Home Office,United States,Ohio,Ohio,82272,Central,TEC-COP-9275,Technology,Copiers,Copiers model 168,128.56,1,0.0,55.92
3776,US-2023-103776,01/23/2023,01/26/2023,Standard Class,CU-10760,Customer 143,Consumer,United States,New Jersey,New Jersey,96234,East,OFF-LAB-1399,Office Supplies,Labels,Labels model 217,760.67,9,0.4,80.54
3777,US-2022-103777,05/27/2022,05/29/2022,Second Class,CU-10264,Customer 534,Home Office,United States,Michigan,Michigan,80874,Central,FUR-CHA-7516,Furniture,Chairs,Chairs model 109,3395.03,8,0.1,-78.24
3778,US-2023-103778,12/11/2023,12/17/2023,Standard Class,CU-10627,Customer 543,Consumer,United States,Florida,Florida,18954,South,OFF-PAP-1298,Office Supplies,Paper,Paper model 44,228.8,2,0.0,-2.09
3779,US-2024-103779,05/27/2024,05/31/2024,First Class,CU-10311,Customer 728,Corporate,United States,California,California,80822,West,TEC-PHO-2327,Technology,Phones,Phones model 177,8771.17,5,0.0,3457.29
3780,US-2021-103780,09/03/2021,09/10/2021,Standard Class,CU-10551,Customer 398,Consumer,United States,Illinois,Illinois,59668,Central,OFF-BIN-5017,Office Supplies,Binders,Binders model 34,64.31,3,0.5,9.82
3781,US-2022-103781,02/22/2022,02/25/2022,Second Class,CU-10031,Customer 266,Corporate,United States,California,California,15614,West,OFF-BIN-4799,Office Supplies,Binders,Binders model 58,105.92,1,0.15,27.02
3782,US-2022-103782,11/28/2022,11/29/2022,Standard Class,CU-10694,Customer 580,Home Office,United States,North Carolina,North Carolina,36733,South,OFF-PAP-1488,Office Supplies,Paper,Paper model 212,55.07,4,0.0,1.21
3783,US-2022-103783,12/28/2022,01/02/2023,Second Class,CU-10244,Customer 376,Corporate,United States,Massachusetts,Massachusetts,40938,East,OFF-BIN-8405,Office Supplies,Binders,Binders model 268,88.0,3,0.0,3.42
3784,US-2021-103784,08/05/2021,08/12/2021,Standard Class,CU-10100,Customer 436,Home Office,United States,Pennsylvania,Pennsylvania,26135,East,FUR-BOO-5544,Furniture,Bookcases,Bookcases model 18,1622.81,6,0.5,-466.11
3785,US-2023-103785,01/06/2023,01/08/2023,Standard Class,CU-10625,Customer 169,Corporate,United States,New York,New York,93415,East,OFF-LAB-7749,Office Supplies,Labels,Labels model 276,548.27,7,0.1,187.04
3786,US-2024-103786,01/24/2024,01/27/2024,Standard Class,CU-10180,Customer 460,Consumer,United States,Georgia,Georgia,64260,South,FUR-FUR-2868,Furniture,Furnishings,Furnishings model 280,1025.35,9,0.2,8.44
3787,US-2021-103787,12/18/2021,12/22/2021,Standard Class,CU-10634,Customer 598,Consumer,United States,Texas,Texas,28352,Central,TEC-MAC-9090,Technology,Machines,Machines model 72,4688.75,3,0.1,610.62
3788,US-2023-103788,07/26/2023,07/27/2023,First Class,CU-10236,Customer 786,Consumer,United States,Pennsylvania,Pennsylvania,33657,East,TEC-MAC-8678,Technology,Machines,Machines model 148,5639.03,9,0.0,801.34
3789,US-2022-103789,03/13/2022,03/19/2022,Standard Class,CU-10388,Customer 367,Consumer,United States,Massachusetts,Massachusetts,54575,East,TEC-PHO-6602,Technology,Phones,Phones model 51,12399.19,8,0.0,7231.21
3790,US-2021-103790,08/19/2021,08/21/2021,Second Class,CU-10548,Customer 387,Consumer,United States,Pennsylvania,Pennsylvania,53396,East,OFF-BIN-9087,Office Supplies,Binders,Binders model 189,811.94,8,0.0,175.21
3791,US-2024-103791,01/19/2024,01/24/2024,Standard Class,CU-10729,Customer 726,Consumer,United States,California,California,30007,West,OFF-PAP-1084,Office Supplies,Paper,Paper model 273,734.85,7,0.3,113.79
3792,US-2023-103792,08/12/2023,08/14/2023,Standard Class,CU-10646,Customer 632,Home Office,United States,Oregon,Oregon,78933,West,OFF-STO-2485,Office Supplies,Storage,Storage model 77,787.75,6,0.0,317.44
3793,US-2021-103793,09/10/2021,09/17/2021,Second Class,CU-10638,Customer 625,Corporate,United States,Illinois,Illinois,81622,Central,OFF-ART-3877,Office Supplies,Art,Art model 194,687.34,6,0.4,-11.98
3794,US-2022-103794,05/07/2022,05/11/2022,Second Class,CU-10274,Customer 569,Consumer,United States,Illinois,Illinois,25830,Central,OFF-LAB-7179,Office Supplies,Labels,Labels model 150,1054.95,9,0.1,153.23
3795,US-2021-103795,12/22/2021,12/29/2021,Standard Class,CU-10047,Customer 233,Corporate,United States,Washington,Washington,15837,West,FUR-FUR-1575,Furniture,Furnishings,Furnishings model 15,1143.01,8,0.0,28.63
3796,US-2023-103796,01/28/2023,02/04/2023,First Class,CU-10302,Customer 744,Consumer,United States,Washington,Washington,50942,West,OFF-BIN-8983,Office Supplies,Binders,Binders model 102,202.61,9,0.0,75.43
3797,US-2022-103797,07/25/2022,07/30/2022,Second Class,CU-10792,Customer 535,Home Office,United States,Oregon,Oregon,23428,West,OFF-BIN-6370,Office Supplies,Binders,Binders model 291,457.43,5,0.15,95.15
3798,US-2024-103798,03/16/2024,03/23/2024,Standard Class,CU-10176,Customer 315,Corporate,United States,Massachusetts,Massachusetts,87974,East,OFF-PAP-8707,Office Supplies,Paper,Paper model 208,27.37,1,0.4,3.69
3799,US-2024-103799,01/25/2024,01/31/2024,Standard Class,CU-10607,Customer 323,Consumer,United States,Ohio,Ohio,60229,Central,TEC-MAC-7354,Technology,Machines,Machines model 102,433.56,1,0.0,67.57
3800,US-2023-103800,01/26/2023,01/27/2023,Second Class,CU-10197,Customer 218,Corporate,United States,Oregon,Oregon,95834,West,TEC-MAC-4353,Technology,Machines,Machines model 221,9182.82,8,0.2,504.21
3801,US-2022-103801,08/23/2022,08/26/2022,Standard Class,CU-10195,Customer 410,Corporate,United States,New Jersey,New Jersey,38970,East,OFF-STO-1457,Office Supplies,Storage,Storage model 134,362.42,5,0.1,9.83
3802,US-2021-103802,12/19/2021,12/20/2021,Standard Class,CU-10388,Customer 35,Corporate,United States,Washington,Washington,91289,West,OFF-PAP-8080,Office Supplies,Paper,Paper model 54,145.22,2,0.0,4.23
3803,US-2023-103803,02/07/2023,02/11/2023,Standard Class,CU-10372,Customer 571,Corporate,United States,Oregon,Oregon,61872,West,TEC-MAC-1048,Technology,Machines,Machines model 274,405.05,3,0.0,-38.69
3804,US-2022-103804,04/02/2022,04/06/2022,First Class,CU-10516,Customer 752,Consumer,United States,Oregon,Oregon,32062,West,OFF-BIN-2923,Office Supplies,Binders,Binders model 227,906.49,9,0.0,192.77
3805,US-2022-103805,11/17/2022,11/19/2022,First Class,CU-10517,Customer 121,Home Office,United States,California,California,98806,West,OFF-STO-5108,Office Supplies,Storage,Storage model 103,28.21,1,0.1,3.02
3806,US-2021-103806,02/12/2021,02/19/2021,Standard Class,CU-10625,Customer 89,Corporate,United States,Nevada,Nevada,80552,West,OFF-LAB-1302,Office Supplies,Labels,Labels model 268,68.29,3,0.0,-6.16
3807,US-2022-103807,05/31/2022,06/02/2022,Standard Class,CU-10793,Customer 554,Corporate,United States,Oregon,Oregon,12453,West,FUR-CHA-8444,Furniture,Chairs,Chairs model 243,5127.86,8,0.15,1335.0
3808,US-2022-103808,10/14/2022,10/19/2022,Second Class,CU-10525,Customer 94,Home Office,United States,Massachusetts,Massachusetts,47504,East,OFF-PAP-2671,Office Supplies,Paper,Paper model 265,283.62,9,0.2,40.49
3809,US-2023-103809,03/11/2023,03/18/2023,Second Class,CU-10215,Customer 223,Corporate,United States,Ohio,Ohio,77786,Central,OFF-STO-6797,Office Supplies,Storage,Storage model 200,409.16,8,0.3,25.05
3810,US-2021-103810,12/27/2021,12/30/2021,Standard Class,CU-10016,Customer 114,Corporate,United States,New York,New York,63256,East,TEC-MAC-5341,Technology,Machines,Machines model 298,1045.52,1,0.1,-60.04
3811,US-2022-103811,01/06/2022,01/11/2022,Standard Class,CU-10401,Customer 387,Corporate,United States,Alabama,Alabama,82413,South,OFF-ART-9726,Office Supplies,Art,Art model 218,170.7,2,0.15,-29.94
3812,US-2023-103812,01/31/2023,02/05/2023,Second Class,CU-10251,Customer 25,Home Office,United States,Georgia,Georgia,97235,South,FUR-TAB-1831,Furniture,Tables,Tables model 145,1097.44,2,0.15,211.19
3813,US-2022-103813,03/28/2022,04/03/2022,Standard Class,CU-10634,Customer 479,Home Office,United States,Florida,Florida,71515,South,OFF-ART-2570,Office Supplies,Art,Art model 35,113.88,2,0.3,-11.5
3814,US-2021-103814,09/11/2021,09/15/2021,Second Class,CU-10134,Customer 243,Home Office,United States,Ohio,Ohio,25143,Central,TEC-PHO-2659,Technology,Phones,Phones model 168,2161.02,5,0.0,543.13
3815,US-2023-103815,02/24/2023,02/25/2023,Standard Class,CU-10565,Customer 268,Corporate,United States,North Carolina,North Carolina,12646,South,TEC-COP-1053,Technology,Copiers,Copiers model 183,2025.99,6,0.2,-250.99
3816,US-2023-103816,10/20/2023,10/27/2023,Second Class,CU-10430,Customer 570,Home Office,United States,Nevada,Nevada,94667,West,OFF-ART-3066,Office Supplies,Art,Art model 151,25.41,2,0.15,6.83
3817,US-2022-103817,11/06/2022,11/07/2022,Second Class,CU-10671,Customer 791,Corporate,United States,New Jersey,New Jersey,58929,East,OFF-ART-9355,Office Supplies,Art,Art model 195,288.19,2,0.0,-14.64
3818,US-2024-103818,03/19/2024,03/23/2024,First Class,CU-10792,Customer 194,Consumer,United States,Pennsylvania,Pennsylvania,27220,East,OFF-LAB-1827,Office Supplies,Labels,Labels model 262,802.31,9,0.5,-85.13
3819,US-2024-103819,08/10/2024,08/15/2024,Standard Class,CU-10435,Customer 659,Corporate,United States,Ohio,Ohio,95989,Central,OFF-STO-5843,Office Supplies,Storage,Storage model 170,778.85,8,0.1,147.67
3820,US-2021-103820,05/31/2021,06/05/2021,Standard Class,CU-10421,Customer 521,Corporate,United States,Ohio,Ohio,82358,Central,FUR-BOO-5769,Furniture,Bookcases,Bookcases model 106,1841.8,3,0.3,289.55
3821,US-2022-103821,06/17/2022,06/20/2022,Standard Class,CU-10032,Customer 667,Home Office,United States,Michigan,Michigan,64488,Central,OFF-ART-6019,Office Supplies,Art,Art model 133,380.62,8,0.3,28.02
3822,US-2023-103822,01/16/2023,01/17/2023,Standard Class,CU-10712,Customer 706,Consumer,United States,Florida,Florida,56777,South,OFF-BIN-5255,Office Supplies,Binders,Binders model 108,220.04,2,0.0,38.13
3823,US-2021-103823,06/04/2021,06/05/2021,First Class,CU-10703,Customer 8,Home Office,United States,California,California,76939,West,OFF-ART-6971,Office Supplies,Art,Art model 141,303.68,9,0.1,15.65
3824,US-2024-103824,04/21/2024,04/23/2024,Standard Class,CU-10481,Customer 424,Home Office,United States,Massachusetts,Massachusetts,45833,East,TEC-COP-6674,Technology,Copiers,Copiers model 295,11943.59,8,0.2,681.37
3825,US-2024-103825,11/07/2024,11/13/2024,Standard Class,CU-10418,Customer 462,Home Office,United States,Washington,Washington,46659,West,OFF-BIN-8615,Office Supplies,Binders,Binders model 108,193.65,2,0.15,16.12
3826,US-2023-103826,12/07/2023,12/09/2023,Standard Class,CU-10449,Customer 520,Consumer,United States,New York,New York,73956,East,TEC-COP-1867,Technology,Copiers,Copiers model 174,1045.82,1,0.1,-71.73
3827,US-2021-103827,07/25/2021,07/28/2021,First Class,CU-10095,Customer 336,Home Office,United States,Texas,Texas,47470,Central,FUR-CHA-3014,Furniture,Chairs,Chairs model 130,1103.79,2,0.1,296.38
3828,US-2021-103828,10/19/2021,10/25/2021,First Class,CU-10248,Customer 216,Consumer,United States,Ohio,Ohio,75768,Central,OFF-ART-4495,Office Supplies,Art,Art model 116,621.45,6,0.1,116.21
3829,US-2022-103829,11/05/2022,11/09/2022,First Class,CU-10790,Customer 781,Consumer,United States,Texas,Texas,60627,Central,FUR-TAB-8059,Furniture,Tables,Tables model 69,4748.23,7,0.0,1880.6
3830,US-2023-103830,05/10/2023,05/15/2023,Standard Class,CU-10140,Customer 593,Corporate,United States,Oregon,Oregon,59416,West,TEC-PHO-1588,Technology,Phones,Phones model 208,2810.48,2,0.0,377.65
3831,US-2023-103831,08/03/2023,08/10/2023,Same Day,CU-10355,Customer 229,Home Office,United States,Florida,Florida,66689,South,OFF-PAP-4792,Office Supplies,Paper,Paper model 183,453.09,6,0.2,98.08
3832,US-2024-103832,08/04/2024,08/10/2024,Same Day,CU-10783,Customer 738,Home Office,United States,Washington,Washington,61122,West,FUR-BOO-6270,Furniture,Bookcases,Bookcases model 158,1970.92,9,0.2,-116.27
3833,US-2022-103833,11/10/2022,11/16/2022,Second Class,CU-10087,Customer 582,Corporate,United States,Oregon,Oregon,17313,West,OFF-PAP-5135,Office Supplies,Paper,Paper model 98,304.65,6,0.0,24.79
3834,US-2024-103834,02/16/2024,02/19/2024,Second Class,CU-10416,Customer 239,Consumer,United States,Texas,Texas,22794,Central,OFF-BIN-4514,Office Supplies,Binders,Binders model 237,387.05,8,0.3,28.53
3835,US-2022-103835,10/14/2022,10/20/2022,Standard Class,CU-10081,Customer 672,Corporate,United States,Nevada,Nevada,15681,West,OFF-ART-8086,Office Supplies,Art,Art model 293,42.77,2,0.15,2.15
3836,US-2021-103836,09/02/2021,09/09/2021,Standard Class,CU-10059,Customer 395,Consumer,United States,California,California,43955,West,OFF-STO-1615,Office Supplies,Storage,Storage model 121,202.78,3,0.3,12.06
3837,US-2024-103837,01/30/2024,01/31/2024,First Class,CU-10061,Customer 523,Corporate,United States,Massachusetts,Massachusetts,27452,East,TEC-MAC-6668,Technology,Machines,Machines model 7,1030.7,5,0.5,128.15
3838,US-2021-103838,04/22/2021,04/28/2021,Standard Class,CU-10123,Customer 463,Home Office,United States,Ohio,Ohio,43113,Central,OFF-BIN-5904,Office Supplies,Binders,Binders model 215,492.44,6,0.0,68.68
3839,US-2023-103839,06/12/2023,06/16/2023,Standard Class,CU-10788,Customer 195,Corporate,United States,Pennsylvania,Pennsylvania,57431,East,TEC-MAC-5801,Technology,Machines,Machines model 127,9296.74,6,0.1,1941.85
3840,US-2021-103840,05/08/2021,05/09/2021,First Class,CU-10624,Customer 654,Corporate,United States,Pennsylvania,Pennsylvania,47280,East,TEC-PHO-2735,Technology,Phones,Phones model 290,4732.62,6,0.15,-667.61
3841,US-2021-103841,04/08/2021,04/14/2021,Standard Class,CU-10153,Customer 753,Consumer,United States,Illinois,Illinois,75857,Central,OFF-PAP-1851,Office Supplies,Paper,Paper model 131,13.75,3,0.5,0.72
3842,US-2022-103842,06/25/2022,06/27/2022,Standard Class,CU-10042,Customer 323,Corporate,United States,Texas,Texas,28046,Central,TEC-MAC-6115,Technology,Machines,Machines model 160,636.02,1,0.1,16.04
3843,US-2024-103843,03/03/2024,03/08/2024,Standard Class,CU-10484,Customer 223,Home Office,United States,Washington,Washington,65193,West,OFF-BIN-8411,Office Supplies,Binders,Binders model 105,299.75,7,0.3,17.93
3844,US-2021-103844,08/08/2021,08/09/2021,Standard Class,CU-10026,Customer 250,Home Office,United States,Nevada,Nevada,10524,West,FUR-TAB-4666,Furniture,Tables,Tables model 11,210.3,3,0.15,98.82
3845,US-2021-103845,01/18/2021,01/19/2021,Second Class,CU-10747,Customer 495,Home Office,United States,North Carolina,North Carolina,24801,South,OFF-STO-8103,Office Supplies,Storage,Storage model 81,605.25,9,0.0,215.06
3846,US-2024-103846,04/02/2024,04/06/2024,Second Class,CU-10705,Customer 300,Corporate,United States,New Jersey,New Jersey,16841,East,TEC-MAC-2506,Technology,Machines,Machines model 146,2229.88,4,0.4,186.35
3847,US-2021-103847,05/05/2021,05/09/2021,Standard Class,CU-10449,Customer 680,Home Office,United States,New Jersey,New Jersey,88159,East,OFF-PAP-1367,Office Supplies,Paper,Paper model 265,500.0,5,0.1,78.01
3848,US-2024-103848,08/13/2024,08/20/2024,Second Class,CU-10204,Customer 93,Consumer,United States,California,California,23227,West,OFF-BIN-3975,Office Supplies,Binders,Binders model 114,160.09,5,0.3,-5.5
3849,US-2021-103849,05/04/2021,05/11/2021,Second Class,CU-10627,Customer 458,Corporate,United States,Ohio,Ohio,76828,Central,OFF-PAP-1720,Office Supplies,Paper,Paper model 74,677.3,5,0.15,2.06
3850,US-2024-103850,02/01/2024,02/04/2024,Second Class,CU-10276,Customer 579,Home Office,United States,Alabama,Alabama,92514,South,OFF-STO-3671,Office Supplies,Storage,Storage model 47,707.06,9,0.2,226.91
3851,US-2023-103851,06/06/2023,06/13/2023,Standard Class,CU-10580,Customer 435,Home Office,United States,North Carolina,North Carolina,22600,South,OFF-BIN-5028,Office Supplies,Binders,Binders model 280,650.67,7,0.4,-50.35
3852,US-2021-103852,12/05/2021,12/06/2021,Standard Class,CU-10053,Customer 683,Home Office,United States,Washington,Washington,90351,West,OFF-STO-3036,Office Supplies,Storage,Storage model 13,322.64,4,0.1,67.0
3853,US-2021-103853,07/29/2021,08/05/2021,Standard Class,CU-10111,Customer 82,Corporate,United States,Illinois,Illinois,23371,Central,TEC-PHO-5111,Technology,Phones,Phones model 113,746.11,3,0.0,209.39
3854,US-2022-103854,07/23/2022,07/26/2022,Standard Class,CU-10229,Customer 769,Corporate,United States,Pennsylvania,Pennsylvania,79118,East,TEC-MAC-3307,Technology,Machines,Machines model 170,1660.84,6,0.15,110.94
3855,US-2024-103855,06/24/2024,06/27/2024,Same Day,CU-10329,Customer 65,Corporate,United States,Ohio,Ohio,12943,Central,FUR-CHA-9895,Furniture,Chairs,Chairs model 202,4636.35,8,0.4,344.56
3856,US-2021-103856,11/05/2021,11/10/2021,Standard Class,CU-10487,Customer 558,Home Office,United States,Michigan,Michigan,21601,Central,TEC-ACC-9201,Technology,Accessories,Accessories model 79,2801.93,3,0.2,-40.05
3857,US-2024-103857,06/29/2024,07/03/2024,Standard Class,CU-10171,Customer 93,Home Office,United States,New Jersey,New Jersey,42035,East,FUR-TAB-7509,Furniture,Tables,Tables model 179,4227.88,5,0.0,989.83
3858,US-2021-103858,09/19/2021,09/21/2021,Same Day,CU-10541,Customer 241,Home Office,United States,Illinois,Illinois,71919,Central,TEC-COP-9663,Technology,Copiers,Copiers model 87,10721.39,7,0.1,2511.77
3859,US-2024-103859,11/02/2024,11/04/2024,Second Class,CU-10493,Customer 597,Corporate,United States,Michigan,Michigan,38539,Central,OFF-ART-7171,Office Supplies,Art,Art model 282,206.6,2,0.5,-7.26
3860,US-2022-103860,07/14/2022,07/20/2022,Standard Class,CU-10266,Customer 767,Corporate,United States,Massachusetts,Massachusetts,21116,East,OFF-LAB-3743,Office Supplies,Labels,Labels model 23,910.02,7,0.15,100.33
3861,US-2023-103861,02/25/2023,03/01/2023,Standard Class,CU-10229,Customer 123,Consumer,United States,Nevada,Nevada,91210,West,FUR-TAB-6134,Furniture,Tables,Tables model 169,1627.41,9,0.0,460.73
3862,US-2022-103862,01/25/2022,01/31/2022,Standard Class,CU-10062,Customer 429,Consumer,United States,California,California,48173,West,OFF-LAB-9472,Office Supplies,Labels,Labels model 114,124.35,7,0.1,22.87
3863,US-2024-103863,11/29/2024,12/06/2024,First Class,CU-10093,Customer 413,Corporate,United States,California,California,39257,West,TEC-ACC-6539,Technology,Accessories,Accessories model 107,8187.33,8,0.1,1119.52
3864,US-2022-103864,12/19/2022,12/20/2022,Standard Class,CU-10040,Customer 551,Home Office,United States,North Carolina,North Carolina,80769,South,OFF-ART-5581,Office Supplies,Art,Art model 121,297.64,4,0.0,10.62
3865,US-2024-103865,01/30/2024,02/03/2024,Standard Class,CU-10682,Customer 470,Home Office,United States,New York,New York,65314,East,TEC-PHO-1383,Technology,Phones,Phones model 201,6605.09,4,0.1,-262.68
3866,US-2024-103866,05/28/2024,05/29/2024,Second Class,CU-10473,Customer 552,Home Office,United States,Texas,Texas,16769,Central,FUR-CHA-4898,Furniture,Chairs,Chairs model 186,4805.91,9,0.5,-1110.42
3867,US-2021-103867,10/31/2021,11/01/2021,Standard Class,CU-10117,Customer 240,Home Office,United States,Ohio,Ohio,40101,Central,OFF-BIN-5073,Office Supplies,Binders,Binders model 77,827.54,9,0.1,336.39
3868,US-2024-103868,08/01/2024,08/04/2024,First Class,CU-10403,Customer 22,Consumer,United States,Pennsylvania,Pennsylvania,88702,East,OFF-LAB-6746,Office Supplies,Labels,Labels model 273,470.72,4,0.0,116.03
3869,US-2024-103869,05/08/2024,05/13/2024,Standard Class,CU-10519,Customer 631,Home Office,United States,Ohio,Ohio,29217,Central,FUR-CHA-1180,Furniture,Chairs,Chairs model 236,1564.28,6,0.0,267.44
3870,US-2023-103870,12/11/2023,12/14/2023,First Class,CU-10440,Customer 613,Consumer,United States,Michigan,Michigan,79505,Central,TEC-PHO-3259,Technology,Phones,Phones model 274,898.0,2,0.15,31.04
3871,US-2024-103871,09/27/2024,10/01/2024,Second Class,CU-10648,Customer 410,Corporate,United States,Florida,Florida,84789,South,OFF-STO-4213,Office Supplies,Storage,Storage model 96,20.19,2,0.0,7.43
3872,US-2021-103872,11/15/2021,11/19/2021,Same Day,CU-10008,Customer 725,Home Office,United States,North Carolina,North Carolina,86120,South,FUR-TAB-1088,Furniture,Tables,Tables model 251,4481.85,6,0.0,1228.49
3873,US-2023-103873,10/22/2023,10/25/2023,Standard Class,CU-10344,Customer 116,Home Office,United States,Illinois,Illinois,22766,Central,OFF-LAB-7138,Office Supplies,Labels,Labels model 207,380.34,7,0.1,1.58
3874,US-2021-103874,12/14/2021,12/18/2021,Standard Class,CU-10265,Customer 232,Corporate,United States,Michigan,Michigan,33485,Central,TEC-MAC-9254,Technology,Machines,Machines model 39,1503.81,3,0.3,137.5
3875,US-2023-103875,03/02/2023,03/09/2023,Second Class,CU-10198,Customer 217,Consumer,United States,Michigan,Michigan,18526,Central,OFF-LAB-5412,Office Supplies,Labels,Labels model 84,144.04,9,0.15,27.83
3876,US-2024-103876,08/19/2024,08/25/2024,Standard Class,CU-10376,Customer 583,Home Office,United States,Oregon,Oregon,84654,West,TEC-ACC-1563,Technology,Accessories,Accessories model 164,851.98,9,0.1,241.26
3877,US-2023-103877,12/24/2023,12/30/2023,Second Class,CU-10132,Customer 468,Home Office,United States,Ohio,Ohio,19597,Central,TEC-COP-6333,Technology,Copiers,Copiers model 216,5218.83,9,0.1,-58.6
3878,US-2022-103878,05/18/2022,05/19/2022,First Class,CU-10612,Customer 626,Corporate,United States,Nevada,Nevada,30290,West,OFF-LAB-2443,Office Supplies,Labels,Labels model 132,207.02,3,0.1,5.26
3879,US-2022-103879,11/06/2022,11/10/2022,Standard Class,CU-10000,Customer 458,Consumer,United States,Texas,Texas,87300,Central,OFF-PAP-2144,Office Supplies,Paper,Paper model 125,28.05,1,0.0,1.93
3880,US-2022-103880,08/23/2022,08/29/2022,First Class,CU-10371,Customer 76,Corporate,United States,Alabama,Alabama,70086,South,FUR-BOO-3884,Furniture,Bookcases,Bookcases model 231,100.53,1,0.0,14.48
3881,US-2022-103881,08/18/2022,08/20/2022,Second Class,CU-10458,Customer 307,Consumer,United States,Pennsylvania,Pennsylvania,52934,East,OFF-ART-7967,Office Supplies,Art,Art model 15,106.81,2,0.1,2.98
3882,US-2022-103882,01/11/2022,01/14/2022,Standard Class,CU-10302,Customer 556,Consumer,United States,Illinois,Illinois,76729,Central,OFF-PAP-3716,Office Supplies,Paper,Paper model 89,516.75,8,0.15,73.94
3883,US-2021-103883,07/05/2021,07/06/2021,Standard Class,CU-10032,Customer 211,Consumer,United States,Texas,Texas,79752,Central,FUR-TAB-1520,Furniture,Tables,Tables model 209,2742.23,5,0.1,715.52
3884,US-2021-103884,07/21/2021,07/28/2021,Standard Class,CU-10413,Customer 70,Home Office,United States,New York,New York,12169,East,OFF-ART-2238,Office Supplies,Art,Art model 14,759.11,7,0.2,-32.69
3885,US-2021-103885,05/23/2021,05/24/2021,Second Class,CU-10127,Customer 309,Consumer,United States,Florida,Florida,23289,South,OFF-STO-3544,Office Supplies,Storage,Storage model 102,38.05,1,0.0,13.72
3886,US-2024-103886,11/05/2024,11/10/2024,Standard Class,CU-10584,Customer 727,Home Office,United States,Pennsylvania,Pennsylvania,13231,East,OFF-BIN-5652,Office Supplies,Binders,Binders model 29,548.29,5,0.0,-33.9
3887,US-2024-103887,03/16/2024,03/23/2024,Standard Class,CU-10029,Customer 531,Corporate,United States,Pennsylvania,Pennsylvania,76540,East,OFF-LAB-1956,Office Supplies,Labels,Labels model 226,74.03,3,0.0,8.76
3888,US-2024-103888,07/21/2024,07/22/2024,First Class,CU-10132,Customer 431,Corporate,United States,Georgia,Georgia,99420,South,FUR-FUR-4668,Furniture,Furnishings,Furnishings model 30,1294.55,5,0.0,365.84
3889,US-2024-103889,09/25/2024,09/27/2024,Standard Class,CU-10637,Customer 358,Home Office,United States,New York,New York,62598,East,OFF-STO-6244,Office Supplies,Storage,Storage model 22,159.28,3,0.0,53.81
3890,US-2023-103890,04/26/2023,05/01/2023,Standard Class,CU-10267,Customer 25,Corporate,United States,New Jersey,New Jersey,80580,East,OFF-BIN-1985,Office Supplies,Binders,Binders model 278,867.91,7,0.5,-62.05
3891,US-2024-103891,03/20/2024,03/26/2024,Standard Class,CU-10414,Customer 494,Consumer,United States,Texas,Texas,66347,Central,OFF-LAB-2128,Office Supplies,Labels,Labels model 152,119.13,6,0.15,20.06
3892,US-2021-103892,11/30/2021,12/03/2021,Standard Class,CU-10722,Customer 536,Consumer,United States,Texas,Texas,99481,Central,OFF-PAP-9769,Office Supplies,Paper,Paper model 262,232.47,3,0.2,53.03
3893,US-2024-103893,02/21/2024,02/27/2024,First Class,CU-10124,Customer 674,Home Office,United States,Alabama,Alabama,74150,South,OFF-BIN-2934,Office Supplies,Binders,Binders model 139,423.38,8,0.1,59.0
3894,US-2021-103894,05/01/2021,05/04/2021,First Class,CU-10667,Customer 623,Consumer,United States,Massachusetts,Massachusetts,15704,East,OFF-ART-5933,Office Supplies,Art,Art model 216,761.11,8,0.0,234.56
3895,US-2023-103895,12/08/2023,12/09/2023,Second Class,CU-10018,Customer 309,Consumer,United States,Massachusetts,Massachusetts,89490,East,FUR-TAB-3437,Furniture,Tables,Tables model 248,3153.21,9,0.1,804.7
3896,US-2023-103896,07/15/2023,07/22/2023,Standard Class,CU-10758,Customer 299,Home Office,United States,New Jersey,New Jersey,94149,East,TEC-MAC-8018,Technology,Machines,Machines model 149,7719.36,9,0.0,734.4
3897,US-2021-103897,09/07/2021,09/08/2021,Standard Class,CU-10583,Customer 697,Consumer,United States,Georgia,Georgia,97694,South,OFF-ART-6173,Office Supplies,Art,Art model 73,157.74,4,0.0,11.73
3898,US-2022-103898,03/31/2022,04/04/2022,Second Class,CU-10586,Customer 158,Home Office,United States,Pennsylvania,Pennsylvania,61167,East,OFF-STO-7160,Office Supplies,Storage,Storage model 139,368.03,8,0.0,29.0
3899,US-2023-103899,08/06/2023,08/11/2023,Same Day,CU-10305,Customer 341,Corporate,United States,North Carolina,North Carolina,12708,South,OFF-PAP-5975,Office Supplies,Paper,Paper model 66,214.86,4,0.1,-2.56
3900,US-2022-103900,10/09/2022,10/10/2022,Standard Class,CU-10411,Customer 635,Consumer,United States,Nevada,Nevada,57300,West,OFF-ART-2583,Office Supplies,Art,Art model 258,331.6,5,0.0,105.28
3901,US-2022-103901,07/18/2022,07/21/2022,Standard Class,CU-10006,Customer 257,Corporate,United States,Florida,Florida,27091,South,OFF-ART-1022,Office Supplies,Art,Art model 285,1035.11,7,0.0,77.63
3902,US-2024-103902,08/25/2024,08/29/2024,First Class,CU-10647,Customer 403,Corporate,United States,North Carolina,North Carolina,33438,South,FUR-TAB-9970,Furniture,Tables,Tables model 167,2116.16,5,0.4,298.19
3903,US-2022-103903,02/07/2022,02/11/2022,Second Class,CU-10157,Customer 387,Home Office,United States,New Jersey,New Jersey,38170,East,FUR-CHA-4558,Furniture,Chairs,Chairs model 175,900.58,2,0.1,112.93
3904,US-2021-103904,09/10/2021,09/14/2021,Standard Class,CU-10426,Customer 496,Consumer,United States,Nevada,Nevada,24979,West,OFF-LAB-8053,Office Supplies,Labels,Labels model 19,391.39,9,0.3,-8.47
3905,US-2024-103905,01/12/2024,01/19/2024,Second Class,CU-10547,Customer 784,Home Office,United States,California,California,10571,West,OFF-STO-7306,Office Supplies,Storage,Storage model 134,620.47,8,0.3,-43.99
3906,US-2022-103906,01/21/2022,01/27/2022,Standard Class,CU-10691,Customer 102,Home Office,United States,Pennsylvania,Pennsylvania,96151,East,OFF-PAP-3907,Office Supplies,Paper,Paper model 151,117.17,1,0.15,11.73
3907,US-2024-103907,08/14/2024,08/19/2024,Second Class,CU-10122,Customer 786,Corporate,United States,Illinois,Illinois,31993,Central,TEC-MAC-9005,Technology,Machines,Machines model 92,5094.55,4,0.0,2928.09
3908,US-2024-103908,12/07/2024,12/14/2024,Same Day,CU-10551,Customer 690,Home Office,United States,Pennsylvania,Pennsylvania,25012,East,TEC-ACC-8659,Technology,Accessories,Accessories model 111,5334.7,5,0.1,1243.08
3909,US-2021-103909,05/05/2021,05/10/2021,Standard Class,CU-10031,Customer 29,Home Office,United States,Oregon,Oregon,32574,West,FUR-CHA-3457,Furniture,Chairs,Chairs model 288,1111.46,3,0.0,-21.55
3910,US-2023-103910,10/06/2023,10/10/2023,Standard Class,CU-10713,Customer 628,Corporate,United States,Massachusetts,Massachusetts,60626,East,OFF-PAP-2527,Office Supplies,Paper,Paper model 93,907.36,9,0.0,100.71
3911,US-2022-103911,11/12/2022,11/18/2022,Standard Class,CU-10665,Customer 159,Home Office,United States,California,California,29573,West,FUR-CHA-4258,Furniture,Chairs,Chairs model 167,1620.07,3,0.1,641.69
3912,US-2024-103912,05/11/2024,05/14/2024,Standard Class,CU-10387,Customer 304,Home Office,United States,Texas,Texas,55579,Central,FUR-FUR-5297,Furniture,Furnishings,Furnishings model 246,736.96,4,0.0,221.97
3913,US-2024-103913,09/07/2024,09/14/2024,Standard Class,CU-10338,Customer 307,Corporate,United States,Ohio,Ohio,15187,Central,OFF-PAP-5636,Office Supplies,Paper,Paper model 80,343.06,3,0.1,97.06
3914,US-2021-103914,12/09/2021,12/15/2021,Standard Class,CU-10170,Customer 721,Consumer,United States,California,California,19951,West,OFF-BIN-7537,Office Supplies,Binders,Binders model 154,630.04,5,0.5,-87.1
3915,US-2021-103915,04/08/2021,04/14/2021,First Class,CU-10786,Customer 281,Consumer,United States,Ohio,Ohio,68068,Central,OFF-BIN-1356,Office Supplies,Binders,Binders model 282,122.26,6,0.0,14.6
3916,US-2023-103916,08/11/2023,08/15/2023,Second Class,CU-10632,Customer 528,Home Office,United States,Illinois,Illinois,50159,Central,OFF-STO-5066,Office Supplies,Storage,Storage model 36,717.07,6,0.0,242.7
3917,US-2023-103917,09/21/2023,09/24/2023,Standard Class,CU-10511,Customer 470,Home Office,United States,New York,New York,59255,East,TEC-COP-4821,Technology,Copiers,Copiers model 256,1307.72,2,0.0,-59.35
3918,US-2022-103918,10/12/2022,10/14/2022,Second Class,CU-10188,Customer 51,Corporate,United States,Texas,Texas,95944,Central,OFF-STO-3832,Office Supplies,Storage,Storage model 232,421.05,6,0.1,128.85
3919,US-2021-103919,04/23/2021,04/27/2021,Standard Class,CU-10438,Customer 597,Corporate,United States,California,California,71597,West,OFF-BIN-9348,Office Supplies,Binders,Binders model 295,243.72,6,0.1,5.08
3920,US-2023-103920,02/04/2023,02/10/2023,Standard Class,CU-10509,Customer 539,Home Office,United States,California,California,36051,West,OFF-STO-2945,Office Supplies,Storage,Storage model 72,689.83,7,0.0,-64.7
3921,US-2021-103921,12/15/2021,12/20/2021,Standard Class,CU-10167,Customer 594,Corporate,United States,Alabama,Alabama,77476,South,OFF-BIN-7558,Office Supplies,Binders,Binders model 107,295.04,2,0.0,72.29
3922,US-2024-103922,08/02/2024,08/08/2024,First Class,CU-10524,Customer 327,Home Office,United States,New York,New York,65336,East,OFF-LAB-4965,Office Supplies,Labels,Labels model 14,164.84,3,0.0,17.64
3923,US-2022-103923,11/30/2022,12/06/2022,Standard Class,CU-10749,Customer 116,Home Office,United States,Texas,Texas,74702,Central,OFF-ART-5455,Office Supplies,Art,Art model 180,119.67,4,0.15,-12.87
3924,US-2023-103924,04/24/2023,04/30/2023,Standard Class,CU-10085,Customer 488,Corporate,United States,Georgia,Georgia,18567,South,FUR-CHA-4254,Furniture,Chairs,Chairs model 130,2478.56,7,0.15,-115.52
3925,US-2023-103925,02/03/2023,02/06/2023,Same Day,CU-10207,Customer 197,Consumer,United States,New Jersey,New Jersey,74391,East,FUR-FUR-3279,Furniture,Furnishings,Furnishings model 111,697.49,4,0.1,139.34
3926,US-2023-103926,07/02/2023,07/03/2023,Standard Class,CU-10431,Customer 57,Home Office,United States,Michigan,Michigan,53937,Central,TEC-ACC-8688,Technology,Accessories,Accessories model 76,1114.99,1,0.0,382.54
3927,US-2023-103927,10/14/2023,10/18/2023,Second Class,CU-10144,Customer 726,Consumer,United States,Alabama,Alabama,28620,South,TEC-ACC-7415,Technology,Accessories,Accessories model 222,2995.66,6,0.4,-968.71
3928,US-2022-103928,11/18/2022,11/22/2022,First Class,CU-10257,Customer 739,Corporate,United States,Oregon,Oregon,79852,West,OFF-STO-6637,Office Supplies,Storage,Storage model 254,46.86,5,0.3,3.79
3929,US-2024-103929,06/18/2024,06/20/2024,Standard Class,CU-10781,Customer 50,Home Office,United States,Alabama,Alabama,49818,South,TEC-MAC-7993,Technology,Machines,Machines model 88,607.02,1,0.0,71.31
3930,US-2023-103930,06/13/2023,06/19/2023,Second Class,CU-10468,Customer 388,Corporate,United States,Nevada,Nevada,17284,West,OFF-LAB-8307,Office Supplies,Labels,Labels model 18,791.32,7,0.0,66.47
3931,US-2022-103931,04/19/2022,04/21/2022,Second Class,CU-10336,Customer 516,Consumer,United States,Alabama,Alabama,91635,South,OFF-LAB-3645,Office Supplies,Labels,Labels model 127,124.15,1,0.0,-2.69
3932,US-2021-103932,05/18/2021,05/19/2021,Standard Class,CU-10526,Customer 462,Corporate,United States,Texas,Texas,48140,Central,OFF-BIN-6993,Office Supplies,Binders,Binders model 108,238.04,4,0.3,-44.58
3933,US-2024-103933,05/30/2024,05/31/2024,First Class,CU-10738,Customer 410,Corporate,United States,Pennsylvania,Pennsylvania,14900,East,OFF-LAB-8410,Office Supplies,Labels,Labels model 106,197.07,7,0.1,8.34
3934,US-2023-103934,04/26/2023,04/28/2023,Second Class,CU-10747,Customer 536,Home Office,United States,Pennsylvania,Pennsylvania,80421,East,TEC-MAC-3001,Technology,Machines,Machines model 177,1144.49,1,0.1,347.78
3935,US-2021-103935,09/22/2021,09/29/2021,Standard Class,CU-10520,Customer 134,Home Office,United States,North Carolina,North Carolina,25628,South,OFF-BIN-7350,Office Supplies,Binders,Binders model 75,1136.0,8,0.15,181.44
3936,US-2024-103936,02/07/2024,02/11/2024,First Class,CU-10534,Customer 219,Corporate,United States,Ohio,Ohio,90620,Central,TEC-COP-6721,Technology,Copiers,Copiers model 297,4881.26,3,0.15,712.12
3937,US-2021-103937,09/09/2021,09/13/2021,Second Class,CU-10729,Customer 515,Consumer,United States,Oregon,Oregon,56327,West,OFF-PAP-7681,Office Supplies,Paper,Paper model 158,891.33,9,0.0,121.93
3938,US-2022-103938,09/02/2022,09/09/2022,Second Class,CU-10081,Customer 762,Consumer,United States,Ohio,Ohio,57078,Central,OFF-BIN-8601,Office Supplies,Binders,Binders model 180,154.39,9,0.1,60.85
3939,US-2024-103939,12/24/2024,12/28/2024,First Class,CU-10321,Customer 266,Corporate,United States,Massachusetts,Massachusetts,35869,East,TEC-MAC-5928,Technology,Machines,Machines model 219,4323.01,4,0.2,825.92
3940,US-2023-103940,08/05/2023,08/07/2023,Standard Class,CU-10049,Customer 644,Corporate,United States,Georgia,Georgia,31158,South,OFF-BIN-7094,Office Supplies,Binders,Binders model 221,498.93,4,0.5,19.15
3941,US-2024-103941,03/01/2024,03/02/2024,Standard Class,CU-10503,Customer 46,Home Office,United States,Massachusetts,Massachusetts,83817,East,OFF-STO-3606,Office Supplies,Storage,Storage model 193,195.14,2,0.1,62.72
3942,US-2021-103942,05/01/2021,05/02/2021,First Class,CU-10109,Customer 786,Consumer,United States,Illinois,Illinois,30154,Central,FUR-TAB-1610,Furniture,Tables,Tables model 272,2362.29,3,0.0,226.84
3943,US-2024-103943,11/02/2024,11/05/2024,Standard Class,CU-10185,Customer 633,Home Office,United States,New Jersey,New Jersey,26074,East,TEC-PHO-2994,Technology,Phones,Phones model 294,3968.96,3,0.0,241.64
3944,US-2022-103944,07/09/2022,07/14/2022,Standard Class,CU-10232,Customer 473,Corporate,United States,Oregon,Oregon,52620,West,OFF-ART-4168,Office Supplies,Art,Art model 198,120.38,2,0.0,7.63
3945,US-2024-103945,11/04/2024,11/05/2024,Standard Class,CU-10650,Customer 98,Consumer,United States,New York,New York,57414,East,OFF-PAP-7611,Office Supplies,Paper,Paper model 204,621.21,9,0.1,96.22
3946,US-2023-103946,05/19/2023,05/21/2023,Standard Class,CU-10122,Customer 317,Corporate,United States,Florida,Florida,59874,South,OFF-BIN-3960,Office Supplies,Binders,Binders model 60,29.23,1,0.2,7.41
3947,US-2024-103947,10/22/2024,10/28/2024,First Class,CU-10428,Customer 285,Home Office,United States,Illinois,Illinois,89218,Central,OFF-LAB-4337,Office Supplies,Labels,Labels model 77,345.81,5,0.1,-104.6
3948,US-2022-103948,05/02/2022,05/09/2022,First Class,CU-10082,Customer 327,Home Office,United States,Florida,Florida,42878,South,FUR-FUR-8133,Furniture,Furnishings,Furnishings model 211,478.85,4,0.2,34.32
3949,US-2023-103949,07/13/2023,07/16/2023,First Class,CU-10441,Customer 560,Consumer,United States,Michigan,Michigan,89214,Central,TEC-MAC-4894,Technology,Machines,Machines model 214,1566.63,9,0.0,328.28
3950,US-2023-103950,12/02/2023,12/09/2023,Standard Class,CU-10332,Customer 429,Corporate,United States,North Carolina,North Carolina,14191,South,OFF-LAB-6813,Office Supplies,Labels,Labels model 290,587.14,8,0.0,64.31
3951,US-2024-103951,09/21/2024,09/24/2024,First Class,CU-10692,Customer 433,Corporate,United States,Alabama,Alabama,82261,South,OFF-ART-8142,Office Supplies,Art,Art model 295,259.37,7,0.2,29.32
3952,US-2024-103952,03/15/2024,03/22/2024,Standard Class,CU-10275,Customer 374,Home Office,United States,Washington,Washington,47901,West,OFF-STO-8109,Office Supplies,Storage,Storage model 42,383.52,4,0.0,-11.44
3953,US-2021-103953,11/10/2021,11/14/2021,Second Class,CU-10030,Customer 468,Consumer,United States,Michigan,Michigan,12898,Central,FUR-BOO-2256,Furniture,Bookcases,Bookcases model 35,616.17,1,0.0,-47.03
3954,US-2022-103954,10/07/2022,10/08/2022,Second Class,CU-10188,Customer 444,Corporate,United States,Ohio,Ohio,62408,Central,OFF-BIN-1363,Office Supplies,Binders,Binders model 86,456.86,4,0.0,171.73
3955,US-2024-103955,03/26/2024,04/02/2024,First Class,CU-10235,Customer 668,Consumer,United States,Massachusetts,Massachusetts,59400,East,OFF-LAB-1317,Office Supplies,Labels,Labels model 198,448.26,9,0.0,96.78
3956,US-2021-103956,09/25/2021,09/30/2021,First Class,CU-10543,Customer 660,Home Office,United States,California,California,50918,West,OFF-BIN-5816,Office Supplies,Binders,Binders model 121,1113.43,8,0.0,469.6
3957,US-2021-103957,04/03/2021,04/05/2021,First Class,CU-10351,Customer 769,Corporate,United States,Ohio,Ohio,35212,Central,OFF-STO-9633,Office Supplies,Storage,Storage model 12,788.13,6,0.15,83.85
3958,US-2024-103958,10/24/2024,10/27/2024,Standard Class,CU-10134,Customer 51,Corporate,United States,Illinois,Illinois,33032,Central,OFF-LAB-7640,Office Supplies,Labels,Labels model 149,338.71,5,0.0,-6.65
3959,US-2022-103959,07/26/2022,07/31/2022,Second Class,CU-10374,Customer 353,Home Office,United States,Washington,Washington,13319,West,OFF-PAP-7489,Office Supplies,Paper,Paper model 64,860.81,7,0.15,437.06
3960,US-2023-103960,09/13/2023,09/17/2023,Standard Class,CU-10095,Customer 519,Home Office,United States,Illinois,Illinois,24694,Central,FUR-FUR-4512,Furniture,Furnishings,Furnishings model 32,1564.09,7,0.3,280.17
3961,US-2021-103961,12/20/2021,12/21/2021,Second Class,CU-10239,Customer 354,Corporate,United States,Illinois,Illinois,35664,Central,FUR-CHA-2950,Furniture,Chairs,Chairs model 67,5723.27,8,0.0,1732.24
3962,US-2024-103962,05/14/2024,05/19/2024,Standard Class,CU-10003,Customer 492,Consumer,United States,New Jersey,New Jersey,90865,East,OFF-ART-9769,Office Supplies,Art,Art model 89,280.13,3,0.0,63.87
3963,US-2024-103963,09/28/2024,10/05/2024,Standard Class,CU-10061,Customer 128,Consumer,United States,Nevada,Nevada,26335,West,OFF-LAB-1849,Office Supplies,Labels,Labels model 131,489.4,9,0.5,-112.44
3964,US-2024-103964,05/18/2024,05/20/2024,Standard Class,CU-10431,Customer 96,Home Office,United States,Michigan,Michigan,94065,Central,TEC-ACC-6237,Technology,Accessories,Accessories model 182,10796.06,8,0.1,-115.13
3965,US-2024-103965,01/16/2024,01/20/2024,Second Class,CU-10428,Customer 533,Corporate,United States,Nevada,Nevada,79416,West,OFF-BIN-6032,Office Supplies,Binders,Binders model 94,209.16,4,0.1,7.05
3966,US-2021-103966,05/16/2021,05/22/2021,Same Day,CU-10436,Customer 556,Consumer,United States,Massachusetts,Massachusetts,57854,East,OFF-LAB-6702,Office Supplies,Labels,Labels model 169,60.61,4,0.0,4.9
3967,US-2023-103967,08/29/2023,09/05/2023,Second Class,CU-10457,Customer 170,Consumer,United States,Nevada,Nevada,13173,West,FUR-TAB-9170,Furniture,Tables,Tables model 99,202.69,3,0.0,60.6
3968,US-2023-103968,12/22/2023,12/29/2023,Standard Class,CU-10480,Customer 118,Corporate,United States,Oregon,Oregon,65390,West,OFF-BIN-9311,Office Supplies,Binders,Binders model 68,832.51,7,0.3,-32.58
3969,US-2022-103969,01/18/2022,01/21/2022,Standard Class,CU-10678,Customer 125,Corporate,United States,New Jersey,New Jersey,84148,East,TEC-COP-3702,Technology,Copiers,Copiers model 35,2070.22,7,0.0,249.41
3970,US-2022-103970,04/24/2022,04/29/2022,Standard Class,CU-10340,Customer 625,Home Office,United States,New York,New York,33893,East,OFF-BIN-3713,Office Supplies,Binders,Binders model 239,25.37,3,0.0,10.34
3971,US-2023-103971,08/14/2023,08/18/2023,Second Class,CU-10047,Customer 118,Home Office,United States,Massachusetts,Massachusetts,55869,East,OFF-ART-3299,Office Supplies,Art,Art model 87,647.35,6,0.0,350.51
3972,US-2024-103972,10/09/2024,10/10/2024,Same Day,CU-10527,Customer 476,Consumer,United States,Ohio,Ohio,73925,Central,FUR-BOO-8169,Furniture,Bookcases,Bookcases model 231,1485.16,2,0.3,121.39
3973,US-2021-103973,05/08/2021,05/11/2021,Standard Class,CU-10375,Customer 773,Consumer,United States,Georgia,Georgia,60056,South,OFF-PAP-3648,Office Supplies,Paper,Paper model 108,60.11,7,0.1,0.98
3974,US-2024-103974,06/06/2024,06/12/2024,Standard Class,CU-10121,Customer 426,Consumer,United States,Texas,Texas,34615,Central,OFF-STO-6549,Office Supplies,Storage,Storage model 115,91.27,8,0.15,9.13
3975,US-2024-103975,11/06/2024,11/13/2024,Second Class,CU-10755,Customer 658,Corporate,United States,Washington,Washington,76129,West,FUR-FUR-1081,Furniture,Furnishings,Furnishings model 250,1793.28,9,0.0,315.91
3976,US-2022-103976,10/16/2022,10/19/2022,Second Class,CU-10516,Customer 162,Corporate,United States,Washington,Washington,41996,West,OFF-BIN-7780,Office Supplies,Binders,Binders model 180,204.84,3,0.15,17.13
3977,US-2022-103977,10/08/2022,10/14/2022,Standard Class,CU-10268,Customer 515,Corporate,United States,Ohio,Ohio,77219,Central,OFF-LAB-3465,Office Supplies,Labels,Labels model 191,994.57,8,0.2,12.18
3978,US-2023-103978,04/17/2023,04/19/2023,First Class,CU-10671,Customer 466,Consumer,United States,North Carolina,North Carolina,54001,South,OFF-LAB-6453,Office Supplies,Labels,Labels model 23,102.89,1,0.3,9.17
3979,US-2022-103979,04/01/2022,04/04/2022,Standard Class,CU-10116,Customer 395,Corporate,United States,New Jersey,New Jersey,41356,East,TEC-ACC-2891,Technology,Accessories,Accessories model 144,4201.75,3,0.1,1003.98
3980,US-2024-103980,03/31/2024,04/03/2024,Second Class,CU-10146,Customer 298,Home Office,United States,Massachusetts,Massachusetts,50523,East,OFF-LAB-8372,Office Supplies,Labels,Labels model 167,845.12,9,0.0,101.8
3981,US-2024-103981,06/19/2024,06/20/2024,Standard Class,CU-10170,Customer 163,Consumer,United States,New Jersey,New Jersey,20915,East,TEC-PHO-9318,Technology,Phones,Phones model 18,9041.77,9,0.3,1163.52
3982,US-2022-103982,01/30/2022,02/04/2022,First Class,CU-10621,Customer 436,Consumer,United States,Alabama,Alabama,66721,South,OFF-STO-4286,Office Supplies,Storage,Storage model 198,125.84,2,0.0,-13.0
3983,US-2023-103983,09/16/2023,09/22/2023,Standard Class,CU-10781,Customer 320,Corporate,United States,New Jersey,New Jersey,19221,East,OFF-STO-2728,Office Supplies,Storage,Storage model 153,95.28,2,0.15,1.49
3984,US-2023-103984,06/23/2023,06/24/2023,Standard Class,CU-10219,Customer 139,Home Office,United States,Texas,Texas,35973,Central,TEC-MAC-6667,Technology,Machines,Machines model 266,3324.47,2,0.15,558.86
3985,US-2021-103985,02/28/2021,03/07/2021,Standard Class,CU-10359,Customer 633,Home Office,United States,New York,New York,40168,East,OFF-STO-7354,Office Supplies,Storage,Storage model 157,718.97,8,0.0,209.32
3986,US-2023-103986,05/09/2023,05/11/2023,First Class,CU-10797,Customer 497,Corporate,United States,Michigan,Michigan,77673,Central,TEC-MAC-7750,Technology,Machines,Machines model 262,1171.04,1,0.0,213.37
3987,US-2021-103987,10/29/2021,11/05/2021,First Class,CU-10509,Customer 499,Home Office,United States,Texas,Texas,49648,Central,TEC-COP-3562,Technology,Copiers,Copiers model 88,1630.81,2,0.4,333.39
3988,US-2023-103988,07/08/2023,07/14/2023,Second Class,CU-10315,Customer 117,Corporate,United States,Michigan,Michigan,54330,Central,FUR-TAB-4814,Furniture,Tables,Tables model 229,3240.77,5,0.0,1104.08
3989,US-2022-103989,08/16/2022,08/22/2022,Standard Class,CU-10068,Customer 610,Corporate,United States,Michigan,Michigan,51655,Central,TEC-PHO-2743,Technology,Phones,Phones model 163,5065.15,6,0.1,-1305.45
3990,US-2023-103990,09/02/2023,09/06/2023,Standard Class,CU-10379,Customer 503,Home Office,United States,Oregon,Oregon,63451,West,FUR-BOO-1039,Furniture,Bookcases,Bookcases model 184,2021.86,4,0.15,23.32
3991,US-2024-103991,09/30/2024,10/07/2024,Standard Class,CU-10757,Customer 30,Consumer,United States,New Jersey,New Jersey,41449,East,OFF-LAB-1954,Office Supplies,Labels,Labels model 206,338.59,3,0.5,-28.13
3992,US-2021-103992,05/18/2021,05/22/2021,Standard Class,CU-10302,Customer 594,Corporate,United States,Washington,Washington,32878,West,OFF-ART-4064,Office Supplies,Art,Art model 109,251.7,3,0.3,63.27
3993,US-2024-103993,02/15/2024,02/17/2024,Standard Class,CU-10268,Customer 41,Home Office,United States,Oregon,Oregon,92429,West,TEC-PHO-9483,Technology,Phones,Phones model 161,713.26,1,0.2,25.19
3994,US-2021-103994,05/20/2021,05/25/2021,Standard Class,CU-10326,Customer 327,Home Office,United States,Pennsylvania,Pennsylvania,69996,East,TEC-COP-8027,Technology,Copiers,Copiers model 198,9162.71,9,0.15,1911.27
3995,US-2024-103995,07/03/2024,07/04/2024,First Class,CU-10649,Customer 564,Corporate,United States,New Jersey,New Jersey,83288,East,TEC-COP-7597,Technology,Copiers,Copiers model 52,9516.04,9,0.15,1767.87
3996,US-2021-103996,07/15/2021,07/16/2021,Standard Class,CU-10516,Customer 700,Consumer,United States,Florida,Florida,45743,South,TEC-PHO-9831,Technology,Phones,Phones model 55,432.45,1,0.3,45.93
3997,US-2023-103997,06/25/2023,06/27/2023,Second Class,CU-10501,Customer 250,Home Office,United States,Illinois,Illinois,43463,Central,OFF-PAP-8872,Office Supplies,Paper,Paper model 168,138.57,5,0.15,-41.76
3998,US-2024-103998,01/10/2024,01/12/2024,Standard Class,CU-10751,Customer 48,Home Office,United States,Ohio,Ohio,38868,Central,OFF-PAP-2287,Office Supplies,Paper,Paper model 219,399.68,3,0.15,63.36
3999,US-2023-103999,10/06/2023,10/11/2023,Standard Class,CU-10393,Customer 757,Home Office,United States,Oregon,Oregon,57905,West,OFF-STO-4266,Office Supplies,Storage,Storage model 66,98.09,7,0.1,14.64
4000,US-2023-104000,05/15/2023,05/17/2023,Second Class,CU-10688,Customer 230,Corporate,United States,Georgia,Georgia,82679,South,OFF-PAP-2654,Office Supplies,Paper,Paper model 211,365.41,5,0.1,11.03
